word,period,window,neighbour,n_states,of_states,mean_similarity
accountant,1995,1995–04,banker,2,4,0.5275296419858932
accountant,1995,1995–04,certified,2,4,0.597608894109726
accountant,1995,1995–04,accounting,2,4,0.520911455154419
accountant,1995,1995–04,patrice,1,4,0.558371365070343
accountant,1995,1995–04,hans,1,4,0.5096514821052551
accountant,1995,1995–04,beneficiary,1,4,0.5077956914901733
accountant,1995,1995–04,securities,1,4,0.48071229457855225
accountant,1995,1995–04,realty,1,4,0.47141575813293457
accountant,1995,1995–04,partnerships,1,4,0.47056257724761963
accountant,1995,1995–04,russavage,1,4,0.47015148401260376
accountant,1995,1995–04,liu,1,4,0.46895158290863037
accountant,1995,1995–04,controller,1,4,0.4670846164226532
accountant,1995,1995–04,transactions,1,4,0.4669160544872284
accountant,1995,1995–04,fundraisers,1,4,0.4614136815071106
accountant,1995,1995–04,irs,1,4,0.4594419300556183
accountant,1995,1995–04,pension,1,4,0.4583236575126648
accountant,1995,1995–04,schortman,1,4,0.45601728558540344
accountant,1995,1995–04,cpa,1,4,0.5837801098823547
accountant,1995,1995–04,advisor,1,4,0.5239432454109192
accountant,1995,1995–04,ceos,1,4,0.5168289542198181
accountant,1995,1995–04,paetec,1,4,0.5165477991104126
accountant,1995,1995–04,futerman,1,4,0.5145053863525391
accountant,1995,1995–04,secretaries,1,4,0.512363851070404
accountant,1995,1995–04,advisors,1,4,0.5091487169265747
accountant,1995,1995–04,mellon,1,4,0.4888576567173004
accountant,1995,1995–04,independently,1,4,0.4875059723854065
accountant,1995,1995–04,philanthropist,1,4,0.4849347472190857
accountant,1995,1995–04,mba,1,4,0.48020291328430176
accountant,1995,1995–04,specializing,1,4,0.474878191947937
accountant,1995,1995–04,oversaw,1,4,0.4747470021247864
accountant,1995,1995–04,initiatives,1,4,0.4733089208602905
accountant,1995,1995–04,rollie,1,4,0.5310219526290894
accountant,1995,1995–04,clerk,1,4,0.5207901000976562
accountant,1995,1995–04,salesman,1,4,0.5111220479011536
accountant,1995,1995–04,braintree,1,4,0.5094695687294006
accountant,1995,1995–04,roche,1,4,0.5001070499420166
accountant,1995,1995–04,colonel,1,4,0.4973832666873932
accountant,1995,1995–04,picard,1,4,0.4911710321903229
accountant,1995,1995–04,broker,1,4,0.48712676763534546
accountant,1995,1995–04,collector,1,4,0.48613712191581726
accountant,1995,1995–04,communicant,1,4,0.4830962121486664
accountant,1995,1995–04,blames,1,4,0.4763164818286896
accountant,1995,1995–04,plaintiffs,1,4,0.473620742559433
accountant,1995,1995–04,blackinton,1,4,0.4724586606025696
accountant,1995,1995–04,defender,1,4,0.5612937808036804
accountant,1995,1995–04,mese,1,4,0.5573785901069641
accountant,1995,1995–04,rosenberg,1,4,0.545318067073822
accountant,1995,1995–04,groner,1,4,0.528239905834198
accountant,1995,1995–04,adrian,1,4,0.5258656740188599
accountant,1995,1995–04,florescue,1,4,0.5209479928016663
accountant,1995,1995–04,associates,1,4,0.5191080570220947
accountant,1995,1995–04,jorge,1,4,0.5118374824523926
accountant,1995,1995–04,angered,1,4,0.5116162300109863
accountant,1995,1995–04,cesar,1,4,0.5108345746994019
accountant,1995,1995–04,rosen,1,4,0.5058039426803589
accountant,1995,1995–04,greenberg,1,4,0.5026512742042542
accountant,1995,1995–04,givens,1,4,0.5013756155967712
attendant,1995,1995–04,flight,3,3,0.5134164790312449
attendant,1995,1995–04,dispatcher,2,3,0.4913385361433029
attendant,1995,1995–04,cockpit,2,3,0.47517117857933044
attendant,1995,1995–04,hijacked,2,3,0.47404125332832336
attendant,1995,1995–04,cue,1,3,0.42133864760398865
attendant,1995,1995–04,rang,1,3,0.4201553761959076
attendant,1995,1995–04,chopper,1,3,0.41860562562942505
attendant,1995,1995–04,marian,1,3,0.41398683190345764
attendant,1995,1995–04,loretta,1,3,0.4044944643974304
attendant,1995,1995–04,sanjay,1,3,0.40244147181510925
attendant,1995,1995–04,banged,1,3,0.4012787640094757
attendant,1995,1995–04,sitter,1,3,0.40042227506637573
attendant,1995,1995–04,gartenberg,1,3,0.39996573328971863
attendant,1995,1995–04,rios,1,3,0.398313045501709
attendant,1995,1995–04,overheard,1,3,0.3970538377761841
attendant,1995,1995–04,airlines,1,3,0.5500115752220154
attendant,1995,1995–04,frantically,1,3,0.5472466945648193
attendant,1995,1995–04,logan,1,3,0.541346549987793
attendant,1995,1995–04,takeoff,1,3,0.510322630405426
attendant,1995,1995–04,paramedics,1,3,0.5040267705917358
attendant,1995,1995–04,passengers,1,3,0.5029885768890381
attendant,1995,1995–04,plowed,1,3,0.4997926652431488
attendant,1995,1995–04,downed,1,3,0.49706655740737915
attendant,1995,1995–04,airliner,1,3,0.49259448051452637
attendant,1995,1995–04,airline,1,3,0.4822406470775604
attendant,1995,1995–04,cargo,1,3,0.48104873299598694
attendant,1995,1995–04,bomb,1,3,0.5807047486305237
attendant,1995,1995–04,flown,1,3,0.5653514266014099
attendant,1995,1995–04,doomed,1,3,0.5434688925743103
attendant,1995,1995–04,pentagon,1,3,0.5351295471191406
attendant,1995,1995–04,ambulance,1,3,0.5299240350723267
attendant,1995,1995–04,airplane,1,3,0.5293542146682739
attendant,1995,1995–04,mia,1,3,0.5245378017425537
attendant,1995,1995–04,astronaut,1,3,0.5228223204612732
attendant,1995,1995–04,brussels,1,3,0.5217013955116272
attendant,1995,1995–04,runway,1,3,0.5192289352416992
attendant,1995,1995–04,venezuela,1,3,0.5096960663795471
attendant,1995,1995–04,scare,1,3,0.5085047483444214
attendant,1995,1995–04,atta,1,3,0.5051476359367371
attendant,1995,1995–04,israeli,1,3,0.5021631121635437
attorney,1995,1995–04,prosecutor,5,5,0.5720780491828918
attorney,1995,1995–04,lawyer,4,5,0.5544422268867493
attorney,1995,1995–04,lawyers,4,5,0.5701353400945663
attorney,1995,1995–04,prosecuting,2,5,0.6021712124347687
attorney,1995,1995–04,prosecuted,2,5,0.5561937987804413
attorney,1995,1995–04,defendants,2,5,0.5475667119026184
attorney,1995,1995–04,immunity,2,5,0.5500775873661041
attorney,1995,1995–04,plaintiffs,2,5,0.5578920841217041
attorney,1995,1995–04,district,2,5,0.5390282571315765
attorney,1995,1995–04,proceedings,2,5,0.5508933067321777
attorney,1995,1995–04,wrongdoing,2,5,0.553113579750061
attorney,1995,1995–04,atty,1,5,0.572186291217804
attorney,1995,1995–04,testa,1,5,0.5655346512794495
attorney,1995,1995–04,melamed,1,5,0.554931104183197
attorney,1995,1995–04,counsel,1,5,0.5426394939422607
attorney,1995,1995–04,malpractice,1,5,0.5394825339317322
attorney,1995,1995–04,brocchini,1,5,0.5306309461593628
attorney,1995,1995–04,geragos,1,5,0.5242369771003723
attorney,1995,1995–04,deputy,1,5,0.5233500003814697
attorney,1995,1995–04,cerio,1,5,0.6415199041366577
attorney,1995,1995–04,bianco,1,5,0.5953823924064636
attorney,1995,1995–04,tendy,1,5,0.5834753513336182
attorney,1995,1995–04,remanded,1,5,0.5462779998779297
attorney,1995,1995–04,morgenthau,1,5,0.546183168888092
attorney,1995,1995–04,aldridge,1,5,0.509110689163208
attorney,1995,1995–04,indictments,1,5,0.5088728666305542
attorney,1995,1995–04,llp,1,5,0.5065504312515259
attorney,1995,1995–04,distefano,1,5,0.5027964115142822
attorney,1995,1995–04,appeals,1,5,0.6480111479759216
attorney,1995,1995–04,prosecutors,1,5,0.6189600229263306
attorney,1995,1995–04,bray,1,5,0.6162610054016113
attorney,1995,1995–04,prosecution,1,5,0.6102868318557739
attorney,1995,1995–04,pfaff,1,5,0.596864640712738
attorney,1995,1995–04,ruled,1,5,0.5800191164016724
attorney,1995,1995–04,departure,1,5,0.5706624388694763
attorney,1995,1995–04,objections,1,5,0.564312219619751
attorney,1995,1995–04,verdict,1,5,0.5635495185852051
attorney,1995,1995–04,blom,1,5,0.5624507665634155
attorney,1995,1995–04,indictment,1,5,0.5582024455070496
attorney,1995,1995–04,conte,1,5,0.6138388514518738
attorney,1995,1995–04,keating,1,5,0.5937631726264954
attorney,1995,1995–04,essex,1,5,0.5800080895423889
attorney,1995,1995–04,homans,1,5,0.5660244226455688
attorney,1995,1995–04,reilly,1,5,0.5594013929367065
attorney,1995,1995–04,middlesex,1,5,0.543009877204895
attorney,1995,1995–04,bornstein,1,5,0.542503297328949
attorney,1995,1995–04,dunfey,1,5,0.5396670699119568
attorney,1995,1995–04,mccumber,1,5,0.5786541700363159
attorney,1995,1995–04,alleging,1,5,0.5649344325065613
attorney,1995,1995–04,plaintiff,1,5,0.5647972822189331
attorney,1995,1995–04,deposition,1,5,0.5604507327079773
attorney,1995,1995–04,auditor,1,5,0.5570745468139648
attorney,1995,1995–04,testify,1,5,0.5544670224189758
attorney,1995,1995–04,eeoc,1,5,0.5507258176803589
attorney,1995,1995–04,musolino,1,5,0.5413768291473389
attorney,1995,1995–04,litigation,1,5,0.5393849611282349
attorney,1995,1995–04,hirsch,1,5,0.5382078289985657
author,1995,1995–04,authored,2,5,0.5399502515792847
author,1995,1995–04,novelist,2,5,0.5467842519283295
author,1995,1995–04,fiction,2,5,0.5551244616508484
author,1995,1995–04,novels,2,5,0.5808103978633881
author,1995,1995–04,biostatistics,1,5,0.5610058903694153
author,1995,1995–04,postdoctoral,1,5,0.5490555167198181
author,1995,1995–04,prusiner,1,5,0.5397665500640869
author,1995,1995–04,epidemiology,1,5,0.537712812423706
author,1995,1995–04,phd,1,5,0.5357298851013184
author,1995,1995–04,neurology,1,5,0.5201169848442078
author,1995,1995–04,rn,1,5,0.5129590034484863
author,1995,1995–04,neurodegenerative,1,5,0.4906400144100189
author,1995,1995–04,md,1,5,0.48408111929893494
author,1995,1995–04,anatomy,1,5,0.47734713554382324
author,1995,1995–04,lecturer,1,5,0.4740166962146759
author,1995,1995–04,physiological,1,5,0.4579055607318878
author,1995,1995–04,adjunct,1,5,0.45410850644111633
author,1995,1995–04,conclude,1,5,0.45204266905784607
author,1995,1995–04,nonfiction,1,5,0.5539179444313049
author,1995,1995–04,hustvedt,1,5,0.5410335063934326
author,1995,1995–04,novelists,1,5,0.5373913049697876
author,1995,1995–04,talese,1,5,0.5282439589500427
author,1995,1995–04,grama,1,5,0.5133355259895325
author,1995,1995–04,essays,1,5,0.5072590708732605
author,1995,1995–04,memoirs,1,5,0.5048168897628784
author,1995,1995–04,paperback,1,5,0.5045050978660583
author,1995,1995–04,doubleday,1,5,0.5027070641517639
author,1995,1995–04,feminist,1,5,0.5013597011566162
author,1995,1995–04,histories,1,5,0.49734753370285034
author,1995,1995–04,expresses,1,5,0.4939640760421753
author,1995,1995–04,manuscripts,1,5,0.4938298165798187
author,1995,1995–04,esquire,1,5,0.49159812927246094
author,1995,1995–04,styles,1,5,0.631036639213562
author,1995,1995–04,blog,1,5,0.6154032945632935
author,1995,1995–04,paragraph,1,5,0.6121811270713806
author,1995,1995–04,historian,1,5,0.5705602169036865
author,1995,1995–04,tracking,1,5,0.5677369832992554
author,1995,1995–04,byline,1,5,0.5613148212432861
author,1995,1995–04,legends,1,5,0.5542872548103333
author,1995,1995–04,fitzgerald,1,5,0.5470782518386841
author,1995,1995–04,braver,1,5,0.5449983477592468
author,1995,1995–04,themes,1,5,0.5448333621025085
author,1995,1995–04,writes,1,5,0.5367243885993958
author,1995,1995–04,depalma,1,5,0.5360720753669739
author,1995,1995–04,editing,1,5,0.5342527031898499
author,1995,1995–04,porter,1,5,0.5263937711715698
author,1995,1995–04,html,1,5,0.5260605812072754
author,1995,1995–04,biography,1,5,0.5654162168502808
author,1995,1995–04,screenplay,1,5,0.5646661520004272
author,1995,1995–04,spielberg,1,5,0.5576096177101135
author,1995,1995–04,livingston,1,5,0.5536453127861023
author,1995,1995–04,edited,1,5,0.5523799061775208
author,1995,1995–04,writings,1,5,0.5481997728347778
author,1995,1995–04,origin,1,5,0.5372340679168701
author,1995,1995–04,translation,1,5,0.5368678569793701
author,1995,1995–04,gilligan,1,5,0.5361577272415161
author,1995,1995–04,scholarly,1,5,0.5317995548248291
author,1995,1995–04,houghton,1,5,0.5317899584770203
author,1995,1995–04,poet,1,5,0.530384361743927
author,1995,1995–04,woodson,1,5,0.6078482270240784
author,1995,1995–04,books,1,5,0.5895816683769226
author,1995,1995–04,recipes,1,5,0.5732017159461975
author,1995,1995–04,essay,1,5,0.5671573281288147
author,1995,1995–04,literature,1,5,0.5663691759109497
author,1995,1995–04,publications,1,5,0.5640573501586914
author,1995,1995–04,handler,1,5,0.5635627508163452
author,1995,1995–04,fascinating,1,5,0.5602744817733765
author,1995,1995–04,memoir,1,5,0.5589707493782043
author,1995,1995–04,architecture,1,5,0.5423803925514221
author,1995,1995–04,kinnan,1,5,0.542151927947998
author,1995,1995–04,tags,1,5,0.539382815361023
baby,1995,1995–04,infant,3,5,0.49180437127749127
baby,1995,1995–04,infants,3,5,0.5112558305263519
baby,1995,1995–04,newborn,2,5,0.5510450899600983
baby,1995,1995–04,pregnant,2,5,0.5103262364864349
baby,1995,1995–04,twins,2,5,0.5112232267856598
baby,1995,1995–04,rae,1,5,0.5491459965705872
baby,1995,1995–04,toddlers,1,5,0.5031604170799255
baby,1995,1995–04,sitter,1,5,0.5027899742126465
baby,1995,1995–04,calves,1,5,0.4675932228565216
baby,1995,1995–04,celaya,1,5,0.45584815740585327
baby,1995,1995–04,kissed,1,5,0.4537975490093231
baby,1995,1995–04,toddler,1,5,0.4516291916370392
baby,1995,1995–04,bruised,1,5,0.44765380024909973
baby,1995,1995–04,remarried,1,5,0.44478660821914673
baby,1995,1995–04,console,1,5,0.4401962459087372
baby,1995,1995–04,battered,1,5,0.43519872426986694
baby,1995,1995–04,odell,1,5,0.5026264190673828
baby,1995,1995–04,puppies,1,5,0.48372334241867065
baby,1995,1995–04,child,1,5,0.4580027461051941
baby,1995,1995–04,carbon,1,5,0.4334779679775238
baby,1995,1995–04,jars,1,5,0.42895543575286865
baby,1995,1995–04,ounce,1,5,0.42829203605651855
baby,1995,1995–04,lenore,1,5,0.4250832796096802
baby,1995,1995–04,needle,1,5,0.41939687728881836
baby,1995,1995–04,starved,1,5,0.4154576361179352
baby,1995,1995–04,addicted,1,5,0.41478651762008667
baby,1995,1995–04,dumpster,1,5,0.4109850525856018
baby,1995,1995–04,nightmares,1,5,0.40808752179145813
baby,1995,1995–04,stomach,1,5,0.5360727906227112
baby,1995,1995–04,laughs,1,5,0.53400057554245
baby,1995,1995–04,desperate,1,5,0.5319809317588806
baby,1995,1995–04,crying,1,5,0.5211526155471802
baby,1995,1995–04,precious,1,5,0.5178264379501343
baby,1995,1995–04,diagnosis,1,5,0.5171449184417725
baby,1995,1995–04,gladys,1,5,0.5160443186759949
baby,1995,1995–04,teenage,1,5,0.5110856890678406
baby,1995,1995–04,mothers,1,5,0.5071532726287842
baby,1995,1995–04,horror,1,5,0.5046441555023193
baby,1995,1995–04,doll,1,5,0.5045654773712158
baby,1995,1995–04,gentle,1,5,0.5001827478408813
baby,1995,1995–04,mom,1,5,0.49753373861312866
baby,1995,1995–04,schwantke,1,5,0.49022531509399414
baby,1995,1995–04,adoption,1,5,0.517922580242157
baby,1995,1995–04,spock,1,5,0.5035613179206848
baby,1995,1995–04,cries,1,5,0.5022605061531067
baby,1995,1995–04,adopting,1,5,0.48774006962776184
baby,1995,1995–04,adopt,1,5,0.487407922744751
baby,1995,1995–04,elephant,1,5,0.45690202713012695
baby,1995,1995–04,syndrome,1,5,0.45248785614967346
baby,1995,1995–04,cry,1,5,0.4512532353401184
baby,1995,1995–04,daddy,1,5,0.43693727254867554
baby,1995,1995–04,biracial,1,5,0.43619483709335327
baby,1995,1995–04,mouths,1,5,0.4361824095249176
baby,1995,1995–04,children,1,5,0.43500781059265137
baby,1995,1995–04,boomers,1,5,0.6301640868186951
baby,1995,1995–04,niece,1,5,0.5473226308822632
baby,1995,1995–04,coppertone,1,5,0.5461387038230896
baby,1995,1995–04,moms,1,5,0.5211272835731506
baby,1995,1995–04,casper,1,5,0.5190783143043518
baby,1995,1995–04,steffi,1,5,0.5168482065200806
baby,1995,1995–04,maya,1,5,0.5156088471412659
baby,1995,1995–04,princess,1,5,0.5142937898635864
baby,1995,1995–04,cared,1,5,0.5009638071060181
baby,1995,1995–04,birth,1,5,0.49951350688934326
baby,1995,1995–04,nanny,1,5,0.49050891399383545
baby,1995,1995–04,cuevas,1,5,0.4885992705821991
baby,1995,1995–04,therapist,1,5,0.4866349995136261
baby,1995,1995–04,marry,1,5,0.4814293384552002
biologist,1995,1995–04,wildlife,3,3,0.5574944019317627
biologist,1995,1995–04,fisheries,2,3,0.6460765302181244
biologist,1995,1995–04,mammals,1,3,0.6097508668899536
biologist,1995,1995–04,ecology,1,3,0.598023533821106
biologist,1995,1995–04,birder,1,3,0.5921362638473511
biologist,1995,1995–04,bauder,1,3,0.5884867310523987
biologist,1995,1995–04,evolutionary,1,3,0.5836707949638367
biologist,1995,1995–04,anthropology,1,3,0.5798571109771729
biologist,1995,1995–04,neurology,1,3,0.5786673426628113
biologist,1995,1995–04,biodiversity,1,3,0.571253776550293
biologist,1995,1995–04,biology,1,3,0.5637952089309692
biologist,1995,1995–04,habitats,1,3,0.5561140775680542
biologist,1995,1995–04,reproductive,1,3,0.5490001440048218
biologist,1995,1995–04,emeritus,1,3,0.5454038381576538
biologist,1995,1995–04,neurodegenerative,1,3,0.5361436009407043
biologist,1995,1995–04,researcher,1,3,0.5581220984458923
biologist,1995,1995–04,giribet,1,3,0.556292712688446
biologist,1995,1995–04,phillip,1,3,0.5478717088699341
biologist,1995,1995–04,dissertation,1,3,0.5334206819534302
biologist,1995,1995–04,skomal,1,3,0.5327595472335815
biologist,1995,1995–04,commissioned,1,3,0.5270408987998962
biologist,1995,1995–04,johnston,1,3,0.5179573893547058
biologist,1995,1995–04,berkeley,1,3,0.517235279083252
biologist,1995,1995–04,mayhew,1,3,0.5143018960952759
biologist,1995,1995–04,intrigued,1,3,0.5081672668457031
biologist,1995,1995–04,conservancy,1,3,0.5026817321777344
biologist,1995,1995–04,wisconsin,1,3,0.5012551546096802
biologist,1995,1995–04,searle,1,3,0.4987366199493408
biologist,1995,1995–04,scientist,1,3,0.6159135103225708
biologist,1995,1995–04,conservation,1,3,0.6100406646728516
biologist,1995,1995–04,burgess,1,3,0.6085612177848816
biologist,1995,1995–04,python,1,3,0.5822462439537048
biologist,1995,1995–04,aquarium,1,3,0.5347252488136292
biologist,1995,1995–04,manatees,1,3,0.5328148603439331
biologist,1995,1995–04,fakahatchee,1,3,0.529875636100769
biologist,1995,1995–04,marine,1,3,0.5296861529350281
biologist,1995,1995–04,panther,1,3,0.5273231863975525
biologist,1995,1995–04,capt,1,3,0.5267258286476135
biologist,1995,1995–04,crofton,1,3,0.522138774394989
biologist,1995,1995–04,snook,1,3,0.5200886130332947
biologist,1995,1995–04,owen,1,3,0.5189208984375
biologist,1995,1995–04,shallow,1,3,0.5112738013267517
broker,1995,1995–04,estate,4,4,0.5740897879004478
broker,1995,1995–04,realty,4,4,0.6052970886230469
broker,1995,1995–04,transactions,3,4,0.539587398370107
broker,1995,1995–04,mortgage,2,4,0.5761121809482574
broker,1995,1995–04,investor,2,4,0.5819030702114105
broker,1995,1995–04,buyer,2,4,0.5185753405094147
broker,1995,1995–04,transaction,2,4,0.5720267295837402
broker,1995,1995–04,securities,1,4,0.5572218894958496
broker,1995,1995–04,altamura,1,4,0.5470266342163086
broker,1995,1995–04,dealings,1,4,0.545049250125885
broker,1995,1995–04,bumbs,1,4,0.5380135178565979
broker,1995,1995–04,holdings,1,4,0.5237101316452026
broker,1995,1995–04,portfolio,1,4,0.5212934017181396
broker,1995,1995–04,tarczynski,1,4,0.5175132155418396
broker,1995,1995–04,garitta,1,4,0.51174396276474
broker,1995,1995–04,corcoran,1,4,0.565182626247406
broker,1995,1995–04,sotheby,1,4,0.541534960269928
broker,1995,1995–04,gilder,1,4,0.5275532603263855
broker,1995,1995–04,triplex,1,4,0.5164337754249573
broker,1995,1995–04,karan,1,4,0.5084789395332336
broker,1995,1995–04,rents,1,4,0.4861111342906952
broker,1995,1995–04,condo,1,4,0.4845150113105774
broker,1995,1995–04,buyers,1,4,0.4767315685749054
broker,1995,1995–04,leasing,1,4,0.4712928533554077
broker,1995,1995–04,landlords,1,4,0.4708859324455261
broker,1995,1995–04,kozlowski,1,4,0.45866280794143677
broker,1995,1995–04,rollie,1,4,0.618965744972229
broker,1995,1995–04,marina,1,4,0.6035321950912476
broker,1995,1995–04,lorusso,1,4,0.6011193990707397
broker,1995,1995–04,salesman,1,4,0.5805618166923523
broker,1995,1995–04,harborside,1,4,0.570997953414917
broker,1995,1995–04,wallace,1,4,0.5652656555175781
broker,1995,1995–04,swanson,1,4,0.5592623949050903
broker,1995,1995–04,ewing,1,4,0.5549779534339905
broker,1995,1995–04,businessman,1,4,0.5534425973892212
broker,1995,1995–04,wallaces,1,4,0.549150824546814
broker,1995,1995–04,baratta,1,4,0.5397836565971375
broker,1995,1995–04,scudder,1,4,0.5382387042045593
broker,1995,1995–04,realtors,1,4,0.6450999975204468
broker,1995,1995–04,listing,1,4,0.6412152051925659
broker,1995,1995–04,realtor,1,4,0.6288008093833923
broker,1995,1995–04,brokerage,1,4,0.6279801726341248
broker,1995,1995–04,investments,1,4,0.6226561069488525
broker,1995,1995–04,splits,1,4,0.6125039458274841
broker,1995,1995–04,banker,1,4,0.6111228466033936
broker,1995,1995–04,disclose,1,4,0.6067323684692383
broker,1995,1995–04,auditor,1,4,0.5969299077987671
broker,1995,1995–04,loans,1,4,0.5800595283508301
chef,1995,1995–04,cooks,3,4,0.5406316121419271
chef,1995,1995–04,cuisine,3,4,0.5537177522977194
chef,1995,1995–04,seafood,2,4,0.5627676844596863
chef,1995,1995–04,salads,2,4,0.5655489861965179
chef,1995,1995–04,sushi,2,4,0.5676569938659668
chef,1995,1995–04,spicy,2,4,0.5439226031303406
chef,1995,1995–04,eatery,2,4,0.5325691998004913
chef,1995,1995–04,sandwiches,2,4,0.5424166023731232
chef,1995,1995–04,recipe,2,4,0.5232447981834412
chef,1995,1995–04,menu,2,4,0.5234802067279816
chef,1995,1995–04,gourmet,1,4,0.6271085739135742
chef,1995,1995–04,flavors,1,4,0.6008762717247009
chef,1995,1995–04,dishes,1,4,0.5962316989898682
chef,1995,1995–04,noodles,1,4,0.5801348090171814
chef,1995,1995–04,culinary,1,4,0.5777266621589661
chef,1995,1995–04,steaks,1,4,0.5689425468444824
chef,1995,1995–04,diners,1,4,0.5630901455879211
chef,1995,1995–04,mashed,1,4,0.5602919459342957
chef,1995,1995–04,ingredients,1,4,0.559768557548523
chef,1995,1995–04,bistro,1,4,0.6202318668365479
chef,1995,1995–04,waiters,1,4,0.5683737397193909
chef,1995,1995–04,tuscan,1,4,0.5656223297119141
chef,1995,1995–04,bouley,1,4,0.5315999388694763
chef,1995,1995–04,dish,1,4,0.5221238732337952
chef,1995,1995–04,caviar,1,4,0.5220769643783569
chef,1995,1995–04,veal,1,4,0.5215919613838196
chef,1995,1995–04,tasty,1,4,0.5214671492576599
chef,1995,1995–04,platter,1,4,0.5209996700286865
chef,1995,1995–04,burger,1,4,0.5858506560325623
chef,1995,1995–04,butcher,1,4,0.5333832502365112
chef,1995,1995–04,schultz,1,4,0.5252512693405151
chef,1995,1995–04,cheese,1,4,0.5190717577934265
chef,1995,1995–04,chew,1,4,0.5143272876739502
chef,1995,1995–04,sauce,1,4,0.5131768584251404
chef,1995,1995–04,chicken,1,4,0.5108992457389832
chef,1995,1995–04,butter,1,4,0.5049556493759155
chef,1995,1995–04,beef,1,4,0.49909377098083496
chef,1995,1995–04,snack,1,4,0.4978162348270416
chef,1995,1995–04,honey,1,4,0.4973459839820862
chef,1995,1995–04,fried,1,4,0.49571090936660767
chef,1995,1995–04,sandwich,1,4,0.5573402643203735
chef,1995,1995–04,hamburger,1,4,0.5151717662811279
chef,1995,1995–04,yum,1,4,0.5118893384933472
chef,1995,1995–04,tastes,1,4,0.5109915137290955
chef,1995,1995–04,waiter,1,4,0.49681714177131653
chef,1995,1995–04,sidney,1,4,0.49521559476852417
chef,1995,1995–04,kitchens,1,4,0.49340128898620605
chef,1995,1995–04,baked,1,4,0.4912756085395813
cleaning,1995,1995–04,washing,4,5,0.5289231836795807
cleaning,1995,1995–04,piles,2,5,0.47221656143665314
cleaning,1995,1995–04,drain,2,5,0.47387972474098206
cleaning,1995,1995–04,loading,2,5,0.4168141633272171
cleaning,1995,1995–04,maintenance,2,5,0.4668715000152588
cleaning,1995,1995–04,kitchen,2,5,0.44852951169013977
cleaning,1995,1995–04,laundry,2,5,0.4623950123786926
cleaning,1995,1995–04,sink,2,5,0.5356345772743225
cleaning,1995,1995–04,equipped,2,5,0.5306681990623474
cleaning,1995,1995–04,surfaces,2,5,0.5354784429073334
cleaning,1995,1995–04,installing,2,5,0.536043643951416
cleaning,1995,1995–04,toilets,1,5,0.5052992701530457
cleaning,1995,1995–04,appliances,1,5,0.5046054124832153
cleaning,1995,1995–04,towels,1,5,0.48702526092529297
cleaning,1995,1995–04,fixing,1,5,0.4864550530910492
cleaning,1995,1995–04,remodeling,1,5,0.4770810902118683
cleaning,1995,1995–04,cleaned,1,5,0.4730740189552307
cleaning,1995,1995–04,manure,1,5,0.4662650227546692
cleaning,1995,1995–04,sewing,1,5,0.46422508358955383
cleaning,1995,1995–04,barges,1,5,0.449123352766037
cleaning,1995,1995–04,hides,1,5,0.44600799679756165
cleaning,1995,1995–04,cabinets,1,5,0.44312530755996704
cleaning,1995,1995–04,cleaner,1,5,0.40477532148361206
cleaning,1995,1995–04,fumes,1,5,0.40078386664390564
cleaning,1995,1995–04,navigate,1,5,0.39250537753105164
cleaning,1995,1995–04,technicians,1,5,0.3880782425403595
cleaning,1995,1995–04,stove,1,5,0.3869710862636566
cleaning,1995,1995–04,inspected,1,5,0.3862306475639343
cleaning,1995,1995–04,asbestos,1,5,0.385971337556839
cleaning,1995,1995–04,shuttered,1,5,0.3833133578300476
cleaning,1995,1995–04,weeds,1,5,0.3823322653770447
cleaning,1995,1995–04,charred,1,5,0.37566077709198
cleaning,1995,1995–04,repairs,1,5,0.5253069996833801
cleaning,1995,1995–04,tired,1,5,0.5210539102554321
cleaning,1995,1995–04,laying,1,5,0.5195061564445496
cleaning,1995,1995–04,beds,1,5,0.5189251899719238
cleaning,1995,1995–04,flexible,1,5,0.513902485370636
cleaning,1995,1995–04,plastic,1,5,0.5097513198852539
cleaning,1995,1995–04,aluminum,1,5,0.5064023733139038
cleaning,1995,1995–04,baked,1,5,0.5052639842033386
cleaning,1995,1995–04,cleaners,1,5,0.5957332849502563
cleaning,1995,1995–04,spray,1,5,0.5499714016914368
cleaning,1995,1995–04,baking,1,5,0.5371772050857544
cleaning,1995,1995–04,functional,1,5,0.5227352380752563
cleaning,1995,1995–04,thoroughly,1,5,0.514050304889679
cleaning,1995,1995–04,cookies,1,5,0.513375997543335
cleaning,1995,1995–04,masonry,1,5,0.5095985531806946
cleaning,1995,1995–04,fruits,1,5,0.5091504454612732
cleaning,1995,1995–04,stain,1,5,0.5074809193611145
cleaning,1995,1995–04,liquid,1,5,0.4998592138290405
cleaning,1995,1995–04,cooked,1,5,0.498820036649704
cleaning,1995,1995–04,stored,1,5,0.5683140158653259
cleaning,1995,1995–04,toilet,1,5,0.5336961150169373
cleaning,1995,1995–04,refrigerator,1,5,0.5242587327957153
cleaning,1995,1995–04,nails,1,5,0.5188146233558655
cleaning,1995,1995–04,rubber,1,5,0.5177301168441772
cleaning,1995,1995–04,landscaping,1,5,0.5121586918830872
cleaning,1995,1995–04,portable,1,5,0.5101190209388733
cleaning,1995,1995–04,hardware,1,5,0.5086268782615662
cleaning,1995,1995–04,carpet,1,5,0.5067227482795715
cleaning,1995,1995–04,stained,1,5,0.5044158101081848
cleaning,1995,1995–04,pots,1,5,0.5042176246643066
clerk,1995,1995–04,treasurer,3,5,0.48855072259902954
clerk,1995,1995–04,postal,2,5,0.46864552795886993
clerk,1995,1995–04,registrar,1,5,0.5259472131729126
clerk,1995,1995–04,instructional,1,5,0.5242769122123718
clerk,1995,1995–04,vons,1,5,0.5212059617042542
clerk,1995,1995–04,disgruntled,1,5,0.4723784327507019
clerk,1995,1995–04,chaplain,1,5,0.4710364043712616
clerk,1995,1995–04,winchester,1,5,0.469919353723526
clerk,1995,1995–04,atty,1,5,0.4676454961299896
clerk,1995,1995–04,alleging,1,5,0.46281614899635315
clerk,1995,1995–04,requesting,1,5,0.4610786437988281
clerk,1995,1995–04,paperwork,1,5,0.4598101079463959
clerk,1995,1995–04,hardware,1,5,0.45836135745048523
clerk,1995,1995–04,directory,1,5,0.45799320936203003
clerk,1995,1995–04,trucking,1,5,0.4528737962245941
clerk,1995,1995–04,instructed,1,5,0.4513244926929474
clerk,1995,1995–04,cashier,1,5,0.4630943834781647
clerk,1995,1995–04,ret,1,5,0.44794929027557373
clerk,1995,1995–04,housekeeper,1,5,0.4375659227371216
clerk,1995,1995–04,remanded,1,5,0.4362679123878479
clerk,1995,1995–04,sheldrake,1,5,0.43023189902305603
clerk,1995,1995–04,loch,1,5,0.42802736163139343
clerk,1995,1995–04,mechanic,1,5,0.4187389016151428
clerk,1995,1995–04,garment,1,5,0.4179156720638275
clerk,1995,1995–04,leona,1,5,0.41223347187042236
clerk,1995,1995–04,messina,1,5,0.40846818685531616
clerk,1995,1995–04,woodridge,1,5,0.4075043499469757
clerk,1995,1995–04,vacated,1,5,0.404977947473526
clerk,1995,1995–04,lanza,1,5,0.3994814455509186
clerk,1995,1995–04,employee,1,5,0.3964035212993622
clerk,1995,1995–04,danckwart,1,5,0.5642341375350952
clerk,1995,1995–04,vacancy,1,5,0.5545986890792847
clerk,1995,1995–04,incumbents,1,5,0.5423850417137146
clerk,1995,1995–04,bray,1,5,0.5350555181503296
clerk,1995,1995–04,supervisors,1,5,0.520958423614502
clerk,1995,1995–04,unanimous,1,5,0.5130610466003418
clerk,1995,1995–04,auditor,1,5,0.49857190251350403
clerk,1995,1995–04,sworn,1,5,0.4972173571586609
clerk,1995,1995–04,rohweder,1,5,0.49509626626968384
clerk,1995,1995–04,hereby,1,5,0.49479755759239197
clerk,1995,1995–04,juntunen,1,5,0.49184972047805786
clerk,1995,1995–04,newcomer,1,5,0.48812487721443176
clerk,1995,1995–04,authorization,1,5,0.4849221706390381
clerk,1995,1995–04,seconded,1,5,0.48063233494758606
clerk,1995,1995–04,middleton,1,5,0.5248633027076721
clerk,1995,1995–04,accountant,1,5,0.5207902193069458
clerk,1995,1995–04,fontaine,1,5,0.4932166337966919
clerk,1995,1995–04,rollie,1,5,0.4925634562969208
clerk,1995,1995–04,inspector,1,5,0.4833466708660126
clerk,1995,1995–04,certified,1,5,0.4815538227558136
clerk,1995,1995–04,donovan,1,5,0.47991007566452026
clerk,1995,1995–04,essex,1,5,0.46881723403930664
clerk,1995,1995–04,accounting,1,5,0.46553269028663635
clerk,1995,1995–04,roche,1,5,0.46541324257850647
clerk,1995,1995–04,plainville,1,5,0.46182650327682495
clerk,1995,1995–04,eileen,1,5,0.46081212162971497
clerk,1995,1995–04,hurley,1,5,0.4600640833377838
clerk,1995,1995–04,lorusso,1,5,0.4600536823272705
clerk,1995,1995–04,walpole,1,5,0.4588381052017212
clerk,1995,1995–04,brooksville,1,5,0.5302497744560242
clerk,1995,1995–04,nassau,1,5,0.47880128026008606
clerk,1995,1995–04,brevard,1,5,0.468519002199173
clerk,1995,1995–04,massey,1,5,0.4677440822124481
clerk,1995,1995–04,dscanlan,1,5,0.4598122239112854
clerk,1995,1995–04,nw,1,5,0.4521833062171936
clerk,1995,1995–04,scanlan,1,5,0.4519903063774109
clerk,1995,1995–04,circuit,1,5,0.4517078399658203
clerk,1995,1995–04,deputy,1,5,0.44783616065979004
clerk,1995,1995–04,amos,1,5,0.44521138072013855
clerk,1995,1995–04,col,1,5,0.444368451833725
clerk,1995,1995–04,salesman,1,5,0.44386398792266846
clerk,1995,1995–04,stepzinski,1,5,0.44375401735305786
designer,1995,1995–04,boutique,3,5,0.5333836873372396
designer,1995,1995–04,designs,3,5,0.537761002779007
designer,1995,1995–04,accessories,2,5,0.5166768729686737
designer,1995,1995–04,graphic,2,5,0.6314117908477783
designer,1995,1995–04,styles,2,5,0.5701212286949158
designer,1995,1995–04,artists,2,5,0.5681158602237701
designer,1995,1995–04,fixtures,1,5,0.5312168598175049
designer,1995,1995–04,decorative,1,5,0.521095335483551
designer,1995,1995–04,exquisite,1,5,0.5199361443519592
designer,1995,1995–04,mauro,1,5,0.515989363193512
designer,1995,1995–04,furnishings,1,5,0.5153082013130188
designer,1995,1995–04,futuristic,1,5,0.512227475643158
designer,1995,1995–04,distributors,1,5,0.4987194538116455
designer,1995,1995–04,conceptual,1,5,0.49517422914505005
designer,1995,1995–04,gothic,1,5,0.49241411685943604
designer,1995,1995–04,lingerie,1,5,0.490081250667572
designer,1995,1995–04,orpheum,1,5,0.4897554814815521
designer,1995,1995–04,innovative,1,5,0.4870738983154297
designer,1995,1995–04,rsa,1,5,0.4867863059043884
designer,1995,1995–04,fashion,1,5,0.5422225594520569
designer,1995,1995–04,armani,1,5,0.5259988307952881
designer,1995,1995–04,prada,1,5,0.509519636631012
designer,1995,1995–04,furstenberg,1,5,0.4992315471172333
designer,1995,1995–04,dresses,1,5,0.4981634318828583
designer,1995,1995–04,gianni,1,5,0.4919719696044922
designer,1995,1995–04,wardrobe,1,5,0.47814932465553284
designer,1995,1995–04,necklace,1,5,0.47487103939056396
designer,1995,1995–04,tents,1,5,0.4724750220775604
designer,1995,1995–04,fashions,1,5,0.4692913591861725
designer,1995,1995–04,betts,1,5,0.468628466129303
designer,1995,1995–04,costumes,1,5,0.466411828994751
designer,1995,1995–04,freelance,1,5,0.5761536955833435
designer,1995,1995–04,artistic,1,5,0.5640071630477905
designer,1995,1995–04,pemain,1,5,0.5492914319038391
designer,1995,1995–04,kalt,1,5,0.5477889776229858
designer,1995,1995–04,noreferrer,1,5,0.5472821593284607
designer,1995,1995–04,src,1,5,0.5295811295509338
designer,1995,1995–04,bermain,1,5,0.5283373594284058
designer,1995,1995–04,cad,1,5,0.5264752507209778
designer,1995,1995–04,modal,1,5,0.5193344354629517
designer,1995,1995–04,layout,1,5,0.5179034471511841
designer,1995,1995–04,para,1,5,0.5126215219497681
designer,1995,1995–04,rosario,1,5,0.510968804359436
designer,1995,1995–04,biology,1,5,0.5096002817153931
designer,1995,1995–04,untuk,1,5,0.5086222290992737
designer,1995,1995–04,sculptures,1,5,0.6678072810173035
designer,1995,1995–04,antiques,1,5,0.6051170825958252
designer,1995,1995–04,artwork,1,5,0.603678286075592
designer,1995,1995–04,bayou,1,5,0.5929385423660278
designer,1995,1995–04,designing,1,5,0.5920180678367615
designer,1995,1995–04,apparel,1,5,0.5706888437271118
designer,1995,1995–04,slew,1,5,0.5684605240821838
designer,1995,1995–04,drawings,1,5,0.5620517730712891
designer,1995,1995–04,vintage,1,5,0.5579916834831238
designer,1995,1995–04,recipes,1,5,0.5533124804496765
designer,1995,1995–04,mural,1,5,0.5519464015960693
designer,1995,1995–04,architectural,1,5,0.5489833950996399
designer,1995,1995–04,popovitch,1,5,0.6720734238624573
designer,1995,1995–04,array,1,5,0.5917039513587952
designer,1995,1995–04,technologies,1,5,0.5611673593521118
designer,1995,1995–04,entrepreneurs,1,5,0.5604119300842285
designer,1995,1995–04,guru,1,5,0.5527163743972778
designer,1995,1995–04,colors,1,5,0.5495888590812683
designer,1995,1995–04,chemistry,1,5,0.5481469035148621
designer,1995,1995–04,animation,1,5,0.5469246506690979
designer,1995,1995–04,casual,1,5,0.5445094108581543
designer,1995,1995–04,skilled,1,5,0.5385764837265015
dishes,1995,1995–04,salads,2,4,0.5969404578208923
dishes,1995,1995–04,mashed,2,4,0.6483742892742157
dishes,1995,1995–04,spinach,2,4,0.5807426273822784
dishes,1995,1995–04,pasta,2,4,0.5693828463554382
dishes,1995,1995–04,desserts,2,4,0.5644513964653015
dishes,1995,1995–04,baked,2,4,0.6198324859142303
dishes,1995,1995–04,steaks,1,4,0.5930063128471375
dishes,1995,1995–04,noodles,1,4,0.591372549533844
dishes,1995,1995–04,burgers,1,4,0.5717408061027527
dishes,1995,1995–04,potatoes,1,4,0.5673384666442871
dishes,1995,1995–04,platter,1,4,0.5623526573181152
dishes,1995,1995–04,chefs,1,4,0.5558727979660034
dishes,1995,1995–04,diners,1,4,0.5507100820541382
dishes,1995,1995–04,sushi,1,4,0.5396826863288879
dishes,1995,1995–04,fried,1,4,0.5364914536476135
dishes,1995,1995–04,tasty,1,4,0.5354269742965698
dishes,1995,1995–04,entrees,1,4,0.6503180265426636
dishes,1995,1995–04,appetizers,1,4,0.6334983706474304
dishes,1995,1995–04,roast,1,4,0.6246182918548584
dishes,1995,1995–04,filet,1,4,0.616131067276001
dishes,1995,1995–04,mushroom,1,4,0.6034866571426392
dishes,1995,1995–04,marinated,1,4,0.5901162028312683
dishes,1995,1995–04,appetizer,1,4,0.589764416217804
dishes,1995,1995–04,slices,1,4,0.5894766449928284
dishes,1995,1995–04,soups,1,4,0.5881106853485107
dishes,1995,1995–04,herbs,1,4,0.5860998630523682
dishes,1995,1995–04,meats,1,4,0.5839908123016357
dishes,1995,1995–04,vegetables,1,4,0.6606112718582153
dishes,1995,1995–04,recipes,1,4,0.6243272423744202
dishes,1995,1995–04,fruits,1,4,0.6181690692901611
dishes,1995,1995–04,dish,1,4,0.6114815473556519
dishes,1995,1995–04,baking,1,4,0.5964549779891968
dishes,1995,1995–04,collectors,1,4,0.5935521125793457
dishes,1995,1995–04,chunks,1,4,0.5803823471069336
dishes,1995,1995–04,flavored,1,4,0.5776124596595764
dishes,1995,1995–04,vegetable,1,4,0.5775740742683411
dishes,1995,1995–04,pots,1,4,0.5757257342338562
dishes,1995,1995–04,drawings,1,4,0.5755553841590881
dishes,1995,1995–04,refrigerator,1,4,0.5748135447502136
dishes,1995,1995–04,soda,1,4,0.5735034346580505
dishes,1995,1995–04,biscuits,1,4,0.5710300803184509
dishes,1995,1995–04,sandwiches,1,4,0.7362797856330872
dishes,1995,1995–04,onions,1,4,0.723556637763977
dishes,1995,1995–04,pork,1,4,0.7120029330253601
dishes,1995,1995–04,onion,1,4,0.7056196928024292
dishes,1995,1995–04,grilled,1,4,0.7037966251373291
dishes,1995,1995–04,vinegar,1,4,0.6955074667930603
dishes,1995,1995–04,delicious,1,4,0.6912562847137451
dishes,1995,1995–04,roasted,1,4,0.6907863020896912
dishes,1995,1995–04,custard,1,4,0.6861173510551453
dishes,1995,1995–04,flavors,1,4,0.6813965439796448
dishes,1995,1995–04,ingredients,1,4,0.678922712802887
dishes,1995,1995–04,chili,1,4,0.6732519865036011
dishes,1995,1995–04,salad,1,4,0.670146644115448
doctor,1995,1995–04,patients,5,5,0.5530279636383056
doctor,1995,1995–04,physician,4,5,0.5680340230464935
doctor,1995,1995–04,physicians,4,5,0.5474646762013435
doctor,1995,1995–04,patient,3,5,0.5280185043811798
doctor,1995,1995–04,surgery,3,5,0.534103254477183
doctor,1995,1995–04,psychiatric,3,5,0.5236219962437948
doctor,1995,1995–04,chemotherapy,3,5,0.515432874361674
doctor,1995,1995–04,nurses,2,5,0.5616804957389832
doctor,1995,1995–04,surgeons,2,5,0.5670299232006073
doctor,1995,1995–04,tumor,2,5,0.5456141829490662
doctor,1995,1995–04,cardiac,2,5,0.5877195298671722
doctor,1995,1995–04,symptoms,2,5,0.5390056222677231
doctor,1995,1995–04,surgeon,2,5,0.5679132342338562
doctor,1995,1995–04,dental,2,5,0.5328179001808167
doctor,1995,1995–04,medication,2,5,0.5165814161300659
doctor,1995,1995–04,psychiatrist,2,5,0.5160887837409973
doctor,1995,1995–04,circumcision,1,5,0.5124192833900452
doctor,1995,1995–04,treatments,1,5,0.5092023611068726
doctor,1995,1995–04,swelling,1,5,0.506550669670105
doctor,1995,1995–04,furth,1,5,0.5041506886482239
doctor,1995,1995–04,surgical,1,5,0.5037670135498047
doctor,1995,1995–04,organs,1,5,0.49543529748916626
doctor,1995,1995–04,tumors,1,5,0.49278804659843445
doctor,1995,1995–04,yager,1,5,0.5533161759376526
doctor,1995,1995–04,surgeries,1,5,0.5377468466758728
doctor,1995,1995–04,autopsies,1,5,0.5355191826820374
doctor,1995,1995–04,remission,1,5,0.5158829689025879
doctor,1995,1995–04,barsky,1,5,0.5017064213752747
doctor,1995,1995–04,corsello,1,5,0.4999324679374695
doctor,1995,1995–04,cosmetic,1,5,0.49678748846054077
doctor,1995,1995–04,diseases,1,5,0.49581286311149597
doctor,1995,1995–04,fertility,1,5,0.4958092272281647
doctor,1995,1995–04,measles,1,5,0.5765838623046875
doctor,1995,1995–04,diagnosis,1,5,0.5725029110908508
doctor,1995,1995–04,pregnant,1,5,0.5617493391036987
doctor,1995,1995–04,everett,1,5,0.5581185221672058
doctor,1995,1995–04,diana,1,5,0.5563672780990601
doctor,1995,1995–04,paramedics,1,5,0.5493898987770081
doctor,1995,1995–04,kamalian,1,5,0.553324282169342
doctor,1995,1995–04,infection,1,5,0.5300451517105103
doctor,1995,1995–04,illnesses,1,5,0.5257003307342529
doctor,1995,1995–04,medications,1,5,0.5136182308197021
doctor,1995,1995–04,diagnosed,1,5,0.4996533691883087
doctor,1995,1995–04,nurse,1,5,0.48972055315971375
doctor,1995,1995–04,kidney,1,5,0.5560128688812256
doctor,1995,1995–04,regan,1,5,0.5224390029907227
doctor,1995,1995–04,minkoff,1,5,0.5188612937927246
doctor,1995,1995–04,shands,1,5,0.5115991234779358
executive,1995,1995–04,ceo,4,5,0.558971717953682
executive,1995,1995–04,vice,4,5,0.501415304839611
executive,1995,1995–04,chairman,3,5,0.4893922507762909
executive,1995,1995–04,exec,2,5,0.4987940937280655
executive,1995,1995–04,execs,2,5,0.5045235604047775
executive,1995,1995–04,prexy,1,5,0.5626523494720459
executive,1995,1995–04,vp,1,5,0.5584163069725037
executive,1995,1995–04,cnbc,1,5,0.546769917011261
executive,1995,1995–04,intl,1,5,0.5440873503684998
executive,1995,1995–04,caa,1,5,0.51048743724823
executive,1995,1995–04,partnerships,1,5,0.5095766186714172
executive,1995,1995–04,cushman,1,5,0.5029230117797852
executive,1995,1995–04,president,1,5,0.49975478649139404
executive,1995,1995–04,oversee,1,5,0.4940972328186035
executive,1995,1995–04,pimco,1,5,0.49374154210090637
executive,1995,1995–04,cerent,1,5,0.48655426502227783
executive,1995,1995–04,hachette,1,5,0.5274009704589844
executive,1995,1995–04,lomb,1,5,0.5112359523773193
executive,1995,1995–04,telecom,1,5,0.5026514530181885
executive,1995,1995–04,viacom,1,5,0.501624345779419
executive,1995,1995–04,bausch,1,5,0.49864667654037476
executive,1995,1995–04,pecker,1,5,0.4841741621494293
executive,1995,1995–04,coo,1,5,0.4744521975517273
executive,1995,1995–04,prudential,1,5,0.4692411422729492
executive,1995,1995–04,paetec,1,5,0.4646577835083008
executive,1995,1995–04,cos,1,5,0.46465182304382324
executive,1995,1995–04,adelphia,1,5,0.45846641063690186
executive,1995,1995–04,vhedc,1,5,0.5880981683731079
executive,1995,1995–04,mna,1,5,0.5757551789283752
executive,1995,1995–04,conagra,1,5,0.5751429200172424
executive,1995,1995–04,investors,1,5,0.5746428966522217
executive,1995,1995–04,coborn,1,5,0.5703487992286682
executive,1995,1995–04,ronquist,1,5,0.5592403411865234
executive,1995,1995–04,multimedia,1,5,0.5393738746643066
executive,1995,1995–04,allete,1,5,0.5379205346107483
executive,1995,1995–04,nnpa,1,5,0.5374215841293335
executive,1995,1995–04,newsrooms,1,5,0.53208327293396
executive,1995,1995–04,robust,1,5,0.5234078764915466
executive,1995,1995–04,appert,1,5,0.5230569839477539
executive,1995,1995–04,boss,1,5,0.517607569694519
executive,1995,1995–04,cheney,1,5,0.5424433946609497
executive,1995,1995–04,enron,1,5,0.5207294821739197
executive,1995,1995–04,woodruff,1,5,0.5087295174598694
executive,1995,1995–04,ottaway,1,5,0.5061100125312805
executive,1995,1995–04,dow,1,5,0.5009582042694092
executive,1995,1995–04,marketing,1,5,0.49432361125946045
executive,1995,1995–04,ssa,1,5,0.4911823868751526
executive,1995,1995–04,kramer,1,5,0.488599568605423
executive,1995,1995–04,werner,1,5,0.48838675022125244
executive,1995,1995–04,sponsor,1,5,0.48501306772232056
executive,1995,1995–04,brokaw,1,5,0.484701544046402
executive,1995,1995–04,predecessor,1,5,0.4794522523880005
executive,1995,1995–04,klein,1,5,0.4779629707336426
executive,1995,1995–04,shareholders,1,5,0.5838053822517395
executive,1995,1995–04,musolino,1,5,0.5445321202278137
executive,1995,1995–04,lowder,1,5,0.541291356086731
executive,1995,1995–04,buzzeo,1,5,0.5408554673194885
executive,1995,1995–04,enterprises,1,5,0.518000066280365
executive,1995,1995–04,technologies,1,5,0.5092883706092834
executive,1995,1995–04,bosses,1,5,0.4957834482192993
executive,1995,1995–04,oversees,1,5,0.4879777431488037
executive,1995,1995–04,bros,1,5,0.48683470487594604
executive,1995,1995–04,manufacturers,1,5,0.4857099652290344
executive,1995,1995–04,managers,1,5,0.48338383436203003
executive,1995,1995–04,dell,1,5,0.4816766083240509
family,1995,1995–04,relatives,4,5,0.480026476085186
family,1995,1995–04,siblings,4,5,0.4375794157385826
family,1995,1995–04,grieving,3,5,0.4613889356454213
family,1995,1995–04,deepest,2,5,0.47941815853118896
family,1995,1995–04,clan,2,5,0.45212632417678833
family,1995,1995–04,grandparents,2,5,0.44929391145706177
family,1995,1995–04,parents,2,5,0.45071789622306824
family,1995,1995–04,knit,2,5,0.42904722690582275
family,1995,1995–04,aunts,1,5,0.4901764690876007
family,1995,1995–04,maternal,1,5,0.48834484815597534
family,1995,1995–04,condolences,1,5,0.4713580012321472
family,1995,1995–04,dearly,1,5,0.466163694858551
family,1995,1995–04,uncles,1,5,0.46292802691459656
family,1995,1995–04,carringtons,1,5,0.4484468400478363
family,1995,1995–04,predeceased,1,5,0.43943092226982117
family,1995,1995–04,jens,1,5,0.4383864104747772
family,1995,1995–04,silvina,1,5,0.4316670894622803
family,1995,1995–04,parishes,1,5,0.46574831008911133
family,1995,1995–04,algarroba,1,5,0.4637238383293152
family,1995,1995–04,retirees,1,5,0.4554530382156372
family,1995,1995–04,brucia,1,5,0.4530659317970276
family,1995,1995–04,brookside,1,5,0.4479573369026184
family,1995,1995–04,deceased,1,5,0.439840167760849
family,1995,1995–04,reo,1,5,0.43693462014198303
family,1995,1995–04,santo,1,5,0.4362156391143799
family,1995,1995–04,grieve,1,5,0.4303123354911804
family,1995,1995–04,widowed,1,5,0.4300774931907654
family,1995,1995–04,carlie,1,5,0.42878392338752747
family,1995,1995–04,caregivers,1,5,0.49713003635406494
family,1995,1995–04,holidays,1,5,0.48782622814178467
family,1995,1995–04,strangers,1,5,0.451869934797287
family,1995,1995–04,heal,1,5,0.44934311509132385
family,1995,1995–04,becha,1,5,0.446243554353714
family,1995,1995–04,reside,1,5,0.4427618086338043
family,1995,1995–04,travelers,1,5,0.4369777739048004
family,1995,1995–04,blessing,1,5,0.43693938851356506
family,1995,1995–04,chores,1,5,0.4361264407634735
family,1995,1995–04,teenagers,1,5,0.4345644414424896
family,1995,1995–04,enjoyment,1,5,0.4288943409919739
family,1995,1995–04,experiencing,1,5,0.42574042081832886
family,1995,1995–04,petrus,1,5,0.4243898093700409
family,1995,1995–04,kennedys,1,5,0.48844972252845764
family,1995,1995–04,azores,1,5,0.47387611865997314
family,1995,1995–04,mourn,1,5,0.45864632725715637
family,1995,1995–04,famil,1,5,0.4470581114292145
family,1995,1995–04,dubroff,1,5,0.42855241894721985
family,1995,1995–04,mourned,1,5,0.42256301641464233
family,1995,1995–04,rollie,1,5,0.4201950132846832
family,1995,1995–04,weddings,1,5,0.4189049303531647
family,1995,1995–04,gatherings,1,5,0.41814976930618286
family,1995,1995–04,privately,1,5,0.41175124049186707
family,1995,1995–04,prayers,1,5,0.46912306547164917
family,1995,1995–04,aunt,1,5,0.4542902708053589
family,1995,1995–04,moms,1,5,0.45048290491104126
family,1995,1995–04,loving,1,5,0.4365312457084656
family,1995,1995–04,permitted,1,5,0.43289631605148315
family,1995,1995–04,thanked,1,5,0.43225935101509094
family,1995,1995–04,humana,1,5,0.43083733320236206
family,1995,1995–04,preschool,1,5,0.4224596917629242
family,1995,1995–04,astronauts,1,5,0.4209044277667999
family,1995,1995–04,cared,1,5,0.41873231530189514
family,1995,1995–04,memorials,1,5,0.4127803146839142
grandchildren,1995,1995–04,nieces,4,5,0.7953131198883057
grandchildren,1995,1995–04,nephews,4,5,0.7802250534296036
grandchildren,1995,1995–04,grandsons,4,5,0.7945424169301987
grandchildren,1995,1995–04,granddaughter,4,5,0.7184495329856873
grandchildren,1995,1995–04,niece,4,5,0.688967764377594
grandchildren,1995,1995–04,granddaughters,3,5,0.7626555760701498
grandchildren,1995,1995–04,aunts,3,5,0.7559373180071512
grandchildren,1995,1995–04,predeceased,3,5,0.7583273649215698
grandchildren,1995,1995–04,uncles,3,5,0.6973742047945658
grandchildren,1995,1995–04,preceded,3,5,0.7130783994992574
grandchildren,1995,1995–04,grandson,3,5,0.717362105846405
grandchildren,1995,1995–04,graveside,2,5,0.6742417216300964
grandchildren,1995,1995–04,cousins,2,5,0.6612412333488464
grandchildren,1995,1995–04,whitehurst,1,5,0.6411216259002686
grandchildren,1995,1995–04,stepson,1,5,0.6247373223304749
grandchildren,1995,1995–04,visitation,1,5,0.6244223117828369
grandchildren,1995,1995–04,silvas,1,5,0.6216119527816772
grandchildren,1995,1995–04,valenzuela,1,5,0.6099537014961243
grandchildren,1995,1995–04,bitzer,1,5,0.6003794074058533
grandchildren,1995,1995–04,okla,1,5,0.5998066663742065
grandchildren,1995,1995–04,deserto,1,5,0.6149357557296753
grandchildren,1995,1995–04,kayla,1,5,0.6129958033561707
grandchildren,1995,1995–04,alyssa,1,5,0.6074671745300293
grandchildren,1995,1995–04,hansgen,1,5,0.7328947186470032
grandchildren,1995,1995–04,torborg,1,5,0.707051694393158
grandchildren,1995,1995–04,alvin,1,5,0.6931499242782593
grandchildren,1995,1995–04,venske,1,5,0.6887987852096558
grandchildren,1995,1995–04,marian,1,5,0.6855859160423279
grandchildren,1995,1995–04,hoffmann,1,5,0.6848040223121643
grandchildren,1995,1995–04,spouses,1,5,0.682132363319397
grandchildren,1995,1995–04,degrace,1,5,0.6861903071403503
grandchildren,1995,1995–04,lunenburg,1,5,0.6861444115638733
grandchildren,1995,1995–04,nephew,1,5,0.6846405863761902
grandchildren,1995,1995–04,novak,1,5,0.6842894554138184
grandchildren,1995,1995–04,hiers,1,5,0.7822330594062805
grandchildren,1995,1995–04,cremation,1,5,0.7798989415168762
grandchildren,1995,1995–04,baxley,1,5,0.7377804517745972
grandchildren,1995,1995–04,funeral,1,5,0.6709716320037842
grandchildren,1995,1995–04,savannah,1,5,0.658254861831665
grandchildren,1995,1995–04,ind,1,5,0.6395972371101379
grandchildren,1995,1995–04,inverness,1,5,0.6343944668769836
grandchildren,1995,1995–04,peggy,1,5,0.634286642074585
grandchildren,1995,1995–04,mich,1,5,0.633887529373169
grandchildren,1995,1995–04,dunnellon,1,5,0.6285110116004944
grandchildren,1995,1995–04,chapel,1,5,0.6271167397499084
grandchildren,1995,1995–04,summerfield,1,5,0.6201940774917603
grandparents,1995,1995–04,aunts,4,5,0.5797193497419357
grandparents,1995,1995–04,uncles,4,5,0.5600235536694527
grandparents,1995,1995–04,maternal,4,5,0.6324727088212967
grandparents,1995,1995–04,grandchild,4,5,0.5708263069391251
grandparents,1995,1995–04,grandmother,3,5,0.534701923529307
grandparents,1995,1995–04,granddaughter,3,5,0.5877491434415182
grandparents,1995,1995–04,niece,3,5,0.5870883663495382
grandparents,1995,1995–04,siblings,2,5,0.4977678805589676
grandparents,1995,1995–04,predeceased,2,5,0.48524370789527893
grandparents,1995,1995–04,stepfather,2,5,0.5100552141666412
grandparents,1995,1995–04,paternal,2,5,0.6776959598064423
grandparents,1995,1995–04,nieces,1,5,0.5330390930175781
grandparents,1995,1995–04,parents,1,5,0.5133364796638489
grandparents,1995,1995–04,sicily,1,5,0.4896775782108307
grandparents,1995,1995–04,resided,1,5,0.48685571551322937
grandparents,1995,1995–04,eduardo,1,5,0.48604699969291687
grandparents,1995,1995–04,dora,1,5,0.4811723828315735
grandparents,1995,1995–04,cousins,1,5,0.4733085334300995
grandparents,1995,1995–04,emigrated,1,5,0.5266433954238892
grandparents,1995,1995–04,darlene,1,5,0.5074320435523987
grandparents,1995,1995–04,granddaughters,1,5,0.4864938259124756
grandparents,1995,1995–04,ancestors,1,5,0.4844113886356354
grandparents,1995,1995–04,madeline,1,5,0.47269219160079956
grandparents,1995,1995–04,ellmauer,1,5,0.4554673731327057
grandparents,1995,1995–04,poestenkill,1,5,0.45318207144737244
grandparents,1995,1995–04,patsy,1,5,0.4443891942501068
grandparents,1995,1995–04,rutledge,1,5,0.4398433566093445
grandparents,1995,1995–04,nephew,1,5,0.6070104241371155
grandparents,1995,1995–04,sylvester,1,5,0.6056575775146484
grandparents,1995,1995–04,alvin,1,5,0.6049440503120422
grandparents,1995,1995–04,edmund,1,5,0.6013626456260681
grandparents,1995,1995–04,rosemary,1,5,0.6003990173339844
grandparents,1995,1995–04,hommerding,1,5,0.6003363728523254
grandparents,1995,1995–04,preceded,1,5,0.5997036695480347
grandparents,1995,1995–04,virgil,1,5,0.5922409296035767
grandparents,1995,1995–04,adeline,1,5,0.5912017226219177
grandparents,1995,1995–04,whitinsville,1,5,0.5857071280479431
grandparents,1995,1995–04,lunenburg,1,5,0.5678739547729492
grandparents,1995,1995–04,mae,1,5,0.5533735752105713
grandparents,1995,1995–04,cheryl,1,5,0.5436785221099854
grandparents,1995,1995–04,naples,1,5,0.5378735065460205
grandparents,1995,1995–04,caron,1,5,0.5236397385597229
grandparents,1995,1995–04,janice,1,5,0.5230247974395752
grandparents,1995,1995–04,peggy,1,5,0.6015905141830444
grandparents,1995,1995–04,summers,1,5,0.5744787454605103
grandparents,1995,1995–04,lillian,1,5,0.5736083388328552
grandparents,1995,1995–04,louise,1,5,0.5701804757118225
grandparents,1995,1995–04,rebecca,1,5,0.5524401068687439
grandparents,1995,1995–04,grandfather,1,5,0.5498034954071045
grandparents,1995,1995–04,christine,1,5,0.5376682281494141
grandparents,1995,1995–04,moms,1,5,0.5374281406402588
grandparents,1995,1995–04,summerfield,1,5,0.5304726362228394
grandparents,1995,1995–04,marie,1,5,0.5281152129173279
home,1995,1995–04,apartments,4,5,0.4421291798353195
home,1995,1995–04,residences,2,5,0.46389348804950714
home,1995,1995–04,cottages,2,5,0.4459317922592163
home,1995,1995–04,residence,2,5,0.43688496947288513
home,1995,1995–04,manor,2,5,0.4196769893169403
home,1995,1995–04,cremation,2,5,0.41725143790245056
home,1995,1995–04,chapel,2,5,0.4113082140684128
home,1995,1995–04,houses,1,5,0.4522780179977417
home,1995,1995–04,condominium,1,5,0.4520777463912964
home,1995,1995–04,estates,1,5,0.45184239745140076
home,1995,1995–04,bungalow,1,5,0.4505387842655182
home,1995,1995–04,house,1,5,0.4465269446372986
home,1995,1995–04,ailing,1,5,0.44227373600006104
home,1995,1995–04,maple,1,5,0.43359148502349854
home,1995,1995–04,subdivisions,1,5,0.4177037179470062
home,1995,1995–04,evacuate,1,5,0.4117721617221832
home,1995,1995–04,vacations,1,5,0.4097745418548584
home,1995,1995–04,tracts,1,5,0.40830010175704956
home,1995,1995–04,gated,1,5,0.40822067856788635
home,1995,1995–04,bussing,1,5,0.560620129108429
home,1995,1995–04,cunniff,1,5,0.5528603792190552
home,1995,1995–04,townhouses,1,5,0.45159655809402466
home,1995,1995–04,mitchel,1,5,0.44217777252197266
home,1995,1995–04,vaninwegen,1,5,0.43028849363327026
home,1995,1995–04,funeral,1,5,0.4300174415111542
home,1995,1995–04,rasmussen,1,5,0.42980441451072693
home,1995,1995–04,maplewood,1,5,0.4293617606163025
home,1995,1995–04,luzerne,1,5,0.4280257523059845
home,1995,1995–04,farmhouse,1,5,0.4260038733482361
home,1995,1995–04,garlick,1,5,0.42330318689346313
home,1995,1995–04,neglected,1,5,0.4122048616409302
home,1995,1995–04,cabins,1,5,0.44181132316589355
home,1995,1995–04,evacuated,1,5,0.4409117102622986
home,1995,1995–04,tenants,1,5,0.41355961561203003
home,1995,1995–04,schad,1,5,0.4097239673137665
home,1995,1995–04,multifamily,1,5,0.4070274829864502
home,1995,1995–04,abbott,1,5,0.4038419723510742
home,1995,1995–04,affordable,1,5,0.4021279513835907
home,1995,1995–04,elderly,1,5,0.4006977677345276
home,1995,1995–04,reside,1,5,0.3986770510673523
home,1995,1995–04,nursing,1,5,0.3983822166919708
home,1995,1995–04,patton,1,5,0.39750316739082336
home,1995,1995–04,households,1,5,0.3968886733055115
home,1995,1995–04,dyer,1,5,0.5349989533424377
home,1995,1995–04,brook,1,5,0.44500359892845154
home,1995,1995–04,doane,1,5,0.4439399838447571
home,1995,1995–04,riverside,1,5,0.4434886872768402
home,1995,1995–04,boucher,1,5,0.4419323205947876
home,1995,1995–04,masciarelli,1,5,0.4404579997062683
home,1995,1995–04,jervis,1,5,0.4364030361175537
home,1995,1995–04,peck,1,5,0.4335116147994995
home,1995,1995–04,sprawling,1,5,0.42650821805000305
home,1995,1995–04,sawyer,1,5,0.4224719703197479
home,1995,1995–04,monticello,1,5,0.4218677580356598
home,1995,1995–04,shelter,1,5,0.42183607816696167
home,1995,1995–04,inverness,1,5,0.4614068865776062
home,1995,1995–04,summerfield,1,5,0.4489482343196869
home,1995,1995–04,venetian,1,5,0.44335508346557617
home,1995,1995–04,mill,1,5,0.4377540051937103
home,1995,1995–04,housing,1,5,0.43648561835289
home,1995,1995–04,bedroom,1,5,0.43459197878837585
home,1995,1995–04,williston,1,5,0.43245211243629456
home,1995,1995–04,hills,1,5,0.4299883544445038
home,1995,1995–04,rented,1,5,0.42605331540107727
home,1995,1995–04,belongings,1,5,0.4256933033466339
home,1995,1995–04,wynnfield,1,5,0.4242791533470154
infant,1995,1995–04,babies,3,5,0.5233819286028544
infant,1995,1995–04,illnesses,2,5,0.542007178068161
infant,1995,1995–04,newborn,2,5,0.56794872879982
infant,1995,1995–04,toddler,2,5,0.5486853122711182
infant,1995,1995–04,pregnancy,1,5,0.5530332922935486
infant,1995,1995–04,infancy,1,5,0.5421862006187439
infant,1995,1995–04,asthma,1,5,0.5413780212402344
infant,1995,1995–04,toddlers,1,5,0.5387607216835022
infant,1995,1995–04,pneumonia,1,5,0.5351452231407166
infant,1995,1995–04,remarried,1,5,0.5300905704498291
infant,1995,1995–04,restraint,1,5,0.5268689393997192
infant,1995,1995–04,transplants,1,5,0.5104165077209473
infant,1995,1995–04,traumatic,1,5,0.49119478464126587
infant,1995,1995–04,pregnant,1,5,0.4890567660331726
infant,1995,1995–04,autopsies,1,5,0.4859256148338318
infant,1995,1995–04,nightmares,1,5,0.5495768189430237
infant,1995,1995–04,sodomizing,1,5,0.533190906047821
infant,1995,1995–04,molesting,1,5,0.5242753624916077
infant,1995,1995–04,anslow,1,5,0.5151712894439697
infant,1995,1995–04,negligent,1,5,0.5122094750404358
infant,1995,1995–04,carlie,1,5,0.5063227415084839
infant,1995,1995–04,chemotherapy,1,5,0.4990852475166321
infant,1995,1995–04,retarded,1,5,0.4960702359676361
infant,1995,1995–04,trajkovski,1,5,0.49500221014022827
infant,1995,1995–04,surgeries,1,5,0.4944865107536316
infant,1995,1995–04,rabies,1,5,0.4924599826335907
infant,1995,1995–04,disturbed,1,5,0.49081817269325256
infant,1995,1995–04,edmund,1,5,0.7127317786216736
infant,1995,1995–04,hondl,1,5,0.7081055641174316
infant,1995,1995–04,torborg,1,5,0.696148157119751
infant,1995,1995–04,osb,1,5,0.6957352161407471
infant,1995,1995–04,niece,1,5,0.6925925016403198
infant,1995,1995–04,hommerding,1,5,0.6891796588897705
infant,1995,1995–04,alphonse,1,5,0.6890032291412354
infant,1995,1995–04,grandchild,1,5,0.6869645714759827
infant,1995,1995–04,venske,1,5,0.6868197917938232
infant,1995,1995–04,rosemary,1,5,0.6807072758674622
infant,1995,1995–04,alvin,1,5,0.6760383248329163
infant,1995,1995–04,herbert,1,5,0.6754690408706665
infant,1995,1995–04,norbert,1,5,0.675172746181488
infant,1995,1995–04,delores,1,5,0.6724674701690674
infant,1995,1995–04,bernice,1,5,0.6711914539337158
infant,1995,1995–04,hormones,1,5,0.627953827381134
infant,1995,1995–04,spelke,1,5,0.5895589590072632
infant,1995,1995–04,decrease,1,5,0.5677381157875061
infant,1995,1995–04,ellison,1,5,0.5677030086517334
infant,1995,1995–04,infections,1,5,0.5612408518791199
infant,1995,1995–04,syndrome,1,5,0.5590413808822632
infant,1995,1995–04,genetic,1,5,0.5529829859733582
infant,1995,1995–04,lobe,1,5,0.5508337020874023
infant,1995,1995–04,monkeys,1,5,0.5485730171203613
infant,1995,1995–04,hormone,1,5,0.5461456775665283
infant,1995,1995–04,brains,1,5,0.5389221906661987
infant,1995,1995–04,mutations,1,5,0.5379728078842163
infant,1995,1995–04,czeisler,1,5,0.5342373251914978
infant,1995,1995–04,jeremiah,1,5,0.5276480913162231
infant,1995,1995–04,stepfather,1,5,0.6140887141227722
infant,1995,1995–04,joshua,1,5,0.5902326107025146
infant,1995,1995–04,summerfield,1,5,0.5866018533706665
infant,1995,1995–04,collided,1,5,0.5763939619064331
infant,1995,1995–04,zachary,1,5,0.5762925148010254
infant,1995,1995–04,alycia,1,5,0.5701677203178406
infant,1995,1995–04,samantha,1,5,0.5694632530212402
infant,1995,1995–04,passenger,1,5,0.5677723288536072
infant,1995,1995–04,rebecca,1,5,0.5671089291572571
infant,1995,1995–04,stepdaughter,1,5,0.5634093284606934
infant,1995,1995–04,fatally,1,5,0.5617121458053589
infant,1995,1995–04,maya,1,5,0.5608945488929749
infant,1995,1995–04,cellphone,1,5,0.5580598711967468
infant,1995,1995–04,abducted,1,5,0.553114652633667
inspector,1995,1995–04,inspection,4,5,0.5661065578460693
inspector,1995,1995–04,inspections,4,5,0.6040207743644714
inspector,1995,1995–04,violations,2,5,0.4791708141565323
inspector,1995,1995–04,inspect,2,5,0.5816897749900818
inspector,1995,1995–04,improperly,2,5,0.5333065539598465
inspector,1995,1995–04,utilities,2,5,0.531259223818779
inspector,1995,1995–04,contractors,2,5,0.5564028918743134
inspector,1995,1995–04,osha,1,5,0.5441297888755798
inspector,1995,1995–04,hud,1,5,0.51481032371521
inspector,1995,1995–04,supervising,1,5,0.4999557137489319
inspector,1995,1995–04,ccsd,1,5,0.4871496558189392
inspector,1995,1995–04,reclamation,1,5,0.48196807503700256
inspector,1995,1995–04,dispatcher,1,5,0.4804098308086395
inspector,1995,1995–04,fined,1,5,0.4784319996833801
inspector,1995,1995–04,lyle,1,5,0.47727730870246887
inspector,1995,1995–04,swenson,1,5,0.4760976731777191
inspector,1995,1995–04,chevron,1,5,0.4760785400867462
inspector,1995,1995–04,gudmundsen,1,5,0.5913788676261902
inspector,1995,1995–04,scirica,1,5,0.5074653625488281
inspector,1995,1995–04,taguba,1,5,0.5072980523109436
inspector,1995,1995–04,ritter,1,5,0.5058825016021729
inspector,1995,1995–04,enforced,1,5,0.4884279668331146
inspector,1995,1995–04,propane,1,5,0.48195376992225647
inspector,1995,1995–04,hazardous,1,5,0.4798800051212311
inspector,1995,1995–04,kerik,1,5,0.4783557653427124
inspector,1995,1995–04,essen,1,5,0.4677932560443878
inspector,1995,1995–04,commanding,1,5,0.46213069558143616
inspector,1995,1995–04,commander,1,5,0.46023958921432495
inspector,1995,1995–04,patrolling,1,5,0.4597030580043793
inspector,1995,1995–04,architects,1,5,0.5508955717086792
inspector,1995,1995–04,mechanic,1,5,0.5297297835350037
inspector,1995,1995–04,hallock,1,5,0.5175978541374207
inspector,1995,1995–04,operator,1,5,0.5170291066169739
inspector,1995,1995–04,heating,1,5,0.5117207765579224
inspector,1995,1995–04,plumbing,1,5,0.5100776553153992
inspector,1995,1995–04,architect,1,5,0.5041221380233765
inspector,1995,1995–04,conditioning,1,5,0.49762681126594543
inspector,1995,1995–04,electrical,1,5,0.4923974573612213
inspector,1995,1995–04,headlight,1,5,0.4862653911113739
inspector,1995,1995–04,salon,1,5,0.48430153727531433
inspector,1995,1995–04,renovations,1,5,0.48382508754730225
inspector,1995,1995–04,sworn,1,5,0.4787963926792145
inspector,1995,1995–04,inspected,1,5,0.6947885751724243
inspector,1995,1995–04,sizzler,1,5,0.6145793795585632
inspector,1995,1995–04,hupd,1,5,0.614072859287262
inspector,1995,1995–04,certified,1,5,0.6131635904312134
inspector,1995,1995–04,investigator,1,5,0.5819463729858398
inspector,1995,1995–04,amusement,1,5,0.570000410079956
inspector,1995,1995–04,contractor,1,5,0.5651458501815796
inspector,1995,1995–04,carnival,1,5,0.5637508630752563
inspector,1995,1995–04,permits,1,5,0.5466912388801575
inspector,1995,1995–04,operators,1,5,0.5444605350494385
inspector,1995,1995–04,mco,1,5,0.6017247438430786
inspector,1995,1995–04,supervisors,1,5,0.5996173620223999
inspector,1995,1995–04,postal,1,5,0.595320999622345
inspector,1995,1995–04,memo,1,5,0.5950363874435425
inspector,1995,1995–04,expired,1,5,0.5820711851119995
inspector,1995,1995–04,excessive,1,5,0.5809839963912964
inspector,1995,1995–04,immigration,1,5,0.5766319036483765
inspector,1995,1995–04,ins,1,5,0.5716254711151123
inspector,1995,1995–04,comply,1,5,0.5655089616775513
inspector,1995,1995–04,inquiry,1,5,0.5617028474807739
inspector,1995,1995–04,probe,1,5,0.5613653063774109
inspector,1995,1995–04,monitoring,1,5,0.5444152355194092
married,1995,1995–04,divorced,5,5,0.5569873809814453
married,1995,1995–04,marriage,5,5,0.46727081537246706
married,1995,1995–04,marry,4,5,0.4912935793399811
married,1995,1995–04,wife,2,5,0.47387436032295227
married,1995,1995–04,homemaker,2,5,0.4673037827014923
married,1995,1995–04,husband,2,5,0.4384572505950928
married,1995,1995–04,wed,2,5,0.4619073122739792
married,1995,1995–04,baptized,2,5,0.5199942737817764
married,1995,1995–04,divorce,2,5,0.43400661647319794
married,1995,1995–04,remarried,1,5,0.5502788424491882
married,1995,1995–04,resided,1,5,0.5327891111373901
married,1995,1995–04,marrying,1,5,0.5035977959632874
married,1995,1995–04,bitzer,1,5,0.4790535569190979
married,1995,1995–04,immigrated,1,5,0.4734160304069519
married,1995,1995–04,sweetheart,1,5,0.46365973353385925
married,1995,1995–04,walsh,1,5,0.4614444077014923
married,1995,1995–04,charlene,1,5,0.45423370599746704
married,1995,1995–04,granddaughters,1,5,0.45094260573387146
married,1995,1995–04,widowed,1,5,0.43844351172447205
married,1995,1995–04,poestenkill,1,5,0.4238879084587097
married,1995,1995–04,fanny,1,5,0.42341017723083496
married,1995,1995–04,erika,1,5,0.4150327444076538
married,1995,1995–04,helena,1,5,0.40901049971580505
married,1995,1995–04,deserto,1,5,0.40877965092658997
married,1995,1995–04,thelma,1,5,0.40509918332099915
married,1995,1995–04,norbert,1,5,0.5888941287994385
married,1995,1995–04,veronica,1,5,0.5845868587493896
married,1995,1995–04,theis,1,5,0.5764775276184082
married,1995,1995–04,alphonse,1,5,0.5721465349197388
married,1995,1995–04,linus,1,5,0.5621875524520874
married,1995,1995–04,frances,1,5,0.5621557831764221
married,1995,1995–04,rausch,1,5,0.5571936964988708
married,1995,1995–04,hommerding,1,5,0.5449459552764893
married,1995,1995–04,farmed,1,5,0.5417709350585938
married,1995,1995–04,cyril,1,5,0.5409885048866272
married,1995,1995–04,hemmesch,1,5,0.5407571792602539
married,1995,1995–04,hondl,1,5,0.5375000834465027
married,1995,1995–04,ethel,1,5,0.4585229158401489
married,1995,1995–04,arlington,1,5,0.4537043273448944
married,1995,1995–04,honeymoon,1,5,0.44604745507240295
married,1995,1995–04,reside,1,5,0.42046797275543213
married,1995,1995–04,mann,1,5,0.4164222776889801
married,1995,1995–04,debra,1,5,0.41363948583602905
married,1995,1995–04,blabey,1,5,0.4112074375152588
married,1995,1995–04,janice,1,5,0.40835872292518616
married,1995,1995–04,julian,1,5,0.4075900912284851
married,1995,1995–04,daughters,1,5,0.40671026706695557
married,1995,1995–04,fiance,1,5,0.40660515427589417
married,1995,1995–04,givens,1,5,0.4492128789424896
married,1995,1995–04,lillian,1,5,0.4480675160884857
married,1995,1995–04,wanda,1,5,0.44530192017555237
married,1995,1995–04,caine,1,5,0.4390406608581543
married,1995,1995–04,milteer,1,5,0.43864935636520386
married,1995,1995–04,granddaughter,1,5,0.436233252286911
married,1995,1995–04,twins,1,5,0.4346495568752289
married,1995,1995–04,lucy,1,5,0.4312470555305481
married,1995,1995–04,youngest,1,5,0.42632293701171875
married,1995,1995–04,couples,1,5,0.42621392011642456
nurse,1995,1995–04,physicians,5,5,0.5357634663581848
nurse,1995,1995–04,patient,3,5,0.524315615495046
nurse,1995,1995–04,dental,3,5,0.5651078820228577
nurse,1995,1995–04,psychiatric,2,5,0.5766547918319702
nurse,1995,1995–04,hospitals,2,5,0.5224999487400055
nurse,1995,1995–04,hospital,2,5,0.48795635998249054
nurse,1995,1995–04,doctors,2,5,0.5220991373062134
nurse,1995,1995–04,paramedics,2,5,0.487179771065712
nurse,1995,1995–04,surgeon,2,5,0.546057403087616
nurse,1995,1995–04,intensive,2,5,0.519097313284874
nurse,1995,1995–04,pediatric,2,5,0.474402591586113
nurse,1995,1995–04,cpr,2,5,0.5363560765981674
nurse,1995,1995–04,therapist,2,5,0.5363612174987793
nurse,1995,1995–04,doctor,1,5,0.5410842895507812
nurse,1995,1995–04,enloe,1,5,0.5235381722450256
nurse,1995,1995–04,rn,1,5,0.5028272867202759
nurse,1995,1995–04,surgical,1,5,0.49825555086135864
nurse,1995,1995–04,nicholaus,1,5,0.48796239495277405
nurse,1995,1995–04,clinics,1,5,0.4606282711029053
nurse,1995,1995–04,outpatient,1,5,0.45735254883766174
nurse,1995,1995–04,technician,1,5,0.45442870259284973
nurse,1995,1995–04,chiu,1,5,0.44927433133125305
nurse,1995,1995–04,immaculate,1,5,0.4419052302837372
nurse,1995,1995–04,anslow,1,5,0.4408530294895172
nurse,1995,1995–04,benedictine,1,5,0.43719103932380676
nurse,1995,1995–04,administered,1,5,0.43477901816368103
nurse,1995,1995–04,residency,1,5,0.4296208620071411
nurse,1995,1995–04,physician,1,5,0.6110565066337585
nurse,1995,1995–04,essentia,1,5,0.5988230109214783
nurse,1995,1995–04,patients,1,5,0.5902044177055359
nurse,1995,1995–04,assistants,1,5,0.5565293431282043
nurse,1995,1995–04,centracare,1,5,0.5550066828727722
nurse,1995,1995–04,nursing,1,5,0.5467556715011597
nurse,1995,1995–04,skilled,1,5,0.544343888759613
nurse,1995,1995–04,registered,1,5,0.5361815094947815
nurse,1995,1995–04,diana,1,5,0.5308117866516113
nurse,1995,1995–04,medicare,1,5,0.5267824530601501
nurse,1995,1995–04,caritas,1,5,0.5881646275520325
nurse,1995,1995–04,medication,1,5,0.5414292812347412
nurse,1995,1995–04,mgh,1,5,0.5398492217063904
nurse,1995,1995–04,pediatrician,1,5,0.5368361473083496
nurse,1995,1995–04,kamalian,1,5,0.5304412245750427
nurse,1995,1995–04,southwood,1,5,0.527679443359375
nurse,1995,1995–04,faust,1,5,0.5228270292282104
nurse,1995,1995–04,illnesses,1,5,0.5190210342407227
nurse,1995,1995–04,manor,1,5,0.5182352066040039
nurse,1995,1995–04,underwent,1,5,0.5177232623100281
nurse,1995,1995–04,transplant,1,5,0.5134238600730896
nurse,1995,1995–04,shands,1,5,0.6507386565208435
nurse,1995,1995–04,munroe,1,5,0.6032042503356934
nurse,1995,1995–04,cardiac,1,5,0.5884488224983215
nurse,1995,1995–04,humana,1,5,0.5880886912345886
nurse,1995,1995–04,pregnancy,1,5,0.5876721143722534
nurse,1995,1995–04,clinic,1,5,0.5799388885498047
nurse,1995,1995–04,ambulance,1,5,0.5576890110969543
nurse,1995,1995–04,mayo,1,5,0.5513312816619873
nurse,1995,1995–04,treating,1,5,0.5492215752601624
parents,1995,1995–04,children,3,5,0.4543766677379608
parents,1995,1995–04,parenting,3,5,0.4134463469187419
parents,1995,1995–04,moms,2,5,0.4490320682525635
parents,1995,1995–04,grieving,2,5,0.4468832314014435
parents,1995,1995–04,principals,2,5,0.421548992395401
parents,1995,1995–04,grandparents,2,5,0.43485723435878754
parents,1995,1995–04,mother,2,5,0.43923328816890717
parents,1995,1995–04,husbands,2,5,0.3999212831258774
parents,1995,1995–04,foster,2,5,0.43747319281101227
parents,1995,1995–04,adoption,2,5,0.41406577825546265
parents,1995,1995–04,pregnancy,2,5,0.41204340755939484
parents,1995,1995–04,vann,1,5,0.47010543942451477
parents,1995,1995–04,labarthe,1,5,0.4454679787158966
parents,1995,1995–04,neglected,1,5,0.4356803596019745
parents,1995,1995–04,richland,1,5,0.41415897011756897
parents,1995,1995–04,osborn,1,5,0.41305315494537354
parents,1995,1995–04,abusing,1,5,0.4109826385974884
parents,1995,1995–04,literacy,1,5,0.41062653064727783
parents,1995,1995–04,siblings,1,5,0.487311989068985
parents,1995,1995–04,maresca,1,5,0.4348771870136261
parents,1995,1995–04,pta,1,5,0.4333421289920807
parents,1995,1995–04,yoga,1,5,0.4303056299686432
parents,1995,1995–04,lenore,1,5,0.43021753430366516
parents,1995,1995–04,guidance,1,5,0.42761796712875366
parents,1995,1995–04,ps,1,5,0.42399051785469055
parents,1995,1995–04,elementary,1,5,0.42179882526397705
parents,1995,1995–04,mothers,1,5,0.4077128469944
parents,1995,1995–04,poveromo,1,5,0.40580201148986816
parents,1995,1995–04,principal,1,5,0.4034181535243988
parents,1995,1995–04,infant,1,5,0.4769943952560425
parents,1995,1995–04,caregivers,1,5,0.47245728969573975
parents,1995,1995–04,coping,1,5,0.45837271213531494
parents,1995,1995–04,counselors,1,5,0.4506419897079468
parents,1995,1995–04,kindergarten,1,5,0.4484092593193054
parents,1995,1995–04,niece,1,5,0.4408174753189087
parents,1995,1995–04,nephew,1,5,0.44009625911712646
parents,1995,1995–04,kristin,1,5,0.4338073432445526
parents,1995,1995–04,bullying,1,5,0.43190521001815796
parents,1995,1995–04,aged,1,5,0.4247295558452606
parents,1995,1995–04,burlingame,1,5,0.4234228730201721
parents,1995,1995–04,pregnant,1,5,0.4231351613998413
parents,1995,1995–04,spock,1,5,0.4380342662334442
parents,1995,1995–04,adopt,1,5,0.41749274730682373
parents,1995,1995–04,rollie,1,5,0.413326233625412
parents,1995,1995–04,peggy,1,5,0.40563297271728516
parents,1995,1995–04,tai,1,5,0.40469878911972046
parents,1995,1995–04,gina,1,5,0.40428870916366577
parents,1995,1995–04,adopting,1,5,0.4000806212425232
parents,1995,1995–04,mom,1,5,0.3898540139198303
parents,1995,1995–04,kids,1,5,0.3883602023124695
parents,1995,1995–04,playground,1,5,0.37953996658325195
parents,1995,1995–04,neglect,1,5,0.49594223499298096
parents,1995,1995–04,zachary,1,5,0.4816185534000397
parents,1995,1995–04,preschool,1,5,0.4599708616733551
parents,1995,1995–04,cuevas,1,5,0.4550744295120239
parents,1995,1995–04,ines,1,5,0.45241475105285645
parents,1995,1995–04,educate,1,5,0.4486665427684784
parents,1995,1995–04,humana,1,5,0.4477235972881317
parents,1995,1995–04,biological,1,5,0.43420055508613586
parents,1995,1995–04,finances,1,5,0.432314932346344
parents,1995,1995–04,aimee,1,5,0.4312719702720642
parents,1995,1995–04,classmates,1,5,0.43057742714881897
pastor,1995,1995–04,rev,5,5,0.5811549842357635
pastor,1995,1995–04,church,4,5,0.5684621781110764
pastor,1995,1995–04,baptist,4,5,0.5623682588338852
pastor,1995,1995–04,congregation,3,5,0.5634926656881968
pastor,1995,1995–04,calvary,3,5,0.5511550108591715
pastor,1995,1995–04,episcopal,3,5,0.5882749756177267
pastor,1995,1995–04,presbyterian,3,5,0.5224592089653015
pastor,1995,1995–04,lutheran,3,5,0.5582810739676157
pastor,1995,1995–04,officiating,2,5,0.5351351797580719
pastor,1995,1995–04,methodist,2,5,0.6101863086223602
pastor,1995,1995–04,congregational,2,5,0.5255574136972427
pastor,1995,1995–04,ordained,2,5,0.586224228143692
pastor,1995,1995–04,parish,2,5,0.5978849530220032
pastor,1995,1995–04,officiate,2,5,0.5804734826087952
pastor,1995,1995–04,baptized,2,5,0.51902274787426
pastor,1995,1995–04,minister,2,5,0.490312322974205
pastor,1995,1995–04,denney,1,5,0.6156109571456909
pastor,1995,1995–04,haney,1,5,0.5764940977096558
pastor,1995,1995–04,missionary,1,5,0.5696173906326294
pastor,1995,1995–04,masonic,1,5,0.5412147045135498
pastor,1995,1995–04,diocese,1,5,0.537929892539978
pastor,1995,1995–04,deacon,1,5,0.5837770104408264
pastor,1995,1995–04,monsignor,1,5,0.5835785865783691
pastor,1995,1995–04,mcgann,1,5,0.5758411288261414
pastor,1995,1995–04,boniface,1,5,0.575653076171875
pastor,1995,1995–04,rectory,1,5,0.5663436055183411
pastor,1995,1995–04,reverend,1,5,0.5629158616065979
pastor,1995,1995–04,fr,1,5,0.5623137950897217
pastor,1995,1995–04,christ,1,5,0.4982846677303314
pastor,1995,1995–04,ministry,1,5,0.49242591857910156
pastor,1995,1995–04,maureen,1,5,0.4880761504173279
pastor,1995,1995–04,resurrection,1,5,0.4842897653579712
pastor,1995,1995–04,parishioners,1,5,0.6155640482902527
pastor,1995,1995–04,mullin,1,5,0.6000146269798279
pastor,1995,1995–04,evangelist,1,5,0.5915524363517761
pastor,1995,1995–04,parishioner,1,5,0.5821617841720581
pastor,1995,1995–04,parishes,1,5,0.5814723968505859
pastor,1995,1995–04,dussourd,1,5,0.560973048210144
pastor,1995,1995–04,priest,1,5,0.5579754710197449
pastor,1995,1995–04,benzevich,1,5,0.5521237850189209
pastor,1995,1995–04,mcdonough,1,5,0.5489062666893005
pastor,1995,1995–04,mullen,1,5,0.547815203666687
pastor,1995,1995–04,evangelical,1,5,0.5387580990791321
pastor,1995,1995–04,lancaster,1,5,0.5200718641281128
pastor,1995,1995–04,trinity,1,5,0.5154297947883606
pastor,1995,1995–04,choir,1,5,0.5111366510391235
pastor,1995,1995–04,randall,1,5,0.5089019536972046
physician,1995,1995–04,patients,4,5,0.6079611331224442
physician,1995,1995–04,nurses,4,5,0.5730593800544739
physician,1995,1995–04,clinical,4,5,0.5546148866415024
physician,1995,1995–04,psychiatric,3,5,0.5691514611244202
physician,1995,1995–04,doctors,3,5,0.5673418243726095
physician,1995,1995–04,surgeon,3,5,0.6393217841784159
physician,1995,1995–04,patient,2,5,0.5785001516342163
physician,1995,1995–04,psychiatry,2,5,0.5881987512111664
physician,1995,1995–04,prescribed,2,5,0.5557747185230255
physician,1995,1995–04,providers,2,5,0.5717016756534576
physician,1995,1995–04,medicine,2,5,0.5572374761104584
physician,1995,1995–04,doctor,2,5,0.5508529841899872
physician,1995,1995–04,dental,2,5,0.6140916645526886
physician,1995,1995–04,psychiatrist,2,5,0.5623915791511536
physician,1995,1995–04,pilch,1,5,0.5655785799026489
physician,1995,1995–04,pediatric,1,5,0.5439591407775879
physician,1995,1995–04,neurological,1,5,0.5199549794197083
physician,1995,1995–04,orthopedic,1,5,0.5195731520652771
physician,1995,1995–04,pathology,1,5,0.5128434896469116
physician,1995,1995–04,schizophrenia,1,5,0.5113549828529358
physician,1995,1995–04,hypochondria,1,5,0.5875077247619629
physician,1995,1995–04,practitioner,1,5,0.5843471884727478
physician,1995,1995–04,chiu,1,5,0.5795100331306458
physician,1995,1995–04,surgeries,1,5,0.5583980679512024
physician,1995,1995–04,barsky,1,5,0.5504693388938904
physician,1995,1995–04,kirshner,1,5,0.5475237369537354
physician,1995,1995–04,corsello,1,5,0.5358069539070129
physician,1995,1995–04,outpatient,1,5,0.5339261889457703
physician,1995,1995–04,yager,1,5,0.5319998860359192
physician,1995,1995–04,transplant,1,5,0.6713923811912537
physician,1995,1995–04,chronic,1,5,0.6381860971450806
physician,1995,1995–04,immune,1,5,0.6211462616920471
physician,1995,1995–04,measles,1,5,0.6166647672653198
physician,1995,1995–04,forensic,1,5,0.6047347784042358
physician,1995,1995–04,illnesses,1,5,0.5912534594535828
physician,1995,1995–04,skilled,1,5,0.590823233127594
physician,1995,1995–04,strain,1,5,0.5886974334716797
physician,1995,1995–04,diseases,1,5,0.5863263010978699
physician,1995,1995–04,mgh,1,5,0.6449839472770691
physician,1995,1995–04,zoll,1,5,0.6015182733535767
physician,1995,1995–04,infection,1,5,0.5848984718322754
physician,1995,1995–04,prostate,1,5,0.5796820521354675
physician,1995,1995–04,mclean,1,5,0.5777367353439331
physician,1995,1995–04,federman,1,5,0.576814591884613
physician,1995,1995–04,deaconess,1,5,0.5697906613349915
physician,1995,1995–04,therapist,1,5,0.5693935751914978
physician,1995,1995–04,molecular,1,5,0.5687821507453918
physician,1995,1995–04,shands,1,5,0.60623699426651
physician,1995,1995–04,hospitals,1,5,0.5682191848754883
physician,1995,1995–04,healthcare,1,5,0.5675267577171326
physician,1995,1995–04,cardiac,1,5,0.5573714375495911
physician,1995,1995–04,treating,1,5,0.5570021271705627
police,1995,1995–04,officers,5,5,0.5608662128448486
police,1995,1995–04,detectives,4,5,0.5640450417995453
police,1995,1995–04,deputies,4,5,0.5093556940555573
police,1995,1995–04,shootings,2,5,0.4730425477027893
police,1995,1995–04,troopers,2,5,0.5397357940673828
police,1995,1995–04,authorities,2,5,0.4998389184474945
police,1995,1995–04,suspects,2,5,0.5064247846603394
police,1995,1995–04,suspect,2,5,0.48554378747940063
police,1995,1995–04,dispatched,2,5,0.46242012083530426
police,1995,1995–04,officer,2,5,0.480124369263649
police,1995,1995–04,fled,2,5,0.46785177290439606
police,1995,1995–04,detained,1,5,0.5572389364242554
police,1995,1995–04,biggs,1,5,0.5052714347839355
police,1995,1995–04,robberies,1,5,0.5031685829162598
police,1995,1995–04,lapd,1,5,0.5026867389678955
police,1995,1995–04,macagni,1,5,0.501120388507843
police,1995,1995–04,dui,1,5,0.4930077791213989
police,1995,1995–04,arrests,1,5,0.49175506830215454
police,1995,1995–04,handgun,1,5,0.4909895956516266
police,1995,1995–04,bratton,1,5,0.4862913489341736
police,1995,1995–04,whereabouts,1,5,0.48528411984443665
police,1995,1995–04,shootout,1,5,0.4767146110534668
police,1995,1995–04,det,1,5,0.5909170508384705
police,1995,1995–04,trooper,1,5,0.560167670249939
police,1995,1995–04,cops,1,5,0.5543249249458313
police,1995,1995–04,robbers,1,5,0.5393495559692383
police,1995,1995–04,patrol,1,5,0.5308340787887573
police,1995,1995–04,patrolling,1,5,0.5262479782104492
police,1995,1995–04,arrested,1,5,0.5229930281639099
police,1995,1995–04,investigators,1,5,0.5204282402992249
police,1995,1995–04,dispatcher,1,5,0.5143715143203735
police,1995,1995–04,cram,1,5,0.4834000766277313
police,1995,1995–04,investigate,1,5,0.45537492632865906
police,1995,1995–04,warrants,1,5,0.4553247392177582
police,1995,1995–04,corrections,1,5,0.450313538312912
police,1995,1995–04,locate,1,5,0.44409576058387756
police,1995,1995–04,investigating,1,5,0.4436895251274109
police,1995,1995–04,firefighter,1,5,0.4362295866012573
police,1995,1995–04,department,1,5,0.4321443438529968
police,1995,1995–04,investigator,1,5,0.4317590892314911
police,1995,1995–04,barracks,1,5,0.5560792684555054
police,1995,1995–04,hupd,1,5,0.5440862774848938
police,1995,1995–04,sgt,1,5,0.5247936844825745
police,1995,1995–04,detective,1,5,0.5213737487792969
police,1995,1995–04,uniformed,1,5,0.5187860727310181
police,1995,1995–04,hurley,1,5,0.49625059962272644
police,1995,1995–04,contos,1,5,0.4827677011489868
police,1995,1995–04,alerted,1,5,0.48223772644996643
police,1995,1995–04,undercover,1,5,0.46811214089393616
police,1995,1995–04,naughton,1,5,0.4638722240924835
police,1995,1995–04,paramedics,1,5,0.519605815410614
police,1995,1995–04,tpd,1,5,0.49720969796180725
police,1995,1995–04,fdle,1,5,0.4962341785430908
police,1995,1995–04,homicide,1,5,0.4897020161151886
police,1995,1995–04,capri,1,5,0.4703390598297119
police,1995,1995–04,gunman,1,5,0.4700673222541809
police,1995,1995–04,gunfire,1,5,0.4622251093387604
prosecutor,1995,1995–04,prosecution,5,5,0.6000214338302612
prosecutor,1995,1995–04,juror,3,5,0.561129113038381
prosecutor,1995,1995–04,indictment,3,5,0.6367731690406799
prosecutor,1995,1995–04,acquitted,3,5,0.582594633102417
prosecutor,1995,1995–04,prosecuted,3,5,0.574134369691213
prosecutor,1995,1995–04,prosecuting,2,5,0.5663271248340607
prosecutor,1995,1995–04,racketeering,2,5,0.6037017107009888
prosecutor,1995,1995–04,sentencing,2,5,0.597129613161087
prosecutor,1995,1995–04,brocchini,1,5,0.6035534143447876
prosecutor,1995,1995–04,attorney,1,5,0.5994427800178528
prosecutor,1995,1995–04,melamed,1,5,0.5679323673248291
prosecutor,1995,1995–04,testa,1,5,0.5562099814414978
prosecutor,1995,1995–04,geragos,1,5,0.554652750492096
prosecutor,1995,1995–04,maleksalehi,1,5,0.5505572557449341
prosecutor,1995,1995–04,dennison,1,5,0.5489206314086914
prosecutor,1995,1995–04,pled,1,5,0.548615038394928
prosecutor,1995,1995–04,jurors,1,5,0.539774477481842
prosecutor,1995,1995–04,cerio,1,5,0.6198521256446838
prosecutor,1995,1995–04,indict,1,5,0.5960122346878052
prosecutor,1995,1995–04,testifying,1,5,0.5858972072601318
prosecutor,1995,1995–04,morgenthau,1,5,0.5843538045883179
prosecutor,1995,1995–04,indictments,1,5,0.5838301181793213
prosecutor,1995,1995–04,telese,1,5,0.5784614682197571
prosecutor,1995,1995–04,tendy,1,5,0.5782701969146729
prosecutor,1995,1995–04,louima,1,5,0.5442883968353271
prosecutor,1995,1995–04,aldridge,1,5,0.5426391959190369
prosecutor,1995,1995–04,dhinsa,1,5,0.5418742299079895
prosecutor,1995,1995–04,skakel,1,5,0.5393199920654297
prosecutor,1995,1995–04,pfaff,1,5,0.7335771918296814
prosecutor,1995,1995–04,verdict,1,5,0.6718789935112
prosecutor,1995,1995–04,ruled,1,5,0.6700321435928345
prosecutor,1995,1995–04,lawyers,1,5,0.6651813983917236
prosecutor,1995,1995–04,appeals,1,5,0.6539806723594666
prosecutor,1995,1995–04,investigate,1,5,0.6438984274864197
prosecutor,1995,1995–04,plea,1,5,0.6414853930473328
prosecutor,1995,1995–04,kidnapping,1,5,0.6401312947273254
prosecutor,1995,1995–04,homicide,1,5,0.6367084980010986
prosecutor,1995,1995–04,lawsuits,1,5,0.6362855434417725
prosecutor,1995,1995–04,investigator,1,5,0.6344865560531616
prosecutor,1995,1995–04,allegations,1,5,0.6241169571876526
prosecutor,1995,1995–04,attorneys,1,5,0.6240635514259338
prosecutor,1995,1995–04,convict,1,5,0.6908311247825623
prosecutor,1995,1995–04,kater,1,5,0.6643897294998169
prosecutor,1995,1995–04,extortion,1,5,0.6637560725212097
prosecutor,1995,1995–04,blodgett,1,5,0.639129102230072
prosecutor,1995,1995–04,conte,1,5,0.6309990286827087
prosecutor,1995,1995–04,neves,1,5,0.6199678778648376
prosecutor,1995,1995–04,keating,1,5,0.617479681968689
prosecutor,1995,1995–04,defendant,1,5,0.6105444431304932
prosecutor,1995,1995–04,dykens,1,5,0.6091733574867249
prosecutor,1995,1995–04,arraignment,1,5,0.6028974652290344
prosecutor,1995,1995–04,wrongdoing,1,5,0.6248276829719543
prosecutor,1995,1995–04,gonzales,1,5,0.6007975935935974
prosecutor,1995,1995–04,testify,1,5,0.588995635509491
prosecutor,1995,1995–04,acosta,1,5,0.574317216873169
prosecutor,1995,1995–04,falcon,1,5,0.571219265460968
prosecutor,1995,1995–04,ilhardt,1,5,0.5705572962760925
prosecutor,1995,1995–04,lubin,1,5,0.5700024962425232
prosecutor,1995,1995–04,magluta,1,5,0.5683463215827942
prosecutor,1995,1995–04,informant,1,5,0.5643271803855896
relatives,1995,1995–04,family,2,5,0.4415155351161957
relatives,1995,1995–04,acquaintances,2,5,0.45815835893154144
relatives,1995,1995–04,solace,2,5,0.43755118548870087
relatives,1995,1995–04,friends,2,5,0.4832615256309509
relatives,1995,1995–04,uncles,2,5,0.4584334045648575
relatives,1995,1995–04,estranged,2,5,0.4577033519744873
relatives,1995,1995–04,cousins,2,5,0.4557395577430725
relatives,1995,1995–04,slain,2,5,0.48969796299934387
relatives,1995,1995–04,siblings,1,5,0.4571814239025116
relatives,1995,1995–04,spouses,1,5,0.441355437040329
relatives,1995,1995–04,offspring,1,5,0.4383302330970764
relatives,1995,1995–04,aunts,1,5,0.43249598145484924
relatives,1995,1995–04,families,1,5,0.43157529830932617
relatives,1995,1995–04,deceased,1,5,0.4265765845775604
relatives,1995,1995–04,deepest,1,5,0.4214101731777191
relatives,1995,1995–04,maternal,1,5,0.41287773847579956
relatives,1995,1995–04,myung,1,5,0.4098460376262665
relatives,1995,1995–04,thelma,1,5,0.40531492233276367
relatives,1995,1995–04,companions,1,5,0.40503424406051636
relatives,1995,1995–04,ancestry,1,5,0.399722158908844
relatives,1995,1995–04,ramsay,1,5,0.4738953411579132
relatives,1995,1995–04,marlene,1,5,0.4619375765323639
relatives,1995,1995–04,elian,1,5,0.451896995306015
relatives,1995,1995–04,vaninwegen,1,5,0.44897395372390747
relatives,1995,1995–04,presumed,1,5,0.4460722804069519
relatives,1995,1995–04,josephine,1,5,0.4437367022037506
relatives,1995,1995–04,kindlon,1,5,0.4382733106613159
relatives,1995,1995–04,hasbrouck,1,5,0.4279412627220154
relatives,1995,1995–04,melamed,1,5,0.4265424609184265
relatives,1995,1995–04,ronnie,1,5,0.42121174931526184
relatives,1995,1995–04,inurnment,1,5,0.5615397691726685
relatives,1995,1995–04,reside,1,5,0.5401895642280579
relatives,1995,1995–04,entombment,1,5,0.530043363571167
relatives,1995,1995–04,calvary,1,5,0.5232470035552979
relatives,1995,1995–04,chilson,1,5,0.5126453638076782
relatives,1995,1995–04,isolated,1,5,0.47626858949661255
relatives,1995,1995–04,narthex,1,5,0.475233256816864
relatives,1995,1995–04,lovely,1,5,0.46765509247779846
relatives,1995,1995–04,immanuel,1,5,0.4663763642311096
relatives,1995,1995–04,cousin,1,5,0.46511730551719666
relatives,1995,1995–04,cemetery,1,5,0.46319183707237244
relatives,1995,1995–04,gather,1,5,0.4618232846260071
relatives,1995,1995–04,azores,1,5,0.5126435160636902
relatives,1995,1995–04,rollie,1,5,0.495696097612381
relatives,1995,1995–04,surfaced,1,5,0.4936545789241791
relatives,1995,1995–04,ager,1,5,0.4916969835758209
relatives,1995,1995–04,wept,1,5,0.4726148545742035
relatives,1995,1995–04,grieving,1,5,0.4691634774208069
relatives,1995,1995–04,manor,1,5,0.46914413571357727
relatives,1995,1995–04,privately,1,5,0.4676274061203003
relatives,1995,1995–04,haunted,1,5,0.4673222601413727
relatives,1995,1995–04,remembering,1,5,0.46208062767982483
relatives,1995,1995–04,mourn,1,5,0.4612242579460144
relatives,1995,1995–04,dussourd,1,5,0.4579816460609436
relatives,1995,1995–04,vicious,1,5,0.4976508319377899
relatives,1995,1995–04,belongings,1,5,0.4909372329711914
relatives,1995,1995–04,turtles,1,5,0.4859808683395386
relatives,1995,1995–04,tribe,1,5,0.4822458028793335
relatives,1995,1995–04,kosovo,1,5,0.48087435960769653
relatives,1995,1995–04,solitary,1,5,0.4764009714126587
relatives,1995,1995–04,freed,1,5,0.4739825427532196
relatives,1995,1995–04,ricans,1,5,0.4716666638851166
relatives,1995,1995–04,spain,1,5,0.47013115882873535
relatives,1995,1995–04,nuns,1,5,0.4666145443916321
relatives,1995,1995–04,vanished,1,5,0.4652908444404602
relatives,1995,1995–04,cuevas,1,5,0.46428248286247253
relatives,1995,1995–04,wounds,1,5,0.4639783799648285
secretary,1995,1995–04,treasurer,5,5,0.5048693358898163
secretary,1995,1995–04,rumsfeld,2,5,0.46999727189540863
secretary,1995,1995–04,cheney,2,5,0.4371079206466675
secretary,1995,1995–04,colin,2,5,0.4337412714958191
secretary,1995,1995–04,kissinger,2,5,0.4941921830177307
secretary,1995,1995–04,senator,2,5,0.48706281185150146
secretary,1995,1995–04,representative,2,5,0.45876848697662354
secretary,1995,1995–04,treasury,2,5,0.5568872690200806
secretary,1995,1995–04,minister,2,5,0.445227786898613
secretary,1995,1995–04,president,1,5,0.4660497307777405
secretary,1995,1995–04,controller,1,5,0.4224741458892822
secretary,1995,1995–04,vice,1,5,0.41877302527427673
secretary,1995,1995–04,manley,1,5,0.4159412086009979
secretary,1995,1995–04,kellogg,1,5,0.4032551050186157
secretary,1995,1995–04,quayle,1,5,0.3977656364440918
secretary,1995,1995–04,herbert,1,5,0.39621925354003906
secretary,1995,1995–04,steward,1,5,0.39338552951812744
secretary,1995,1995–04,wilkins,1,5,0.3919438123703003
secretary,1995,1995–04,resign,1,5,0.38817426562309265
secretary,1995,1995–04,spokesperson,1,5,0.38777482509613037
secretary,1995,1995–04,governors,1,5,0.5159874558448792
secretary,1995,1995–04,albright,1,5,0.5007709264755249
secretary,1995,1995–04,ritter,1,5,0.49135106801986694
secretary,1995,1995–04,accountants,1,5,0.48992884159088135
secretary,1995,1995–04,cabinet,1,5,0.4873288571834564
secretary,1995,1995–04,commanders,1,5,0.4775594174861908
secretary,1995,1995–04,advisers,1,5,0.476513534784317
secretary,1995,1995–04,pheffer,1,5,0.47161880135536194
secretary,1995,1995–04,strategists,1,5,0.4679487645626068
secretary,1995,1995–04,incoming,1,5,0.46495646238327026
secretary,1995,1995–04,lyndon,1,5,0.4550977349281311
secretary,1995,1995–04,committees,1,5,0.4512663781642914
secretary,1995,1995–04,auditor,1,5,0.5513327121734619
secretary,1995,1995–04,simon,1,5,0.5339861512184143
secretary,1995,1995–04,candidacy,1,5,0.5024265050888062
secretary,1995,1995–04,danckwart,1,5,0.48686841130256653
secretary,1995,1995–04,oregon,1,5,0.4836582839488983
secretary,1995,1995–04,keefe,1,5,0.48153403401374817
secretary,1995,1995–04,lieutenant,1,5,0.47972190380096436
secretary,1995,1995–04,alabama,1,5,0.4777470529079437
secretary,1995,1995–04,opponent,1,5,0.4769507944583893
secretary,1995,1995–04,challenger,1,5,0.46878382563591003
secretary,1995,1995–04,kamala,1,5,0.453776091337204
secretary,1995,1995–04,backes,1,5,0.45376190543174744
secretary,1995,1995–04,deputy,1,5,0.5097617506980896
secretary,1995,1995–04,annan,1,5,0.5089476108551025
secretary,1995,1995–04,diplomat,1,5,0.4848128855228424
secretary,1995,1995–04,ambassador,1,5,0.4807800352573395
secretary,1995,1995–04,armitage,1,5,0.46390828490257263
secretary,1995,1995–04,summit,1,5,0.45015794038772583
secretary,1995,1995–04,advisor,1,5,0.44425317645072937
secretary,1995,1995–04,appointed,1,5,0.4434613585472107
secretary,1995,1995–04,jeanne,1,5,0.43814411759376526
secretary,1995,1995–04,dukakis,1,5,0.4315907657146454
secretary,1995,1995–04,congressman,1,5,0.48798152804374695
secretary,1995,1995–04,successor,1,5,0.4687281548976898
secretary,1995,1995–04,congressional,1,5,0.46760091185569763
secretary,1995,1995–04,reno,1,5,0.4653915464878082
secretary,1995,1995–04,replaces,1,5,0.4642665386199951
secretary,1995,1995–04,donaldson,1,5,0.4622141718864441
secretary,1995,1995–04,aide,1,5,0.461215078830719
secretary,1995,1995–04,aides,1,5,0.45946794748306274
secretary,1995,1995–04,adviser,1,5,0.4566710293292999
siblings,1995,1995–04,sisters,4,5,0.5729543119668961
siblings,1995,1995–04,grandsons,3,5,0.5569625695546468
siblings,1995,1995–04,predeceased,2,5,0.5702092051506042
siblings,1995,1995–04,aunts,2,5,0.5620892345905304
siblings,1995,1995–04,eldest,2,5,0.5401191115379333
siblings,1995,1995–04,granddaughters,2,5,0.5567428469657898
siblings,1995,1995–04,stepson,2,5,0.5410327315330505
siblings,1995,1995–04,niece,2,5,0.5787801444530487
siblings,1995,1995–04,stepmother,1,5,0.57090163230896
siblings,1995,1995–04,uncles,1,5,0.5410721302032471
siblings,1995,1995–04,sister,1,5,0.5214821696281433
siblings,1995,1995–04,maternal,1,5,0.5162368416786194
siblings,1995,1995–04,brother,1,5,0.5063110589981079
siblings,1995,1995–04,relatives,1,5,0.49441203474998474
siblings,1995,1995–04,grandchild,1,5,0.4882020950317383
siblings,1995,1995–04,loehr,1,5,0.4881450831890106
siblings,1995,1995–04,kelsey,1,5,0.48643943667411804
siblings,1995,1995–04,madeline,1,5,0.6160539388656616
siblings,1995,1995–04,josephine,1,5,0.5905208587646484
siblings,1995,1995–04,lisicky,1,5,0.5754871964454651
siblings,1995,1995–04,widowed,1,5,0.5503199100494385
siblings,1995,1995–04,martina,1,5,0.540132462978363
siblings,1995,1995–04,bernadette,1,5,0.5399815440177917
siblings,1995,1995–04,gladys,1,5,0.5395921468734741
siblings,1995,1995–04,deserto,1,5,0.5382518172264099
siblings,1995,1995–04,rutledge,1,5,0.5375030636787415
siblings,1995,1995–04,boca,1,5,0.5374234914779663
siblings,1995,1995–04,loretta,1,5,0.5344330668449402
siblings,1995,1995–04,hansgen,1,5,0.6894493103027344
siblings,1995,1995–04,granddaughter,1,5,0.6519759297370911
siblings,1995,1995–04,bernice,1,5,0.6479997634887695
siblings,1995,1995–04,nephew,1,5,0.6283518671989441
siblings,1995,1995–04,alvin,1,5,0.6275780200958252
siblings,1995,1995–04,nieces,1,5,0.6250372529029846
siblings,1995,1995–04,elaine,1,5,0.6238506436347961
siblings,1995,1995–04,hommerding,1,5,0.6197395920753479
siblings,1995,1995–04,torborg,1,5,0.6194714307785034
siblings,1995,1995–04,spouses,1,5,0.6193444132804871
siblings,1995,1995–04,preceded,1,5,0.6154191493988037
siblings,1995,1995–04,venske,1,5,0.6150695085525513
siblings,1995,1995–04,nina,1,5,0.6191076040267944
siblings,1995,1995–04,lunenburg,1,5,0.5777387619018555
siblings,1995,1995–04,ethel,1,5,0.5684084892272949
siblings,1995,1995–04,hogan,1,5,0.5590819120407104
siblings,1995,1995–04,priscilla,1,5,0.5391608476638794
siblings,1995,1995–04,tx,1,5,0.5339661836624146
siblings,1995,1995–04,eva,1,5,0.5272334814071655
siblings,1995,1995–04,dracut,1,5,0.5272025465965271
siblings,1995,1995–04,azores,1,5,0.5258511900901794
siblings,1995,1995–04,degrace,1,5,0.524539589881897
siblings,1995,1995–04,brenda,1,5,0.5232623219490051
siblings,1995,1995–04,cousins,1,5,0.5722007155418396
siblings,1995,1995–04,rebecca,1,5,0.5606231093406677
siblings,1995,1995–04,stepfather,1,5,0.5584748983383179
siblings,1995,1995–04,stepdaughter,1,5,0.5575945973396301
siblings,1995,1995–04,falkner,1,5,0.5235399007797241
siblings,1995,1995–04,hackett,1,5,0.5196945071220398
siblings,1995,1995–04,grandparents,1,5,0.5157229900360107
siblings,1995,1995–04,farina,1,5,0.5152445435523987
siblings,1995,1995–04,milteer,1,5,0.5074825286865234
siblings,1995,1995–04,lillian,1,5,0.507199764251709
siblings,1995,1995–04,vera,1,5,0.5066370368003845
siblings,1995,1995–04,ines,1,5,0.492660254240036
siblings,1995,1995–04,aunt,1,5,0.49265509843826294
soldier,1995,1995–04,troops,4,5,0.5915941596031189
soldier,1995,1995–04,civilians,3,5,0.5815693934758505
soldier,1995,1995–04,wounded,3,5,0.5650160710016886
soldier,1995,1995–04,stationed,3,5,0.572848379611969
soldier,1995,1995–04,rebel,2,5,0.5388960242271423
soldier,1995,1995–04,uss,2,5,0.5224519371986389
soldier,1995,1995–04,korea,2,5,0.5881508588790894
soldier,1995,1995–04,enemy,2,5,0.5676392912864685
soldier,1995,1995–04,korean,2,5,0.5889067053794861
soldier,1995,1995–04,marines,2,5,0.5704732835292816
soldier,1995,1995–04,viet,1,5,0.5904156565666199
soldier,1995,1995–04,anker,1,5,0.5720453858375549
soldier,1995,1995–04,guerrillas,1,5,0.5661634802818298
soldier,1995,1995–04,cavalry,1,5,0.5648487210273743
soldier,1995,1995–04,battlefield,1,5,0.5643437504768372
soldier,1995,1995–04,pow,1,5,0.5555583834648132
soldier,1995,1995–04,californios,1,5,0.5542276501655579
soldier,1995,1995–04,bombers,1,5,0.5529730916023254
soldier,1995,1995–04,bravery,1,5,0.5494208931922913
soldier,1995,1995–04,pows,1,5,0.5462034940719604
soldier,1995,1995–04,imprisoned,1,5,0.5406323075294495
soldier,1995,1995–04,massacre,1,5,0.5359055399894714
soldier,1995,1995–04,atrocities,1,5,0.5171360969543457
soldier,1995,1995–04,guerrilla,1,5,0.516891360282898
soldier,1995,1995–04,serbian,1,5,0.49992698431015015
soldier,1995,1995–04,prisoners,1,5,0.4847327470779419
soldier,1995,1995–04,stade,1,5,0.48403677344322205
soldier,1995,1995–04,invasion,1,5,0.4811762869358063
soldier,1995,1995–04,normandy,1,5,0.4802878797054291
soldier,1995,1995–04,army,1,5,0.4772374629974365
soldier,1995,1995–04,corpses,1,5,0.4739953577518463
soldier,1995,1995–04,hunted,1,5,0.47199714183807373
soldier,1995,1995–04,persian,1,5,0.4719967842102051
soldier,1995,1995–04,generals,1,5,0.47051313519477844
soldier,1995,1995–04,schwantke,1,5,0.6340005993843079
soldier,1995,1995–04,overseas,1,5,0.6296488046646118
soldier,1995,1995–04,fadi,1,5,0.6205775737762451
soldier,1995,1995–04,iraq,1,5,0.5821689963340759
soldier,1995,1995–04,vietnam,1,5,0.5781670212745667
soldier,1995,1995–04,planes,1,5,0.5773009061813354
soldier,1995,1995–04,discharged,1,5,0.5685936808586121
soldier,1995,1995–04,enlisted,1,5,0.5662704706192017
soldier,1995,1995–04,armor,1,5,0.5846474170684814
soldier,1995,1995–04,deployed,1,5,0.5781095623970032
soldier,1995,1995–04,infantry,1,5,0.5651103854179382
soldier,1995,1995–04,casualties,1,5,0.5621790289878845
soldier,1995,1995–04,fallujah,1,5,0.5546889305114746
soldier,1995,1995–04,artillery,1,5,0.547520101070404
soldier,1995,1995–04,pacella,1,5,0.5314967036247253
soldier,1995,1995–04,kuwait,1,5,0.5226237177848816
soldier,1995,1995–04,baghdad,1,5,0.5224887728691101
soldier,1995,1995–04,combat,1,5,0.5150107145309448
soldier,1995,1995–04,revolutionary,1,5,0.6021994352340698
soldier,1995,1995–04,bronze,1,5,0.5717910528182983
soldier,1995,1995–04,brave,1,5,0.5696768164634705
soldier,1995,1995–04,afghanistan,1,5,0.5694713592529297
soldier,1995,1995–04,draped,1,5,0.544558048248291
soldier,1995,1995–04,pentagon,1,5,0.543007493019104
soldier,1995,1995–04,refugees,1,5,0.5381114482879639
soldier,1995,1995–04,nato,1,5,0.5358285903930664
surgeon,1995,1995–04,surgery,3,5,0.5596010088920593
surgeon,1995,1995–04,doctors,3,5,0.5382605592409769
surgeon,1995,1995–04,physician,3,5,0.6064290006955465
surgeon,1995,1995–04,surgical,2,5,0.5784411132335663
surgeon,1995,1995–04,tumor,2,5,0.5445144772529602
surgeon,1995,1995–04,cosmetic,2,5,0.5491089522838593
surgeon,1995,1995–04,transplant,2,5,0.5877576768398285
surgeon,1995,1995–04,surgeries,2,5,0.5608856081962585
surgeon,1995,1995–04,orthopedic,1,5,0.7371348738670349
surgeon,1995,1995–04,enlargement,1,5,0.6055245995521545
surgeon,1995,1995–04,penile,1,5,0.5709052085876465
surgeon,1995,1995–04,chemotherapy,1,5,0.5321216583251953
surgeon,1995,1995–04,neurological,1,5,0.5318982601165771
surgeon,1995,1995–04,treatments,1,5,0.5315232872962952
surgeon,1995,1995–04,asthma,1,5,0.5300600528717041
surgeon,1995,1995–04,lung,1,5,0.5228226184844971
surgeon,1995,1995–04,yager,1,5,0.6088055372238159
surgeon,1995,1995–04,chiu,1,5,0.5779565572738647
surgeon,1995,1995–04,procedure,1,5,0.5301275253295898
surgeon,1995,1995–04,artery,1,5,0.5270755887031555
surgeon,1995,1995–04,linkow,1,5,0.5255762338638306
surgeon,1995,1995–04,veterinary,1,5,0.5237799286842346
surgeon,1995,1995–04,autopsies,1,5,0.5193190574645996
surgeon,1995,1995–04,implants,1,5,0.5153914093971252
surgeon,1995,1995–04,kirshner,1,5,0.5021769404411316
surgeon,1995,1995–04,plastic,1,5,0.5016399025917053
surgeon,1995,1995–04,najarian,1,5,0.6718358397483826
surgeon,1995,1995–04,physicians,1,5,0.6159263849258423
surgeon,1995,1995–04,chronic,1,5,0.5670611262321472
surgeon,1995,1995–04,cardiac,1,5,0.5575951933860779
surgeon,1995,1995–04,disorder,1,5,0.5441907048225403
surgeon,1995,1995–04,complications,1,5,0.5399565100669861
surgeon,1995,1995–04,strain,1,5,0.5338587164878845
surgeon,1995,1995–04,proven,1,5,0.5273163318634033
surgeon,1995,1995–04,mentally,1,5,0.5257488489151001
surgeon,1995,1995–04,medtronic,1,5,0.5240365266799927
surgeon,1995,1995–04,patients,1,5,0.5239829421043396
surgeon,1995,1995–04,specialist,1,5,0.5694865584373474
surgeon,1995,1995–04,tuthill,1,5,0.5591745376586914
surgeon,1995,1995–04,mgh,1,5,0.5474589467048645
surgeon,1995,1995–04,psychiatrist,1,5,0.538451611995697
surgeon,1995,1995–04,kamalian,1,5,0.5363417863845825
surgeon,1995,1995–04,blabey,1,5,0.5320290327072144
surgeon,1995,1995–04,zoll,1,5,0.5224104523658752
surgeon,1995,1995–04,maj,1,5,0.5193080902099609
surgeon,1995,1995–04,wain,1,5,0.5178225636482239
surgeon,1995,1995–04,pioneering,1,5,0.5174009799957275
surgeon,1995,1995–04,sayre,1,5,0.5118876099586487
surgeon,1995,1995–04,gallagher,1,5,0.5088446140289307
surgeon,1995,1995–04,psychiatry,1,5,0.5060253143310547
surgeon,1995,1995–04,mclean,1,5,0.5024374127388
surgeon,1995,1995–04,nurse,1,5,0.5296544432640076
surgeon,1995,1995–04,shands,1,5,0.527733325958252
surgeon,1995,1995–04,swain,1,5,0.5142605900764465
surgeon,1995,1995–04,dentist,1,5,0.5070772767066956
surgeon,1995,1995–04,doctor,1,5,0.5050069689750671
surgeon,1995,1995–04,grossman,1,5,0.5044523477554321
surgeon,1995,1995–04,nurses,1,5,0.5030001401901245
surgeon,1995,1995–04,psychiatric,1,5,0.5009509921073914
surgeon,1995,1995–04,trauma,1,5,0.4956294298171997
surgeon,1995,1995–04,hospitals,1,5,0.4905829131603241
surgeon,1995,1995–04,morton,1,5,0.48569241166114807
surgeon,1995,1995–04,flown,1,5,0.48191553354263306
surgeon,1995,1995–04,diabetes,1,5,0.47925543785095215
veterinarian,1995,1995–04,veterinary,1,1,0.5510439276695251
veterinarian,1995,1995–04,orthopedic,1,1,0.5206270813941956
veterinarian,1995,1995–04,neurology,1,1,0.513817548751831
veterinarian,1995,1995–04,rn,1,1,0.5105547308921814
veterinarian,1995,1995–04,gillian,1,1,0.4848674237728119
veterinarian,1995,1995–04,reproductive,1,1,0.4756116569042206
veterinarian,1995,1995–04,zachary,1,1,0.4731885492801666
veterinarian,1995,1995–04,stepson,1,1,0.471280574798584
veterinarian,1995,1995–04,supervising,1,1,0.46921297907829285
veterinarian,1995,1995–04,biostatistics,1,1,0.46870917081832886
veterinarian,1995,1995–04,dea,1,1,0.46525484323501587
veterinarian,1995,1995–04,poisoned,1,1,0.4589214622974396
veterinarian,1995,1995–04,frazier,1,1,0.45737528800964355
veterinarian,1995,1995–04,psychiatric,1,1,0.45446711778640747
veterinarian,1995,1995–04,adrienne,1,1,0.45263227820396423
accountant,2000,2000–09,accounting,4,5,0.45968271791934967
accountant,2000,2000–09,certified,3,5,0.46702471375465393
accountant,2000,2000–09,bookkeeper,2,5,0.511195495724678
accountant,2000,2000–09,liabilities,1,5,0.547507107257843
accountant,2000,2000–09,denmar,1,5,0.5032627582550049
accountant,2000,2000–09,brokerage,1,5,0.49580129981040955
accountant,2000,2000–09,falsified,1,5,0.49370077252388
accountant,2000,2000–09,fiduciary,1,5,0.493399977684021
accountant,2000,2000–09,zacks,1,5,0.4924915134906769
accountant,2000,2000–09,milberg,1,5,0.49009060859680176
accountant,2000,2000–09,cfo,1,5,0.48719456791877747
accountant,2000,2000–09,lien,1,5,0.48537153005599976
accountant,2000,2000–09,retainer,1,5,0.4721220135688782
accountant,2000,2000–09,coldwell,1,5,0.46970680356025696
accountant,2000,2000–09,embezzling,1,5,0.46934106945991516
accountant,2000,2000–09,defaulted,1,5,0.46546533703804016
accountant,2000,2000–09,garitta,1,5,0.45384591817855835
accountant,2000,2000–09,cpa,1,5,0.4918268620967865
accountant,2000,2000–09,secretaries,1,5,0.4725423753261566
accountant,2000,2000–09,sanatarian,1,5,0.4612518548965454
accountant,2000,2000–09,andersen,1,5,0.44084519147872925
accountant,2000,2000–09,ceos,1,5,0.43936488032341003
accountant,2000,2000–09,mba,1,5,0.4288850426673889
accountant,2000,2000–09,wholesalers,1,5,0.428280770778656
accountant,2000,2000–09,oppenheimer,1,5,0.4279968738555908
accountant,2000,2000–09,firm,1,5,0.42640814185142517
accountant,2000,2000–09,shareing,1,5,0.4254853129386902
accountant,2000,2000–09,szabo,1,5,0.4244723320007324
accountant,2000,2000–09,schlesinger,1,5,0.4210876226425171
accountant,2000,2000–09,bilking,1,5,0.41851237416267395
accountant,2000,2000–09,repay,1,5,0.4514435827732086
accountant,2000,2000–09,electrician,1,5,0.43801775574684143
accountant,2000,2000–09,plumber,1,5,0.4336259663105011
accountant,2000,2000–09,romano,1,5,0.4283806383609772
accountant,2000,2000–09,scudder,1,5,0.4264947175979614
accountant,2000,2000–09,laborer,1,5,0.4254002273082733
accountant,2000,2000–09,mazzuchelli,1,5,0.42362260818481445
accountant,2000,2000–09,raytheon,1,5,0.4192661941051483
accountant,2000,2000–09,landlord,1,5,0.41745638847351074
accountant,2000,2000–09,gitto,1,5,0.41515353322029114
accountant,2000,2000–09,assessor,1,5,0.41058439016342163
accountant,2000,2000–09,salesman,1,5,0.4105193316936493
accountant,2000,2000–09,machinist,1,5,0.543049693107605
accountant,2000,2000–09,securities,1,5,0.5373731851577759
accountant,2000,2000–09,pediatrician,1,5,0.5097697973251343
accountant,2000,2000–09,lobbying,1,5,0.5005987286567688
accountant,2000,2000–09,fraudulent,1,5,0.49812832474708557
accountant,2000,2000–09,perjury,1,5,0.4971630275249481
accountant,2000,2000–09,treasury,1,5,0.4965555667877197
accountant,2000,2000–09,scarantino,1,5,0.4904409945011139
accountant,2000,2000–09,licensing,1,5,0.48484718799591064
accountant,2000,2000–09,rangos,1,5,0.48289453983306885
accountant,2000,2000–09,trusts,1,5,0.482226699590683
accountant,2000,2000–09,associations,1,5,0.48185303807258606
accountant,2000,2000–09,auditor,1,5,0.5751943588256836
accountant,2000,2000–09,sodemann,1,5,0.5707891583442688
accountant,2000,2000–09,hobbs,1,5,0.5297130346298218
accountant,2000,2000–09,proctor,1,5,0.5284430384635925
accountant,2000,2000–09,partnered,1,5,0.526957631111145
accountant,2000,2000–09,gm,1,5,0.5209920406341553
accountant,2000,2000–09,zullo,1,5,0.5196948051452637
accountant,2000,2000–09,enterprises,1,5,0.5176466703414917
accountant,2000,2000–09,joann,1,5,0.5118632316589355
accountant,2000,2000–09,holdings,1,5,0.5116827487945557
accountant,2000,2000–09,busey,1,5,0.5050984025001526
accountant,2000,2000–09,daly,1,5,0.49860742688179016
accountant,2000,2000–09,redspeed,1,5,0.4985930323600769
accountant,2000,2000–09,dwayne,1,5,0.495741605758667
accountant,2000,2000–09,trucking,1,5,0.4950013756752014
attendant,2000,2000–09,flight,2,4,0.4767223000526428
attendant,2000,2000–09,airlines,2,4,0.45051389932632446
attendant,2000,2000–09,bridesmaids,2,4,0.42258645594120026
attendant,2000,2000–09,passengers,2,4,0.4153836965560913
attendant,2000,2000–09,colgan,1,4,0.44946596026420593
attendant,2000,2000–09,uninjured,1,4,0.4397488236427307
attendant,2000,2000–09,stanger,1,4,0.4387489855289459
attendant,2000,2000–09,airline,1,4,0.43537336587905884
attendant,2000,2000–09,airliner,1,4,0.4273723065853119
attendant,2000,2000–09,gurney,1,4,0.41518861055374146
attendant,2000,2000–09,matron,1,4,0.4069998860359192
attendant,2000,2000–09,takeoff,1,4,0.39796996116638184
attendant,2000,2000–09,boxrud,1,4,0.3952009975910187
attendant,2000,2000–09,piloting,1,4,0.3940514326095581
attendant,2000,2000–09,gartenberg,1,4,0.39070016145706177
attendant,2000,2000–09,jetblue,1,4,0.471932977437973
attendant,2000,2000–09,nurses,1,4,0.4473554193973541
attendant,2000,2000–09,passenger,1,4,0.436263769865036
attendant,2000,2000–09,worker,1,4,0.43590423464775085
attendant,2000,2000–09,wheeled,1,4,0.4296061098575592
attendant,2000,2000–09,youngs,1,4,0.4217260777950287
attendant,2000,2000–09,cashier,1,4,0.41419196128845215
attendant,2000,2000–09,groundskeeper,1,4,0.4055324196815491
attendant,2000,2000–09,corr,1,4,0.40339359641075134
attendant,2000,2000–09,mount,1,4,0.40314367413520813
attendant,2000,2000–09,housekeeper,1,4,0.40269970893859863
attendant,2000,2000–09,sanatarian,1,4,0.4022267162799835
attendant,2000,2000–09,limousine,1,4,0.5586966872215271
attendant,2000,2000–09,landrum,1,4,0.5294449329376221
attendant,2000,2000–09,hopped,1,4,0.5165793895721436
attendant,2000,2000–09,motorist,1,4,0.5023268461227417
attendant,2000,2000–09,emptied,1,4,0.4942043721675873
attendant,2000,2000–09,crawled,1,4,0.49356570839881897
attendant,2000,2000–09,hijacked,1,4,0.49158820509910583
attendant,2000,2000–09,escort,1,4,0.4903176724910736
attendant,2000,2000–09,escorted,1,4,0.48149779438972473
attendant,2000,2000–09,precaution,1,4,0.47045400738716125
attendant,2000,2000–09,airways,1,4,0.4695735275745392
attendant,2000,2000–09,vertuccio,1,4,0.465930700302124
attendant,2000,2000–09,chatted,1,4,0.46277859807014465
attendant,2000,2000–09,tow,1,4,0.46111437678337097
attendant,2000,2000–09,swearingen,1,4,0.48984766006469727
attendant,2000,2000–09,dementri,1,4,0.47281622886657715
attendant,2000,2000–09,ram,1,4,0.4625876247882843
attendant,2000,2000–09,thefts,1,4,0.4519523084163666
attendant,2000,2000–09,obas,1,4,0.4501957297325134
attendant,2000,2000–09,landau,1,4,0.4493085741996765
attendant,2000,2000–09,uniformed,1,4,0.4472522735595703
attendant,2000,2000–09,towed,1,4,0.44628578424453735
attendant,2000,2000–09,willoughby,1,4,0.44539499282836914
attendant,2000,2000–09,dispatcher,1,4,0.4452724754810333
attendant,2000,2000–09,explosions,1,4,0.44456011056900024
attendant,2000,2000–09,gunman,1,4,0.44362226128578186
attendant,2000,2000–09,civilian,1,4,0.44315242767333984
attendant,2000,2000–09,ensued,1,4,0.44185951352119446
attendant,2000,2000–09,unlocked,1,4,0.4377686381340027
attorney,2000,2000–09,lawyer,5,5,0.5618940711021423
attorney,2000,2000–09,lawyers,4,5,0.5496973544359207
attorney,2000,2000–09,prosecutor,4,5,0.5660542696714401
attorney,2000,2000–09,prosecuting,4,5,0.5579960942268372
attorney,2000,2000–09,prosecuted,4,5,0.5439650863409042
attorney,2000,2000–09,prosecution,3,5,0.5459939241409302
attorney,2000,2000–09,counsel,2,5,0.5697554349899292
attorney,2000,2000–09,judge,2,5,0.5540578663349152
attorney,2000,2000–09,district,2,5,0.5155424475669861
attorney,2000,2000–09,prosecutors,2,5,0.5326905846595764
attorney,2000,2000–09,atty,1,5,0.6204710006713867
attorney,2000,2000–09,dist,1,5,0.5926600694656372
attorney,2000,2000–09,continuance,1,5,0.5819618105888367
attorney,2000,2000–09,arbitrator,1,5,0.5775005221366882
attorney,2000,2000–09,milberg,1,5,0.5696025490760803
attorney,2000,2000–09,schectman,1,5,0.567548394203186
attorney,2000,2000–09,deputy,1,5,0.566160261631012
attorney,2000,2000–09,trial,1,5,0.5596608519554138
attorney,2000,2000–09,randel,1,5,0.5651323795318604
attorney,2000,2000–09,tendy,1,5,0.5487613081932068
attorney,2000,2000–09,swinehart,1,5,0.5482840538024902
attorney,2000,2000–09,cerio,1,5,0.5475689172744751
attorney,2000,2000–09,preate,1,5,0.5393723249435425
attorney,2000,2000–09,subpoenaed,1,5,0.5305125117301941
attorney,2000,2000–09,scharf,1,5,0.4943234324455261
attorney,2000,2000–09,bianco,1,5,0.49243494868278503
attorney,2000,2000–09,ponsor,1,5,0.5801500082015991
attorney,2000,2000–09,coroner,1,5,0.5461374521255493
attorney,2000,2000–09,plaintiffs,1,5,0.5401611328125
attorney,2000,2000–09,solicitor,1,5,0.5397154688835144
attorney,2000,2000–09,mott,1,5,0.5273705720901489
attorney,2000,2000–09,wrongful,1,5,0.5160079598426819
attorney,2000,2000–09,magistrate,1,5,0.5159236192703247
attorney,2000,2000–09,convict,1,5,0.5099368095397949
attorney,2000,2000–09,veary,1,5,0.5052767395973206
attorney,2000,2000–09,gambones,1,5,0.5535721182823181
attorney,2000,2000–09,totaro,1,5,0.5334190130233765
attorney,2000,2000–09,chenot,1,5,0.5271633863449097
attorney,2000,2000–09,zampogna,1,5,0.5263952016830444
attorney,2000,2000–09,tranquilli,1,5,0.5081163048744202
attorney,2000,2000–09,ciavarella,1,5,0.5063223242759705
attorney,2000,2000–09,sarcione,1,5,0.4997943341732025
attorney,2000,2000–09,pavlock,1,5,0.4995417296886444
attorney,2000,2000–09,leber,1,5,0.4975507855415344
attorney,2000,2000–09,mancuso,1,5,0.4973644018173218
attorney,2000,2000–09,zappala,1,5,0.4916492998600006
attorney,2000,2000–09,appellate,1,5,0.6119913458824158
attorney,2000,2000–09,devine,1,5,0.6082903146743774
attorney,2000,2000–09,saap,1,5,0.5991159677505493
attorney,2000,2000–09,zalar,1,5,0.5522370338439941
attorney,2000,2000–09,vigorously,1,5,0.5465255379676819
attorney,2000,2000–09,marzullo,1,5,0.51369708776474
attorney,2000,2000–09,prosecute,1,5,0.5126447677612305
author,2000,2000–09,nonfiction,3,5,0.5019595821698507
author,2000,2000–09,novelist,3,5,0.5017463664213816
author,2000,2000–09,literary,3,5,0.5127837856610616
author,2000,2000–09,authored,3,5,0.5498234828313192
author,2000,2000–09,book,2,5,0.5154775679111481
author,2000,2000–09,edited,2,5,0.5141598880290985
author,2000,2000–09,writings,2,5,0.5513990819454193
author,2000,2000–09,bestselling,1,5,0.5702071189880371
author,2000,2000–09,coauthor,1,5,0.5108335018157959
author,2000,2000–09,phd,1,5,0.5080891847610474
author,2000,2000–09,biostatistics,1,5,0.5072736740112305
author,2000,2000–09,postdoctoral,1,5,0.5023481249809265
author,2000,2000–09,grunfeld,1,5,0.48530152440071106
author,2000,2000–09,engler,1,5,0.48444077372550964
author,2000,2000–09,chabon,1,5,0.48398804664611816
author,2000,2000–09,pharmacology,1,5,0.48011159896850586
author,2000,2000–09,sudore,1,5,0.4778486490249634
author,2000,2000–09,epidemiology,1,5,0.47577422857284546
author,2000,2000–09,locksley,1,5,0.473133385181427
author,2000,2000–09,neurology,1,5,0.4727575182914734
author,2000,2000–09,felsher,1,5,0.46428582072257996
author,2000,2000–09,books,1,5,0.5173515677452087
author,2000,2000–09,manuscripts,1,5,0.5069836378097534
author,2000,2000–09,paperback,1,5,0.49852216243743896
author,2000,2000–09,novelists,1,5,0.49453309178352356
author,2000,2000–09,biographies,1,5,0.4869868755340576
author,2000,2000–09,dmitri,1,5,0.46571481227874756
author,2000,2000–09,austen,1,5,0.46524250507354736
author,2000,2000–09,knopf,1,5,0.4634968340396881
author,2000,2000–09,illustrator,1,5,0.4611331820487976
author,2000,2000–09,contributors,1,5,0.458588570356369
author,2000,2000–09,hustvedt,1,5,0.4574179947376251
author,2000,2000–09,seminal,1,5,0.5576221346855164
author,2000,2000–09,laureate,1,5,0.5005385875701904
author,2000,2000–09,naturalist,1,5,0.4953504502773285
author,2000,2000–09,physiology,1,5,0.4917857348918915
author,2000,2000–09,astrophysics,1,5,0.48480695486068726
author,2000,2000–09,screenplay,1,5,0.4807313084602356
author,2000,2000–09,researcher,1,5,0.4782901704311371
author,2000,2000–09,anthropologist,1,5,0.47692403197288513
author,2000,2000–09,dworkin,1,5,0.47367674112319946
author,2000,2000–09,forthcoming,1,5,0.472199946641922
author,2000,2000–09,memoirs,1,5,0.47031882405281067
author,2000,2000–09,historian,1,5,0.539831817150116
author,2000,2000–09,hertzog,1,5,0.5175195932388306
author,2000,2000–09,novel,1,5,0.5154532194137573
author,2000,2000–09,narrative,1,5,0.5149977207183838
author,2000,2000–09,fiction,1,5,0.5108092427253723
author,2000,2000–09,poetry,1,5,0.5096649527549744
author,2000,2000–09,cartoons,1,5,0.5054469704627991
author,2000,2000–09,lore,1,5,0.5046346783638
author,2000,2000–09,penned,1,5,0.49746957421302795
author,2000,2000–09,memoir,1,5,0.4974033832550049
author,2000,2000–09,safire,1,5,0.4932292699813843
author,2000,2000–09,redistributed,1,5,0.5565499067306519
author,2000,2000–09,researched,1,5,0.5261794924736023
author,2000,2000–09,poet,1,5,0.5256418585777283
author,2000,2000–09,novels,1,5,0.524860680103302
author,2000,2000–09,poets,1,5,0.5208697319030762
author,2000,2000–09,biography,1,5,0.5100806355476379
author,2000,2000–09,rewritten,1,5,0.5099048018455505
author,2000,2000–09,filmmaker,1,5,0.5039947032928467
author,2000,2000–09,prolific,1,5,0.49937278032302856
author,2000,2000–09,publishers,1,5,0.4964148998260498
baby,2000,2000–09,newborn,5,5,0.5488539218902588
baby,2000,2000–09,infant,4,5,0.487268790602684
baby,2000,2000–09,diapers,3,5,0.48464616139729816
baby,2000,2000–09,children,3,5,0.436518798271815
baby,2000,2000–09,pregnancy,3,5,0.46872304876645404
baby,2000,2000–09,pregnant,3,5,0.43541927138964337
baby,2000,2000–09,infants,3,5,0.48009071747461957
baby,2000,2000–09,kittens,2,5,0.46642178297042847
baby,2000,2000–09,unborn,2,5,0.48718157410621643
baby,2000,2000–09,newborns,2,5,0.4742341488599777
baby,2000,2000–09,child,2,5,0.45349422097206116
baby,2000,2000–09,ava,2,5,0.44113749265670776
baby,2000,2000–09,mommy,2,5,0.47161924839019775
baby,2000,2000–09,daddy,2,5,0.4367128014564514
baby,2000,2000–09,toddler,2,5,0.46568386256694794
baby,2000,2000–09,birth,1,5,0.47880786657333374
baby,2000,2000–09,rae,1,5,0.4643877148628235
baby,2000,2000–09,toddlers,1,5,0.4557262361049652
baby,2000,2000–09,pouch,1,5,0.4518587589263916
baby,2000,2000–09,diaper,1,5,0.44735750555992126
baby,2000,2000–09,sickly,1,5,0.4363878667354584
baby,2000,2000–09,sitter,1,5,0.5029833316802979
baby,2000,2000–09,crib,1,5,0.49038317799568176
baby,2000,2000–09,mom,1,5,0.47178831696510315
baby,2000,2000–09,fajo,1,5,0.45477402210235596
baby,2000,2000–09,strollers,1,5,0.4402848780155182
baby,2000,2000–09,squeezing,1,5,0.43700718879699707
baby,2000,2000–09,boomers,1,5,0.5048635601997375
baby,2000,2000–09,adopting,1,5,0.46650245785713196
baby,2000,2000–09,adoption,1,5,0.4658707082271576
baby,2000,2000–09,angelina,1,5,0.46568453311920166
baby,2000,2000–09,adorable,1,5,0.463138222694397
baby,2000,2000–09,ghetto,1,5,0.4531792998313904
baby,2000,2000–09,jolie,1,5,0.44458597898483276
baby,2000,2000–09,births,1,5,0.4364396333694458
baby,2000,2000–09,miguel,1,5,0.42978695034980774
baby,2000,2000–09,coma,1,5,0.42233794927597046
baby,2000,2000–09,awake,1,5,0.4213593602180481
baby,2000,2000–09,dose,1,5,0.42112043499946594
baby,2000,2000–09,breasts,1,5,0.4187224805355072
baby,2000,2000–09,kidneys,1,5,0.41711848974227905
baby,2000,2000–09,ferrill,1,5,0.5133661031723022
baby,2000,2000–09,moms,1,5,0.4617077112197876
baby,2000,2000–09,premature,1,5,0.45090216398239136
baby,2000,2000–09,orphanage,1,5,0.4479210674762726
baby,2000,2000–09,syndrome,1,5,0.4332931637763977
baby,2000,2000–09,adolescent,1,5,0.4307783246040344
baby,2000,2000–09,haglund,1,5,0.42499205470085144
baby,2000,2000–09,tricia,1,5,0.4231998026371002
baby,2000,2000–09,surgeries,1,5,0.42059215903282166
biologist,2000,2000–09,wildlife,3,4,0.5810048977533976
biologist,2000,2000–09,ecology,3,4,0.5273861487706503
biologist,2000,2000–09,species,2,4,0.5316272079944611
biologist,2000,2000–09,endangered,2,4,0.5143484175205231
biologist,2000,2000–09,ecologist,1,4,0.5659882426261902
biologist,2000,2000–09,fisheries,1,4,0.5634061694145203
biologist,2000,2000–09,rockfish,1,4,0.5319908261299133
biologist,2000,2000–09,updike,1,4,0.5215811729431152
biologist,2000,2000–09,martarano,1,4,0.5204492211341858
biologist,2000,2000–09,coho,1,4,0.5201396942138672
biologist,2000,2000–09,poachers,1,4,0.5156906247138977
biologist,2000,2000–09,fish,1,4,0.5153705477714539
biologist,2000,2000–09,kilpatrick,1,4,0.5091970562934875
biologist,2000,2000–09,otters,1,4,0.49667036533355713
biologist,2000,2000–09,ecosystems,1,4,0.48985084891319275
biologist,2000,2000–09,wardens,1,4,0.48894500732421875
biologist,2000,2000–09,waterways,1,4,0.568848729133606
biologist,2000,2000–09,beetle,1,4,0.5567930340766907
biologist,2000,2000–09,conservation,1,4,0.5438430309295654
biologist,2000,2000–09,nests,1,4,0.5282840728759766
biologist,2000,2000–09,beetles,1,4,0.5261500477790833
biologist,2000,2000–09,geological,1,4,0.5191794037818909
biologist,2000,2000–09,mammals,1,4,0.5152899026870728
biologist,2000,2000–09,forestry,1,4,0.5151605010032654
biologist,2000,2000–09,environmental,1,4,0.5150359272956848
biologist,2000,2000–09,feral,1,4,0.5117831230163574
biologist,2000,2000–09,reservoirs,1,4,0.5090650916099548
biologist,2000,2000–09,zoology,1,4,0.6373765468597412
biologist,2000,2000–09,geology,1,4,0.6091747879981995
biologist,2000,2000–09,giribet,1,4,0.5947827696800232
biologist,2000,2000–09,specimens,1,4,0.5759985446929932
biologist,2000,2000–09,dinosaur,1,4,0.5739666819572449
biologist,2000,2000–09,extinct,1,4,0.5716769099235535
biologist,2000,2000–09,evolutionary,1,4,0.5470326542854309
biologist,2000,2000–09,discoveries,1,4,0.5408281087875366
biologist,2000,2000–09,mutation,1,4,0.5370758771896362
biologist,2000,2000–09,genomes,1,4,0.5362431406974792
biologist,2000,2000–09,skomal,1,4,0.5290942192077637
biologist,2000,2000–09,woodpecker,1,4,0.5275232791900635
biologist,2000,2000–09,astronomy,1,4,0.5264348983764648
biologist,2000,2000–09,copenhagen,1,4,0.5256370902061462
biologist,2000,2000–09,visosky,1,4,0.5016917586326599
biologist,2000,2000–09,dcnr,1,4,0.5016626715660095
biologist,2000,2000–09,shear,1,4,0.5008902549743652
biologist,2000,2000–09,refuge,1,4,0.4985571801662445
biologist,2000,2000–09,sociology,1,4,0.49774864315986633
biologist,2000,2000–09,audubon,1,4,0.4969109296798706
biologist,2000,2000–09,cranes,1,4,0.4956251084804535
biologist,2000,2000–09,usda,1,4,0.49516648054122925
biologist,2000,2000–09,forests,1,4,0.4943174123764038
biologist,2000,2000–09,nesting,1,4,0.4913964569568634
biologist,2000,2000–09,uhler,1,4,0.4887160062789917
biologist,2000,2000–09,prey,1,4,0.4819464087486267
biologist,2000,2000–09,commission,1,4,0.48189377784729004
broker,2000,2000–09,estate,5,5,0.5485901832580566
broker,2000,2000–09,brokerage,3,5,0.5627248883247375
broker,2000,2000–09,realty,3,5,0.4989498257637024
broker,2000,2000–09,banker,3,5,0.5149453481038412
broker,2000,2000–09,securities,3,5,0.5541461904843649
broker,2000,2000–09,prudential,2,5,0.5314544439315796
broker,2000,2000–09,lenders,2,5,0.5184425115585327
broker,2000,2000–09,lender,2,5,0.5669492185115814
broker,2000,2000–09,appraisal,2,5,0.5057741403579712
broker,2000,2000–09,realtor,2,5,0.5223798751831055
broker,2000,2000–09,buyers,2,5,0.509110301733017
broker,2000,2000–09,transaction,2,5,0.46929752826690674
broker,2000,2000–09,investments,2,5,0.4685126543045044
broker,2000,2000–09,coldwell,1,5,0.5869484543800354
broker,2000,2000–09,gililland,1,5,0.5436652898788452
broker,2000,2000–09,appraiser,1,5,0.5394865274429321
broker,2000,2000–09,mortgage,1,5,0.515869140625
broker,2000,2000–09,denmar,1,5,0.5105851888656616
broker,2000,2000–09,transactions,1,5,0.49335166811943054
broker,2000,2000–09,elliman,1,5,0.5553066730499268
broker,2000,2000–09,sotheby,1,5,0.5365328788757324
broker,2000,2000–09,gilder,1,5,0.48116737604141235
broker,2000,2000–09,buyer,1,5,0.46560680866241455
broker,2000,2000–09,triplex,1,5,0.4631493389606476
broker,2000,2000–09,agape,1,5,0.4572058916091919
broker,2000,2000–09,terre,1,5,0.45518583059310913
broker,2000,2000–09,commodities,1,5,0.4541771113872528
broker,2000,2000–09,strather,1,5,0.5424075722694397
broker,2000,2000–09,infinium,1,5,0.5389857888221741
broker,2000,2000–09,foreclosure,1,5,0.5384595990180969
broker,2000,2000–09,worthless,1,5,0.5333319902420044
broker,2000,2000–09,mortgages,1,5,0.5152019262313843
broker,2000,2000–09,assessors,1,5,0.5032844543457031
broker,2000,2000–09,distributor,1,5,0.4991723895072937
broker,2000,2000–09,investor,1,5,0.602301299571991
broker,2000,2000–09,equity,1,5,0.5504443049430847
broker,2000,2000–09,percudani,1,5,0.5314398407936096
broker,2000,2000–09,zappala,1,5,0.5234388113021851
broker,2000,2000–09,leasing,1,5,0.5177931785583496
broker,2000,2000–09,filippi,1,5,0.5085994601249695
broker,2000,2000–09,pritchard,1,5,0.5062152147293091
broker,2000,2000–09,cerone,1,5,0.49586519598960876
broker,2000,2000–09,investment,1,5,0.4891771972179413
broker,2000,2000–09,indefinitely,1,5,0.4884999692440033
broker,2000,2000–09,accountant,1,5,0.4760914444923401
broker,2000,2000–09,unsuccessfully,1,5,0.4529993534088135
broker,2000,2000–09,resign,1,5,0.4506727457046509
broker,2000,2000–09,irs,1,5,0.44543859362602234
broker,2000,2000–09,agent,1,5,0.43856534361839294
broker,2000,2000–09,busey,1,5,0.43606439232826233
broker,2000,2000–09,mayoral,1,5,0.4341290295124054
broker,2000,2000–09,stonecipher,1,5,0.43265268206596375
broker,2000,2000–09,auditor,1,5,0.43079936504364014
broker,2000,2000–09,mcdonnell,1,5,0.4304518699645996
broker,2000,2000–09,revoked,1,5,0.42589280009269714
chef,2000,2000–09,culinary,4,5,0.5393126532435417
chef,2000,2000–09,pastry,4,5,0.5446108058094978
chef,2000,2000–09,gourmet,4,5,0.5246345922350883
chef,2000,2000–09,cuisine,3,5,0.5549854437510172
chef,2000,2000–09,salads,3,5,0.5638338526089987
chef,2000,2000–09,restaurant,2,5,0.5395362079143524
chef,2000,2000–09,cooking,2,5,0.4841538816690445
chef,2000,2000–09,cooks,2,5,0.5101939737796783
chef,2000,2000–09,sushi,2,5,0.5079471468925476
chef,2000,2000–09,bistro,2,5,0.5146535634994507
chef,2000,2000–09,restaurants,2,5,0.457298681139946
chef,2000,2000–09,burgers,2,5,0.5073691010475159
chef,2000,2000–09,menu,2,5,0.5529864132404327
chef,2000,2000–09,sous,1,5,0.6293397545814514
chef,2000,2000–09,crepes,1,5,0.543001651763916
chef,2000,2000–09,restaurateurs,1,5,0.5409059524536133
chef,2000,2000–09,menus,1,5,0.5087139010429382
chef,2000,2000–09,chez,1,5,0.5023373961448669
chef,2000,2000–09,wolfgang,1,5,0.4983079731464386
chef,2000,2000–09,guijarro,1,5,0.4888702630996704
chef,2000,2000–09,bottega,1,5,0.48532578349113464
chef,2000,2000–09,dispirito,1,5,0.6019138693809509
chef,2000,2000–09,esca,1,5,0.5445170402526855
chef,2000,2000–09,cinco,1,5,0.5066635012626648
chef,2000,2000–09,seafood,1,5,0.4918733537197113
chef,2000,2000–09,steaks,1,5,0.49073877930641174
chef,2000,2000–09,waiters,1,5,0.4805733561515808
chef,2000,2000–09,tuscan,1,5,0.47797608375549316
chef,2000,2000–09,fontana,1,5,0.4659842252731323
chef,2000,2000–09,bouley,1,5,0.464010089635849
chef,2000,2000–09,pizzas,1,5,0.5471780300140381
chef,2000,2000–09,spicy,1,5,0.5386300086975098
chef,2000,2000–09,hamburgers,1,5,0.5300745368003845
chef,2000,2000–09,flavored,1,5,0.5261263847351074
chef,2000,2000–09,pasta,1,5,0.5250346064567566
chef,2000,2000–09,keon,1,5,0.5153640508651733
chef,2000,2000–09,sorvino,1,5,0.6600217223167419
chef,2000,2000–09,desserts,1,5,0.5953974723815918
chef,2000,2000–09,charcoal,1,5,0.5920380353927612
chef,2000,2000–09,shrimp,1,5,0.5874181389808655
chef,2000,2000–09,steakhouse,1,5,0.5799664855003357
chef,2000,2000–09,decor,1,5,0.5791297554969788
chef,2000,2000–09,mediterranean,1,5,0.5784640908241272
chef,2000,2000–09,appetizers,1,5,0.5631178617477417
chef,2000,2000–09,dishes,1,5,0.5618188977241516
chef,2000,2000–09,moulton,1,5,0.5072869658470154
chef,2000,2000–09,roast,1,5,0.4972565770149231
chef,2000,2000–09,wayland,1,5,0.4794467091560364
chef,2000,2000–09,cookbook,1,5,0.4612285792827606
chef,2000,2000–09,chili,1,5,0.45956888794898987
chef,2000,2000–09,snack,1,5,0.4573378264904022
chef,2000,2000–09,beverage,1,5,0.4494812488555908
chef,2000,2000–09,wines,1,5,0.4480074346065521
chef,2000,2000–09,wine,1,5,0.44571954011917114
cleaning,2000,2000–09,cleaned,3,5,0.41974198818206787
cleaning,2000,2000–09,washing,3,5,0.484642227490743
cleaning,2000,2000–09,roofing,2,5,0.4455150365829468
cleaning,2000,2000–09,insulation,2,5,0.427140012383461
cleaning,2000,2000–09,clean,2,5,0.4498262107372284
cleaning,2000,2000–09,garbage,2,5,0.4325082451105118
cleaning,2000,2000–09,cleaners,2,5,0.4556492567062378
cleaning,2000,2000–09,laundry,2,5,0.4510030895471573
cleaning,2000,2000–09,landscaping,2,5,0.4390512555837631
cleaning,2000,2000–09,chores,2,5,0.4395042210817337
cleaning,2000,2000–09,stove,2,5,0.41898876428604126
cleaning,2000,2000–09,appliances,2,5,0.45098546147346497
cleaning,2000,2000–09,roofs,2,5,0.42787832021713257
cleaning,2000,2000–09,toilets,1,5,0.46266883611679077
cleaning,2000,2000–09,cleans,1,5,0.44830864667892456
cleaning,2000,2000–09,rags,1,5,0.4427114725112915
cleaning,2000,2000–09,utensils,1,5,0.4375642240047455
cleaning,2000,2000–09,drying,1,5,0.4360324442386627
cleaning,2000,2000–09,detergent,1,5,0.43488141894340515
cleaning,2000,2000–09,faucet,1,5,0.4081594944000244
cleaning,2000,2000–09,gutters,1,5,0.4019119143486023
cleaning,2000,2000–09,trash,1,5,0.3988594114780426
cleaning,2000,2000–09,compost,1,5,0.39850685000419617
cleaning,2000,2000–09,repairing,1,5,0.43271932005882263
cleaning,2000,2000–09,contaminated,1,5,0.4256366491317749
cleaning,2000,2000–09,hoses,1,5,0.4130367338657379
cleaning,2000,2000–09,laundromat,1,5,0.4049000144004822
cleaning,2000,2000–09,exhaust,1,5,0.4042181968688965
cleaning,2000,2000–09,crates,1,5,0.4018341302871704
cleaning,2000,2000–09,decorating,1,5,0.3967401385307312
cleaning,2000,2000–09,plywood,1,5,0.393774151802063
cleaning,2000,2000–09,bins,1,5,0.3928460478782654
cleaning,2000,2000–09,restrooms,1,5,0.3867482542991638
cleaning,2000,2000–09,ventilation,1,5,0.38413214683532715
cleaning,2000,2000–09,plowing,1,5,0.3833516240119934
cleaning,2000,2000–09,cleaner,1,5,0.5048174262046814
cleaning,2000,2000–09,dishwasher,1,5,0.4631180167198181
cleaning,2000,2000–09,sweaters,1,5,0.4270264804363251
cleaning,2000,2000–09,watering,1,5,0.42158377170562744
cleaning,2000,2000–09,tending,1,5,0.41700664162635803
cleaning,2000,2000–09,plumbing,1,5,0.4109592139720917
cleaning,2000,2000–09,cabinets,1,5,0.40683600306510925
cleaning,2000,2000–09,wiring,1,5,0.405251145362854
cleaning,2000,2000–09,tasks,1,5,0.4924299120903015
cleaning,2000,2000–09,heater,1,5,0.41973236203193665
cleaning,2000,2000–09,functioning,1,5,0.4181070923805237
cleaning,2000,2000–09,attic,1,5,0.4143149256706238
cleaning,2000,2000–09,bathrooms,1,5,0.4138021469116211
cleaning,2000,2000–09,sprayed,1,5,0.40854066610336304
cleaning,2000,2000–09,repaired,1,5,0.40726253390312195
cleaning,2000,2000–09,ceilings,1,5,0.40512335300445557
cleaning,2000,2000–09,cardboard,1,5,0.48964187502861023
cleaning,2000,2000–09,tile,1,5,0.48870474100112915
cleaning,2000,2000–09,freezer,1,5,0.47715187072753906
cleaning,2000,2000–09,wallpaper,1,5,0.4770446717739105
cleaning,2000,2000–09,mulch,1,5,0.4739528000354767
cleaning,2000,2000–09,asbestos,1,5,0.47394731640815735
cleaning,2000,2000–09,vinegar,1,5,0.4714629352092743
cleaning,2000,2000–09,decorate,1,5,0.4681362509727478
cleaning,2000,2000–09,indoors,1,5,0.4515780806541443
clerk,2000,2000–09,magistrate,3,5,0.47235919038454693
clerk,2000,2000–09,employee,2,5,0.4675316661596298
clerk,2000,2000–09,cashier,2,5,0.48140378296375275
clerk,2000,2000–09,grocery,2,5,0.43812885880470276
clerk,2000,2000–09,bookkeeper,2,5,0.4349323660135269
clerk,2000,2000–09,assessor,2,5,0.4606053978204727
clerk,2000,2000–09,employees,1,5,0.4833643436431885
clerk,2000,2000–09,cartridges,1,5,0.4555753171443939
clerk,2000,2000–09,store,1,5,0.42909467220306396
clerk,2000,2000–09,atm,1,5,0.4262409508228302
clerk,2000,2000–09,pharmacies,1,5,0.4236104190349579
clerk,2000,2000–09,lamarr,1,5,0.42325955629348755
clerk,2000,2000–09,clerical,1,5,0.4225820004940033
clerk,2000,2000–09,postal,1,5,0.41709721088409424
clerk,2000,2000–09,office,1,5,0.41329246759414673
clerk,2000,2000–09,tampering,1,5,0.4054238498210907
clerk,2000,2000–09,dmv,1,5,0.4045570194721222
clerk,2000,2000–09,typist,1,5,0.5181341767311096
clerk,2000,2000–09,groundskeeper,1,5,0.4674997627735138
clerk,2000,2000–09,messer,1,5,0.45355871319770813
clerk,2000,2000–09,bellone,1,5,0.4516264796257019
clerk,2000,2000–09,stenographer,1,5,0.4422335624694824
clerk,2000,2000–09,juanita,1,5,0.43264535069465637
clerk,2000,2000–09,quirk,1,5,0.4238470196723938
clerk,2000,2000–09,dispatchers,1,5,0.42192140221595764
clerk,2000,2000–09,monaghan,1,5,0.4154549837112427
clerk,2000,2000–09,onorato,1,5,0.4145217537879944
clerk,2000,2000–09,caseworker,1,5,0.4133928716182709
clerk,2000,2000–09,dea,1,5,0.41315531730651855
clerk,2000,2000–09,assessors,1,5,0.5137255787849426
clerk,2000,2000–09,precinct,1,5,0.4909183979034424
clerk,2000,2000–09,debtors,1,5,0.4835013151168823
clerk,2000,2000–09,prostitutes,1,5,0.482348769903183
clerk,2000,2000–09,unpaid,1,5,0.47763770818710327
clerk,2000,2000–09,ballots,1,5,0.46513631939888
clerk,2000,2000–09,appoint,1,5,0.46226266026496887
clerk,2000,2000–09,patrolmen,1,5,0.46187087893486023
clerk,2000,2000–09,zelda,1,5,0.45248934626579285
clerk,2000,2000–09,vacancy,1,5,0.45070457458496094
clerk,2000,2000–09,solicitor,1,5,0.4487130045890808
clerk,2000,2000–09,judiciary,1,5,0.442873477935791
clerk,2000,2000–09,bylaws,1,5,0.4414096772670746
clerk,2000,2000–09,bayley,1,5,0.5023584365844727
clerk,2000,2000–09,custodian,1,5,0.4979281723499298
clerk,2000,2000–09,envelope,1,5,0.4710873067378998
clerk,2000,2000–09,lenihan,1,5,0.47002726793289185
clerk,2000,2000–09,dragone,1,5,0.45176634192466736
clerk,2000,2000–09,errands,1,5,0.44919493794441223
clerk,2000,2000–09,feingold,1,5,0.4376562833786011
clerk,2000,2000–09,cappy,1,5,0.4348713457584381
clerk,2000,2000–09,hanslovan,1,5,0.4303795099258423
clerk,2000,2000–09,receipts,1,5,0.4283444583415985
clerk,2000,2000–09,verify,1,5,0.4278765618801117
clerk,2000,2000–09,castellano,1,5,0.42612534761428833
clerk,2000,2000–09,ordering,1,5,0.42166468501091003
clerk,2000,2000–09,secretaries,1,5,0.5031231641769409
clerk,2000,2000–09,groceries,1,5,0.5008671283721924
clerk,2000,2000–09,kroger,1,5,0.47216153144836426
clerk,2000,2000–09,playpen,1,5,0.4704490602016449
clerk,2000,2000–09,cleaned,1,5,0.4626336097717285
clerk,2000,2000–09,shafer,1,5,0.4587225615978241
clerk,2000,2000–09,gagel,1,5,0.44522497057914734
clerk,2000,2000–09,rug,1,5,0.4413517117500305
clerk,2000,2000–09,pizzeria,1,5,0.4409981071949005
clerk,2000,2000–09,appliance,1,5,0.4397023320198059
clerk,2000,2000–09,doughnut,1,5,0.4389317035675049
clerk,2000,2000–09,liquor,1,5,0.438105046749115
clerk,2000,2000–09,dominick,1,5,0.4359516203403473
designer,2000,2000–09,fashion,3,5,0.5155220230420431
designer,2000,2000–09,designs,3,5,0.4971781373023987
designer,2000,2000–09,design,2,5,0.48407095670700073
designer,2000,2000–09,fashions,2,5,0.49292968213558197
designer,2000,2000–09,architects,2,5,0.45950600504875183
designer,2000,2000–09,boutique,2,5,0.4353679418563843
designer,2000,2000–09,accessories,2,5,0.48902472853660583
designer,2000,2000–09,dresses,2,5,0.5054339915513992
designer,2000,2000–09,apparel,2,5,0.5162073820829391
designer,2000,2000–09,sculptor,2,5,0.5036973059177399
designer,2000,2000–09,interior,2,5,0.4887056201696396
designer,2000,2000–09,decorating,2,5,0.5121051967144012
designer,2000,2000–09,merchandising,1,5,0.5225907564163208
designer,2000,2000–09,boutiques,1,5,0.4599931538105011
designer,2000,2000–09,costume,1,5,0.45816901326179504
designer,2000,2000–09,cosmetics,1,5,0.4561707675457001
designer,2000,2000–09,garments,1,5,0.44202184677124023
designer,2000,2000–09,customized,1,5,0.42977818846702576
designer,2000,2000–09,gucci,1,5,0.4290381371974945
designer,2000,2000–09,kor,1,5,0.42706042528152466
designer,2000,2000–09,architect,1,5,0.42698371410369873
designer,2000,2000–09,couture,1,5,0.47354021668434143
designer,2000,2000–09,footwear,1,5,0.47142988443374634
designer,2000,2000–09,lingerie,1,5,0.466672420501709
designer,2000,2000–09,prada,1,5,0.4542156457901001
designer,2000,2000–09,hilfiger,1,5,0.45215898752212524
designer,2000,2000–09,furstenberg,1,5,0.45161980390548706
designer,2000,2000–09,denim,1,5,0.44762247800827026
designer,2000,2000–09,barneys,1,5,0.44243916869163513
designer,2000,2000–09,stylish,1,5,0.4415110647678375
designer,2000,2000–09,handbags,1,5,0.43466389179229736
designer,2000,2000–09,emrich,1,5,0.5843871235847473
designer,2000,2000–09,leboutillier,1,5,0.5704121589660645
designer,2000,2000–09,dior,1,5,0.5053107738494873
designer,2000,2000–09,painters,1,5,0.4886707365512848
designer,2000,2000–09,bayou,1,5,0.48592668771743774
designer,2000,2000–09,architectural,1,5,0.46951374411582947
designer,2000,2000–09,graphics,1,5,0.4619481563568115
designer,2000,2000–09,floral,1,5,0.4597916305065155
designer,2000,2000–09,nault,1,5,0.4597320556640625
designer,2000,2000–09,lenses,1,5,0.4589754343032837
designer,2000,2000–09,stylist,1,5,0.5781000852584839
designer,2000,2000–09,abstract,1,5,0.5570504069328308
designer,2000,2000–09,creations,1,5,0.5543935298919678
designer,2000,2000–09,sunglasses,1,5,0.5448386669158936
designer,2000,2000–09,gown,1,5,0.5234180092811584
designer,2000,2000–09,graphic,1,5,0.5215144157409668
designer,2000,2000–09,crammer,1,5,0.520375669002533
designer,2000,2000–09,outfits,1,5,0.5177832245826721
designer,2000,2000–09,publications,1,5,0.5308334231376648
designer,2000,2000–09,deco,1,5,0.5274359583854675
designer,2000,2000–09,prolific,1,5,0.5240886807441711
designer,2000,2000–09,designing,1,5,0.5071986317634583
designer,2000,2000–09,sculptures,1,5,0.5060307383537292
designer,2000,2000–09,lavish,1,5,0.49242880940437317
designer,2000,2000–09,artwork,1,5,0.4921129047870636
designer,2000,2000–09,combines,1,5,0.48829635977745056
designer,2000,2000–09,talents,1,5,0.48127853870391846
designer,2000,2000–09,studios,1,5,0.47903984785079956
designer,2000,2000–09,builders,1,5,0.4787748157978058
designer,2000,2000–09,entertainers,1,5,0.47436538338661194
dishes,2000,2000–09,pasta,5,5,0.6088441491127015
dishes,2000,2000–09,salads,5,5,0.6191898584365845
dishes,2000,2000–09,appetizers,3,5,0.6065138379732767
dishes,2000,2000–09,garlic,3,5,0.5907200972239176
dishes,2000,2000–09,salad,3,5,0.5951170126597086
dishes,2000,2000–09,soups,2,5,0.6008015275001526
dishes,2000,2000–09,eggplant,2,5,0.5837553441524506
dishes,2000,2000–09,entrees,2,5,0.6554851233959198
dishes,2000,2000–09,sandwiches,2,5,0.6054511666297913
dishes,2000,2000–09,meats,2,5,0.5632871389389038
dishes,2000,2000–09,desserts,2,5,0.6076443791389465
dishes,2000,2000–09,dish,2,5,0.5604500770568848
dishes,2000,2000–09,shrimp,2,5,0.6610279679298401
dishes,2000,2000–09,sauce,2,5,0.616344541311264
dishes,2000,2000–09,teriyaki,1,5,0.5838519930839539
dishes,2000,2000–09,ravioli,1,5,0.5735445022583008
dishes,2000,2000–09,saut,1,5,0.5720446109771729
dishes,2000,2000–09,menu,1,5,0.5629231929779053
dishes,2000,2000–09,parmesan,1,5,0.5514992475509644
dishes,2000,2000–09,savory,1,5,0.5514279007911682
dishes,2000,2000–09,tempura,1,5,0.5500825643539429
dishes,2000,2000–09,pizzas,1,5,0.5480330586433411
dishes,2000,2000–09,entr,1,5,0.5457300543785095
dishes,2000,2000–09,breaded,1,5,0.5437723398208618
dishes,2000,2000–09,sauces,1,5,0.6594281196594238
dishes,2000,2000–09,steaks,1,5,0.5848104357719421
dishes,2000,2000–09,mozzarella,1,5,0.5724474191665649
dishes,2000,2000–09,veggie,1,5,0.5612413287162781
dishes,2000,2000–09,appetizer,1,5,0.5583208799362183
dishes,2000,2000–09,breads,1,5,0.5527946949005127
dishes,2000,2000–09,calamari,1,5,0.5495184659957886
dishes,2000,2000–09,miso,1,5,0.5903099775314331
dishes,2000,2000–09,flour,1,5,0.5728106498718262
dishes,2000,2000–09,tart,1,5,0.5610804557800293
dishes,2000,2000–09,dessert,1,5,0.5467410087585449
dishes,2000,2000–09,flavored,1,5,0.5443018078804016
dishes,2000,2000–09,chilled,1,5,0.5405669212341309
dishes,2000,2000–09,burgers,1,5,0.5286071300506592
dishes,2000,2000–09,delicious,1,5,0.5266308188438416
dishes,2000,2000–09,veal,1,5,0.7128288149833679
dishes,2000,2000–09,mashed,1,5,0.64754718542099
dishes,2000,2000–09,crab,1,5,0.647208571434021
dishes,2000,2000–09,tomato,1,5,0.6199567914009094
dishes,2000,2000–09,pork,1,5,0.617728054523468
dishes,2000,2000–09,grilled,1,5,0.5938404202461243
dishes,2000,2000–09,baked,1,5,0.591116189956665
dishes,2000,2000–09,onions,1,5,0.5888572931289673
dishes,2000,2000–09,biscuits,1,5,0.5851895213127136
dishes,2000,2000–09,potato,1,5,0.579176664352417
dishes,2000,2000–09,chunks,1,5,0.576449453830719
dishes,2000,2000–09,flavor,1,5,0.5722957849502563
dishes,2000,2000–09,fried,1,5,0.5688531994819641
doctor,2000,2000–09,patients,5,5,0.5528155028820038
doctor,2000,2000–09,physicians,4,5,0.5384516716003418
doctor,2000,2000–09,physician,4,5,0.5397123545408249
doctor,2000,2000–09,surgeon,4,5,0.497275210916996
doctor,2000,2000–09,surgeons,4,5,0.5181308314204216
doctor,2000,2000–09,medical,3,5,0.5156565010547638
doctor,2000,2000–09,surgery,3,5,0.5093330442905426
doctor,2000,2000–09,surgeries,3,5,0.4852923850218455
doctor,2000,2000–09,cardiologist,2,5,0.5376115441322327
doctor,2000,2000–09,patient,2,5,0.48691055178642273
doctor,2000,2000–09,kidneys,2,5,0.49694208800792694
doctor,2000,2000–09,pediatrician,2,5,0.4856152832508087
doctor,2000,2000–09,psychiatric,2,5,0.4757773131132126
doctor,2000,2000–09,pediatric,2,5,0.4853499233722687
doctor,2000,2000–09,tumor,2,5,0.4803471267223358
doctor,2000,2000–09,icu,1,5,0.5852595567703247
doctor,2000,2000–09,oncologist,1,5,0.546703040599823
doctor,2000,2000–09,intravenous,1,5,0.5404083132743835
doctor,2000,2000–09,anesthesia,1,5,0.5386004447937012
doctor,2000,2000–09,reconstructive,1,5,0.5167282223701477
doctor,2000,2000–09,pharmacists,1,5,0.5154592394828796
doctor,2000,2000–09,chemo,1,5,0.5111837387084961
doctor,2000,2000–09,biopsy,1,5,0.5326762795448303
doctor,2000,2000–09,pulmonary,1,5,0.5012267231941223
doctor,2000,2000–09,autopsies,1,5,0.48538145422935486
doctor,2000,2000–09,prognosis,1,5,0.4849550724029541
doctor,2000,2000–09,cancers,1,5,0.48244622349739075
doctor,2000,2000–09,kamalian,1,5,0.5335066914558411
doctor,2000,2000–09,orthopedic,1,5,0.5231730937957764
doctor,2000,2000–09,nurses,1,5,0.4926825165748596
doctor,2000,2000–09,chiero,1,5,0.4884186089038849
doctor,2000,2000–09,chemotherapy,1,5,0.5681111216545105
doctor,2000,2000–09,oakey,1,5,0.47998085618019104
doctor,2000,2000–09,geisinger,1,5,0.47936004400253296
doctor,2000,2000–09,zoccola,1,5,0.4688642621040344
doctor,2000,2000–09,surgical,1,5,0.46673935651779175
doctor,2000,2000–09,diagnosis,1,5,0.46436628699302673
doctor,2000,2000–09,prescribed,1,5,0.46347805857658386
doctor,2000,2000–09,treatments,1,5,0.5273420810699463
doctor,2000,2000–09,radiation,1,5,0.5090294480323792
doctor,2000,2000–09,nurse,1,5,0.49345338344573975
doctor,2000,2000–09,headache,1,5,0.4754880964756012
doctor,2000,2000–09,prescription,1,5,0.47273412346839905
doctor,2000,2000–09,undergo,1,5,0.4712744653224945
doctor,2000,2000–09,cpr,1,5,0.47010743618011475
doctor,2000,2000–09,elkadi,1,5,0.46490758657455444
executive,2000,2000–09,ceo,4,5,0.513517938554287
executive,2000,2000–09,director,4,5,0.4772699624300003
executive,2000,2000–09,president,3,5,0.483931561311086
executive,2000,2000–09,chairman,3,5,0.48470943172772724
executive,2000,2000–09,vice,3,5,0.5035391350587209
executive,2000,2000–09,shareholders,3,5,0.4891150693098704
executive,2000,2000–09,cfo,2,5,0.5079595446586609
executive,2000,2000–09,execs,2,5,0.4925047755241394
executive,2000,2000–09,adelphia,2,5,0.45044973492622375
executive,2000,2000–09,enron,2,5,0.5113224536180496
executive,2000,2000–09,bankers,2,5,0.47836385667324066
executive,2000,2000–09,zucker,1,5,0.5203602313995361
executive,2000,2000–09,wma,1,5,0.4899120628833771
executive,2000,2000–09,cnbc,1,5,0.4793607294559479
executive,2000,2000–09,prexy,1,5,0.47764384746551514
executive,2000,2000–09,rabobank,1,5,0.4743127226829529
executive,2000,2000–09,iger,1,5,0.4723939001560211
executive,2000,2000–09,corp,1,5,0.4710959196090698
executive,2000,2000–09,eisner,1,5,0.46987879276275635
executive,2000,2000–09,strategist,1,5,0.46806949377059937
executive,2000,2000–09,szabo,1,5,0.5031259059906006
executive,2000,2000–09,coo,1,5,0.46106550097465515
executive,2000,2000–09,strategists,1,5,0.4492589235305786
executive,2000,2000–09,viacom,1,5,0.44828683137893677
executive,2000,2000–09,amex,1,5,0.4441937208175659
executive,2000,2000–09,management,1,5,0.442426860332489
executive,2000,2000–09,paetec,1,5,0.43861377239227295
executive,2000,2000–09,ottaway,1,5,0.5056468844413757
executive,2000,2000–09,gormally,1,5,0.490195095539093
executive,2000,2000–09,lucchino,1,5,0.4859844148159027
executive,2000,2000–09,lavanchy,1,5,0.47893863916397095
executive,2000,2000–09,perini,1,5,0.47575098276138306
executive,2000,2000–09,analyst,1,5,0.4617690145969391
executive,2000,2000–09,glaceau,1,5,0.46001243591308594
executive,2000,2000–09,werner,1,5,0.45430171489715576
executive,2000,2000–09,roque,1,5,0.4498644173145294
executive,2000,2000–09,petroleum,1,5,0.44968467950820923
executive,2000,2000–09,lehrer,1,5,0.44699713587760925
executive,2000,2000–09,investor,1,5,0.5121347308158875
executive,2000,2000–09,restructuring,1,5,0.5037962794303894
executive,2000,2000–09,mtr,1,5,0.4743502736091614
executive,2000,2000–09,marketing,1,5,0.4736279845237732
executive,2000,2000–09,terminated,1,5,0.46703705191612244
executive,2000,2000–09,investments,1,5,0.45799604058265686
executive,2000,2000–09,managers,1,5,0.45512712001800537
executive,2000,2000–09,consultants,1,5,0.4541209042072296
executive,2000,2000–09,busey,1,5,0.49609068036079407
executive,2000,2000–09,holdings,1,5,0.4950397312641144
executive,2000,2000–09,bonuses,1,5,0.4929148852825165
executive,2000,2000–09,mcdonnell,1,5,0.4871981739997864
executive,2000,2000–09,adm,1,5,0.48539718985557556
executive,2000,2000–09,bailout,1,5,0.4825473725795746
executive,2000,2000–09,scandals,1,5,0.4754175841808319
executive,2000,2000–09,insiders,1,5,0.47474405169487
executive,2000,2000–09,investment,1,5,0.4691227376461029
executive,2000,2000–09,securities,1,5,0.46892863512039185
family,2000,2000–09,relatives,4,5,0.5264868810772896
family,2000,2000–09,parents,3,5,0.4930330614248912
family,2000,2000–09,children,3,5,0.4414453903834025
family,2000,2000–09,acquaintances,3,5,0.4414679904778798
family,2000,2000–09,outpouring,3,5,0.45760377248128253
family,2000,2000–09,grieving,3,5,0.4545929630597432
family,2000,2000–09,birthdays,2,5,0.4383079260587692
family,2000,2000–09,grieve,2,5,0.4609254449605942
family,2000,2000–09,reunions,2,5,0.42964863777160645
family,2000,2000–09,needy,2,5,0.4372059255838394
family,2000,2000–09,pullen,1,5,0.5438035726547241
family,2000,2000–09,feldkamp,1,5,0.4931609630584717
family,2000,2000–09,uncles,1,5,0.4816313683986664
family,2000,2000–09,banded,1,5,0.47490349411964417
family,2000,2000–09,friends,1,5,0.47377634048461914
family,2000,2000–09,grandfathers,1,5,0.46004974842071533
family,2000,2000–09,mother,1,5,0.459603875875473
family,2000,2000–09,livelihood,1,5,0.45866602659225464
family,2000,2000–09,grandparents,1,5,0.4519583284854889
family,2000,2000–09,caregivers,1,5,0.44827762246131897
family,2000,2000–09,aunts,1,5,0.44806429743766785
family,2000,2000–09,sicily,1,5,0.44436419010162354
family,2000,2000–09,people,1,5,0.45454809069633484
family,2000,2000–09,algarroba,1,5,0.4543077051639557
family,2000,2000–09,victims,1,5,0.4330441355705261
family,2000,2000–09,adoptive,1,5,0.4328710436820984
family,2000,2000–09,brucia,1,5,0.4280678927898407
family,2000,2000–09,guatemala,1,5,0.4278119206428528
family,2000,2000–09,condolences,1,5,0.42670461535453796
family,2000,2000–09,scarola,1,5,0.42410174012184143
family,2000,2000–09,lund,1,5,0.42065730690956116
family,2000,2000–09,grossmann,1,5,0.41938185691833496
family,2000,2000–09,famil,1,5,0.5035740733146667
family,2000,2000–09,azores,1,5,0.4907423257827759
family,2000,2000–09,spouses,1,5,0.4522387981414795
family,2000,2000–09,ancestral,1,5,0.4367317259311676
family,2000,2000–09,vertuccio,1,5,0.43059447407722473
family,2000,2000–09,matteo,1,5,0.4255257248878479
family,2000,2000–09,cairol,1,5,0.4247005581855774
family,2000,2000–09,grandnieces,1,5,0.4223291873931885
family,2000,2000–09,sympathies,1,5,0.4879745543003082
family,2000,2000–09,heartfelt,1,5,0.47871649265289307
family,2000,2000–09,mourn,1,5,0.47855597734451294
family,2000,2000–09,comforted,1,5,0.4612867832183838
family,2000,2000–09,dietz,1,5,0.45120957493782043
family,2000,2000–09,brinley,1,5,0.44988900423049927
family,2000,2000–09,condolence,1,5,0.4423006474971771
family,2000,2000–09,deepest,1,5,0.4411082863807678
family,2000,2000–09,prayers,1,5,0.4374202489852905
family,2000,2000–09,orphanage,1,5,0.4371403753757477
family,2000,2000–09,moms,1,5,0.4454125165939331
family,2000,2000–09,displaced,1,5,0.44125640392303467
family,2000,2000–09,accommodations,1,5,0.42761051654815674
family,2000,2000–09,kindness,1,5,0.4239810109138489
family,2000,2000–09,bateman,1,5,0.4173743426799774
family,2000,2000–09,cousins,1,5,0.41725409030914307
family,2000,2000–09,reside,1,5,0.4154244661331177
family,2000,2000–09,nuns,1,5,0.40990519523620605
grandchildren,2000,2000–09,nephews,5,5,0.7388717055320739
grandchildren,2000,2000–09,nieces,5,5,0.7602607488632203
grandchildren,2000,2000–09,grandsons,5,5,0.7309621810913086
grandchildren,2000,2000–09,aunts,5,5,0.6748858690261841
grandchildren,2000,2000–09,grandson,5,5,0.6079702854156495
grandchildren,2000,2000–09,granddaughters,4,5,0.732069805264473
grandchildren,2000,2000–09,predeceased,4,5,0.668558806180954
grandchildren,2000,2000–09,uncles,4,5,0.6180713027715683
grandchildren,2000,2000–09,granddaughter,4,5,0.6432834416627884
grandchildren,2000,2000–09,niece,4,5,0.6241341531276703
grandchildren,2000,2000–09,preceded,3,5,0.6315926114718119
grandchildren,2000,2000–09,cousins,3,5,0.5847292542457581
grandchildren,2000,2000–09,stepchildren,2,5,0.7063213884830475
grandchildren,2000,2000–09,graveside,2,5,0.6126773655414581
grandchildren,2000,2000–09,facio,1,5,0.5762399435043335
grandchildren,2000,2000–09,bostick,1,5,0.565838098526001
grandchildren,2000,2000–09,thelma,1,5,0.5643680095672607
grandchildren,2000,2000–09,deserto,1,5,0.5640177726745605
grandchildren,2000,2000–09,nephew,1,5,0.5540172457695007
grandchildren,2000,2000–09,kaitlyn,1,5,0.5491487979888916
grandchildren,2000,2000–09,grandnieces,1,5,0.777146577835083
grandchildren,2000,2000–09,grandnephews,1,5,0.7481753826141357
grandchildren,2000,2000–09,stepdaughter,1,5,0.7115879058837891
grandchildren,2000,2000–09,vazza,1,5,0.637405276298523
grandchildren,2000,2000–09,sister,1,5,0.5981004238128662
grandchildren,2000,2000–09,hunsberger,1,5,0.5907293558120728
grandchildren,2000,2000–09,adair,1,5,0.588900625705719
grandchildren,2000,2000–09,sisters,1,5,0.58490389585495
grandchildren,2000,2000–09,paternal,1,5,0.6469241976737976
grandchildren,2000,2000–09,maternal,1,5,0.6286138892173767
grandchildren,2000,2000–09,spouses,1,5,0.6126594543457031
grandchildren,2000,2000–09,sophia,1,5,0.6105844974517822
grandchildren,2000,2000–09,cherished,1,5,0.6038100123405457
grandchildren,2000,2000–09,stepmother,1,5,0.5941250324249268
grandparents,2000,2000–09,aunts,5,5,0.519652110338211
grandparents,2000,2000–09,paternal,5,5,0.6812281131744384
grandparents,2000,2000–09,uncles,5,5,0.501362007856369
grandparents,2000,2000–09,grandmother,5,5,0.5201951086521148
grandparents,2000,2000–09,maternal,4,5,0.7044493705034256
grandparents,2000,2000–09,parents,3,5,0.5010341505209605
grandparents,2000,2000–09,siblings,3,5,0.5007621745268503
grandparents,2000,2000–09,predeceased,3,5,0.4591381748517354
grandparents,2000,2000–09,sister,3,5,0.46310093998908997
grandparents,2000,2000–09,nephews,2,5,0.5020922422409058
grandparents,2000,2000–09,stepchildren,2,5,0.474029004573822
grandparents,2000,2000–09,cousins,2,5,0.5045338422060013
grandparents,2000,2000–09,grandchildren,2,5,0.4603766053915024
grandparents,2000,2000–09,granddaughters,2,5,0.4513882249593735
grandparents,2000,2000–09,aunt,2,5,0.4455944746732712
grandparents,2000,2000–09,facio,1,5,0.523227334022522
grandparents,2000,2000–09,grandfathers,1,5,0.49664172530174255
grandparents,2000,2000–09,mother,1,5,0.48542943596839905
grandparents,2000,2000–09,sisters,1,5,0.5009116530418396
grandparents,2000,2000–09,brothers,1,5,0.46687746047973633
grandparents,2000,2000–09,son,1,5,0.43749332427978516
grandparents,2000,2000–09,brother,1,5,0.43739545345306396
grandparents,2000,2000–09,bangor,1,5,0.44110509753227234
grandparents,2000,2000–09,stepdaughter,1,5,0.4362355172634125
grandparents,2000,2000–09,lillian,1,5,0.43405061960220337
grandparents,2000,2000–09,glynn,1,5,0.43246012926101685
grandparents,2000,2000–09,stepmother,1,5,0.49632978439331055
grandparents,2000,2000–09,stepson,1,5,0.479828417301178
grandparents,2000,2000–09,stepfather,1,5,0.47059813141822815
grandparents,2000,2000–09,mildred,1,5,0.4618973731994629
grandparents,2000,2000–09,minnie,1,5,0.460903525352478
grandparents,2000,2000–09,blanche,1,5,0.45088985562324524
grandparents,2000,2000–09,johanna,1,5,0.44822826981544495
grandparents,2000,2000–09,grandfather,1,5,0.4480803906917572
grandparents,2000,2000–09,bride,1,5,0.5431094169616699
grandparents,2000,2000–09,grandchild,1,5,0.5122578144073486
grandparents,2000,2000–09,groom,1,5,0.5058671832084656
grandparents,2000,2000–09,nieces,1,5,0.5045556426048279
grandparents,2000,2000–09,preceded,1,5,0.5043208003044128
grandparents,2000,2000–09,lydia,1,5,0.49625492095947266
grandparents,2000,2000–09,granddaughter,1,5,0.49225977063179016
grandparents,2000,2000–09,joann,1,5,0.48813727498054504
home,2000,2000–09,house,3,5,0.461093674103419
home,2000,2000–09,residences,3,5,0.445525586605072
home,2000,2000–09,apartments,3,5,0.4300907750924428
home,2000,2000–09,houses,2,5,0.48918989300727844
home,2000,2000–09,estates,2,5,0.4400631785392761
home,2000,2000–09,residence,2,5,0.4640461206436157
home,2000,2000–09,farmhouse,2,5,0.41629093885421753
home,2000,2000–09,oakridge,1,5,0.4942723512649536
home,2000,2000–09,duplex,1,5,0.47770053148269653
home,2000,2000–09,outbuildings,1,5,0.4763290286064148
home,2000,2000–09,dwellings,1,5,0.4753100275993347
home,2000,2000–09,apartment,1,5,0.46798640489578247
home,2000,2000–09,concow,1,5,0.4652585983276367
home,2000,2000–09,gated,1,5,0.4468827545642853
home,2000,2000–09,bungalow,1,5,0.4412854313850403
home,2000,2000–09,foreclosed,1,5,0.44063353538513184
home,2000,2000–09,shacks,1,5,0.4351997375488281
home,2000,2000–09,cunniff,1,5,0.5293658375740051
home,2000,2000–09,bussing,1,5,0.5209102034568787
home,2000,2000–09,burkefuneralhome,1,5,0.4737614393234253
home,2000,2000–09,raton,1,5,0.4479202330112457
home,2000,2000–09,armer,1,5,0.44117769598960876
home,2000,2000–09,condominiums,1,5,0.44010448455810547
home,2000,2000–09,alfs,1,5,0.4375179708003998
home,2000,2000–09,townhouses,1,5,0.43708667159080505
home,2000,2000–09,maplewood,1,5,0.4259299337863922
home,2000,2000–09,boca,1,5,0.4256420135498047
home,2000,2000–09,warehouses,1,5,0.42556336522102356
home,2000,2000–09,riverside,1,5,0.4240805506706238
home,2000,2000–09,vertuccio,1,5,0.45734915137290955
home,2000,2000–09,raided,1,5,0.45256245136260986
home,2000,2000–09,buonfiglio,1,5,0.45025017857551575
home,2000,2000–09,meetinghouse,1,5,0.444295734167099
home,2000,2000–09,evacuees,1,5,0.4436827003955841
home,2000,2000–09,evacuated,1,5,0.44097650051116943
home,2000,2000–09,funerals,1,5,0.43294239044189453
home,2000,2000–09,porches,1,5,0.4212579131126404
home,2000,2000–09,beechwood,1,5,0.4167468547821045
home,2000,2000–09,summered,1,5,0.4131477177143097
home,2000,2000–09,walnut,1,5,0.41299891471862793
home,2000,2000–09,crematory,1,5,0.4781078100204468
home,2000,2000–09,wiedeman,1,5,0.46496617794036865
home,2000,2000–09,haky,1,5,0.4585847556591034
home,2000,2000–09,malpezzi,1,5,0.4518052935600281
home,2000,2000–09,lakjer,1,5,0.4454090893268585
home,2000,2000–09,adjoining,1,5,0.4441947937011719
home,2000,2000–09,holcombe,1,5,0.4401819407939911
home,2000,2000–09,roofs,1,5,0.4298015832901001
home,2000,2000–09,displaced,1,5,0.42842453718185425
home,2000,2000–09,manatawny,1,5,0.42565393447875977
home,2000,2000–09,huff,1,5,0.4192791283130646
home,2000,2000–09,suess,1,5,0.41920602321624756
home,2000,2000–09,manor,1,5,0.46524858474731445
home,2000,2000–09,razed,1,5,0.4351254105567932
home,2000,2000–09,terrace,1,5,0.4322090744972229
home,2000,2000–09,belongings,1,5,0.41815075278282166
home,2000,2000–09,renting,1,5,0.41529735922813416
home,2000,2000–09,teague,1,5,0.4121204912662506
home,2000,2000–09,ashes,1,5,0.41208741068840027
home,2000,2000–09,neglected,1,5,0.40785887837409973
home,2000,2000–09,assisting,1,5,0.40492162108421326
home,2000,2000–09,bedford,1,5,0.4035581052303314
home,2000,2000–09,rehab,1,5,0.4033147990703583
home,2000,2000–09,tenants,1,5,0.4022129476070404
home,2000,2000–09,outskirts,1,5,0.39772412180900574
infant,2000,2000–09,newborn,4,5,0.5398083478212357
infant,2000,2000–09,births,3,5,0.49312745531400043
infant,2000,2000–09,newborns,2,5,0.5731927156448364
infant,2000,2000–09,child,2,5,0.5250293016433716
infant,2000,2000–09,mortality,2,5,0.5221363306045532
infant,2000,2000–09,unborn,2,5,0.51878921687603
infant,2000,2000–09,adoptive,2,5,0.5036110877990723
infant,2000,2000–09,babies,2,5,0.5338909029960632
infant,2000,2000–09,congenital,1,5,0.5921592712402344
infant,2000,2000–09,pregnancies,1,5,0.5887340307235718
infant,2000,2000–09,hemorrhage,1,5,0.5463839769363403
infant,2000,2000–09,abnormalities,1,5,0.5422900915145874
infant,2000,2000–09,neuropathy,1,5,0.5352639555931091
infant,2000,2000–09,childbirth,1,5,0.5224189162254333
infant,2000,2000–09,apnea,1,5,0.5123268365859985
infant,2000,2000–09,infertility,1,5,0.4959106147289276
infant,2000,2000–09,pregnancy,1,5,0.4938732981681824
infant,2000,2000–09,children,1,5,0.49334174394607544
infant,2000,2000–09,crib,1,5,0.533346951007843
infant,2000,2000–09,drennon,1,5,0.5193549394607544
infant,2000,2000–09,anslow,1,5,0.5131324529647827
infant,2000,2000–09,southwell,1,5,0.505567729473114
infant,2000,2000–09,carlie,1,5,0.4906226098537445
infant,2000,2000–09,inpatient,1,5,0.4869079887866974
infant,2000,2000–09,sodomized,1,5,0.48568251729011536
infant,2000,2000–09,unmarried,1,5,0.4825098514556885
infant,2000,2000–09,offspring,1,5,0.4774791896343231
infant,2000,2000–09,embryos,1,5,0.535624086856842
infant,2000,2000–09,spelke,1,5,0.533633291721344
infant,2000,2000–09,neglect,1,5,0.52786785364151
infant,2000,2000–09,hormones,1,5,0.5260357856750488
infant,2000,2000–09,womb,1,5,0.5130345225334167
infant,2000,2000–09,overweight,1,5,0.5109132528305054
infant,2000,2000–09,ghetto,1,5,0.5086154341697693
infant,2000,2000–09,boomers,1,5,0.5067712068557739
infant,2000,2000–09,anemia,1,5,0.4980359673500061
infant,2000,2000–09,reproductive,1,5,0.49627718329429626
infant,2000,2000–09,maternal,1,5,0.49832767248153687
infant,2000,2000–09,grandchild,1,5,0.478372186422348
infant,2000,2000–09,stepson,1,5,0.4773963987827301
infant,2000,2000–09,preceded,1,5,0.4709213078022003
infant,2000,2000–09,minnie,1,5,0.46322381496429443
infant,2000,2000–09,franks,1,5,0.46039608120918274
infant,2000,2000–09,predeceased,1,5,0.4579336643218994
infant,2000,2000–09,toddler,1,5,0.45557621121406555
infant,2000,2000–09,edna,1,5,0.45174336433410645
infant,2000,2000–09,stepmother,1,5,0.4502161145210266
infant,2000,2000–09,paternal,1,5,0.4473119080066681
infant,2000,2000–09,granddaughter,1,5,0.4469373822212219
infant,2000,2000–09,kendall,1,5,0.4461279511451721
infant,2000,2000–09,premature,1,5,0.5613867044448853
infant,2000,2000–09,toddlers,1,5,0.556339681148529
infant,2000,2000–09,organs,1,5,0.5549596548080444
infant,2000,2000–09,occupational,1,5,0.5509469509124756
infant,2000,2000–09,infections,1,5,0.5350213050842285
infant,2000,2000–09,sickle,1,5,0.5195581912994385
infant,2000,2000–09,lungs,1,5,0.5184041261672974
infant,2000,2000–09,headache,1,5,0.5073662996292114
infant,2000,2000–09,physicians,1,5,0.5060611963272095
infant,2000,2000–09,pediatric,1,5,0.5014275312423706
infant,2000,2000–09,suffers,1,5,0.5012643337249756
infant,2000,2000–09,ailments,1,5,0.4967734217643738
infant,2000,2000–09,estranged,1,5,0.4952591061592102
infant,2000,2000–09,illnesses,1,5,0.49262335896492004
inspector,2000,2000–09,inspection,5,5,0.5053966283798218
inspector,2000,2000–09,inspections,3,5,0.5150244732697805
inspector,2000,2000–09,inspect,3,5,0.49390677611033124
inspector,2000,2000–09,violations,3,5,0.43573224544525146
inspector,2000,2000–09,inspected,3,5,0.531355639298757
inspector,2000,2000–09,precinct,2,5,0.463291272521019
inspector,2000,2000–09,dep,2,5,0.548666775226593
inspector,2000,2000–09,asbestos,2,5,0.5524202287197113
inspector,2000,2000–09,utilities,2,5,0.5072445571422577
inspector,2000,2000–09,septic,2,5,0.536989837884903
inspector,2000,2000–09,investigators,1,5,0.4629446268081665
inspector,2000,2000–09,substandard,1,5,0.42906466126441956
inspector,2000,2000–09,ntsb,1,5,0.4268580973148346
inspector,2000,2000–09,pursuant,1,5,0.4261929988861084
inspector,2000,2000–09,leydon,1,5,0.4257450997829437
inspector,2000,2000–09,investigator,1,5,0.4238923490047455
inspector,2000,2000–09,agency,1,5,0.42363274097442627
inspector,2000,2000–09,osha,1,5,0.4208933413028717
inspector,2000,2000–09,manion,1,5,0.41554126143455505
inspector,2000,2000–09,hoving,1,5,0.4131720960140228
inspector,2000,2000–09,inspecting,1,5,0.41272974014282227
inspector,2000,2000–09,dob,1,5,0.514335572719574
inspector,2000,2000–09,gudmundsen,1,5,0.5110275149345398
inspector,2000,2000–09,scirica,1,5,0.4812498390674591
inspector,2000,2000–09,deputy,1,5,0.4439728856086731
inspector,2000,2000–09,officers,1,5,0.4373433589935303
inspector,2000,2000–09,getman,1,5,0.42967477440834045
inspector,2000,2000–09,department,1,5,0.42117297649383545
inspector,2000,2000–09,raids,1,5,0.41722729802131653
inspector,2000,2000–09,lieutenants,1,5,0.4153715968132019
inspector,2000,2000–09,sprinkler,1,5,0.510038435459137
inspector,2000,2000–09,cataldo,1,5,0.5044733285903931
inspector,2000,2000–09,hazards,1,5,0.5032985210418701
inspector,2000,2000–09,emt,1,5,0.49916553497314453
inspector,2000,2000–09,precaution,1,5,0.4948718845844269
inspector,2000,2000–09,sizzler,1,5,0.49170324206352234
inspector,2000,2000–09,termination,1,5,0.4894929826259613
inspector,2000,2000–09,drakes,1,5,0.5548426508903503
inspector,2000,2000–09,dpw,1,5,0.5370151400566101
inspector,2000,2000–09,foley,1,5,0.5351247191429138
inspector,2000,2000–09,usda,1,5,0.49949613213539124
inspector,2000,2000–09,operational,1,5,0.49110808968544006
inspector,2000,2000–09,elections,1,5,0.48340824246406555
inspector,2000,2000–09,audit,1,5,0.4752376675605774
inspector,2000,2000–09,valence,1,5,0.4749760925769806
inspector,2000,2000–09,enforce,1,5,0.47311949729919434
inspector,2000,2000–09,raided,1,5,0.4673684537410736
inspector,2000,2000–09,explosives,1,5,0.4654429852962494
inspector,2000,2000–09,hydromet,1,5,0.586590588092804
inspector,2000,2000–09,dispatcher,1,5,0.5579029321670532
inspector,2000,2000–09,postal,1,5,0.5362542271614075
inspector,2000,2000–09,hosty,1,5,0.5345298647880554
inspector,2000,2000–09,contaminated,1,5,0.5319784879684448
inspector,2000,2000–09,merkelo,1,5,0.5113778710365295
inspector,2000,2000–09,layoffs,1,5,0.5053845643997192
inspector,2000,2000–09,methane,1,5,0.5049529075622559
inspector,2000,2000–09,hud,1,5,0.5048824548721313
inspector,2000,2000–09,fda,1,5,0.5027608871459961
married,2000,2000–09,divorced,5,5,0.5654060363769531
married,2000,2000–09,wife,5,5,0.5033806622028351
married,2000,2000–09,marry,4,5,0.5032751485705376
married,2000,2000–09,marrying,4,5,0.4964212402701378
married,2000,2000–09,marriage,4,5,0.4940813034772873
married,2000,2000–09,husband,3,5,0.49597278237342834
married,2000,2000–09,sweetheart,3,5,0.4654733935991923
married,2000,2000–09,widowed,2,5,0.5112069994211197
married,2000,2000–09,wed,2,5,0.5228762030601501
married,2000,2000–09,remarried,2,5,0.5058879256248474
married,2000,2000–09,stepson,2,5,0.4559190720319748
married,2000,2000–09,survives,2,5,0.5301693379878998
married,2000,2000–09,isabella,2,5,0.44768665730953217
married,2000,2000–09,hiete,1,5,0.5262460112571716
married,2000,2000–09,graduated,1,5,0.514001190662384
married,2000,2000–09,homemaker,1,5,0.5099675059318542
married,2000,2000–09,newlyweds,1,5,0.5001932978630066
married,2000,2000–09,bitzer,1,5,0.489037424325943
married,2000,2000–09,baptized,1,5,0.5044882297515869
married,2000,2000–09,glencoe,1,5,0.4750240743160248
married,2000,2000–09,born,1,5,0.46069851517677307
married,2000,2000–09,daughters,1,5,0.4514927566051483
married,2000,2000–09,divorce,1,5,0.44994887709617615
married,2000,2000–09,inseparable,1,5,0.44284385442733765
married,2000,2000–09,nanny,1,5,0.4911550283432007
married,2000,2000–09,marguerite,1,5,0.46725353598594666
married,2000,2000–09,tate,1,5,0.43909454345703125
married,2000,2000–09,tatro,1,5,0.438897043466568
married,2000,2000–09,standish,1,5,0.4387391209602356
married,2000,2000–09,stepdaughter,1,5,0.4354979693889618
married,2000,2000–09,ethel,1,5,0.43194931745529175
married,2000,2000–09,nee,1,5,0.49953940510749817
married,2000,2000–09,minnie,1,5,0.48484453558921814
married,2000,2000–09,elisabeth,1,5,0.45175737142562866
married,2000,2000–09,fiancee,1,5,0.4514428675174713
married,2000,2000–09,beatrice,1,5,0.45003241300582886
married,2000,2000–09,bertha,1,5,0.44843316078186035
married,2000,2000–09,blanche,1,5,0.4479486644268036
married,2000,2000–09,bridget,1,5,0.5182376503944397
married,2000,2000–09,faye,1,5,0.4683264195919037
married,2000,2000–09,marjorie,1,5,0.46025753021240234
married,2000,2000–09,pauline,1,5,0.4592217206954956
married,2000,2000–09,grandsons,1,5,0.4539475739002228
married,2000,2000–09,teresa,1,5,0.45149633288383484
married,2000,2000–09,gladys,1,5,0.44968366622924805
married,2000,2000–09,louise,1,5,0.4492209553718567
married,2000,2000–09,fiance,1,5,0.44836315512657166
married,2000,2000–09,mildred,1,5,0.44711050391197205
nurse,2000,2000–09,nursing,5,5,0.5112109899520874
nurse,2000,2000–09,physicians,4,5,0.4902678653597832
nurse,2000,2000–09,pediatric,4,5,0.5345493257045746
nurse,2000,2000–09,hospital,3,5,0.49286531408627826
nurse,2000,2000–09,medical,2,5,0.49656476080417633
nurse,2000,2000–09,doctors,2,5,0.5115346610546112
nurse,2000,2000–09,patient,2,5,0.4765886813402176
nurse,2000,2000–09,therapists,2,5,0.47867515683174133
nurse,2000,2000–09,maternity,2,5,0.4850098639726639
nurse,2000,2000–09,psychiatric,2,5,0.4887630194425583
nurse,2000,2000–09,icu,1,5,0.6115157008171082
nurse,2000,2000–09,physician,1,5,0.5244577527046204
nurse,2000,2000–09,doctor,1,5,0.5045387744903564
nurse,2000,2000–09,cardiologist,1,5,0.4984971582889557
nurse,2000,2000–09,pharmacists,1,5,0.48974934220314026
nurse,2000,2000–09,dameron,1,5,0.47533103823661804
nurse,2000,2000–09,anesthesia,1,5,0.471138060092926
nurse,2000,2000–09,rn,1,5,0.550756573677063
nurse,2000,2000–09,mount,1,5,0.548072874546051
nurse,2000,2000–09,aide,1,5,0.5158162117004395
nurse,2000,2000–09,certified,1,5,0.5094566941261292
nurse,2000,2000–09,sanatarian,1,5,0.5048131346702576
nurse,2000,2000–09,supervising,1,5,0.4926895797252655
nurse,2000,2000–09,ambulatory,1,5,0.48989352583885193
nurse,2000,2000–09,palliative,1,5,0.47849732637405396
nurse,2000,2000–09,licensed,1,5,0.47824162244796753
nurse,2000,2000–09,health,1,5,0.4749854803085327
nurse,2000,2000–09,radiology,1,5,0.4738575220108032
nurse,2000,2000–09,orthopedic,1,5,0.5101126432418823
nurse,2000,2000–09,emts,1,5,0.5097896456718445
nurse,2000,2000–09,technicians,1,5,0.5092236995697021
nurse,2000,2000–09,ems,1,5,0.5088427662849426
nurse,2000,2000–09,vna,1,5,0.506095826625824
nurse,2000,2000–09,caregivers,1,5,0.5031859874725342
nurse,2000,2000–09,childcare,1,5,0.5025996565818787
nurse,2000,2000–09,wellness,1,5,0.501713216304779
nurse,2000,2000–09,respiratory,1,5,0.49003365635871887
nurse,2000,2000–09,practitioners,1,5,0.48739758133888245
nurse,2000,2000–09,cpr,1,5,0.4831649363040924
nurse,2000,2000–09,outpatient,1,5,0.5212852358818054
nurse,2000,2000–09,practitioner,1,5,0.5172813534736633
nurse,2000,2000–09,surgical,1,5,0.5030494928359985
nurse,2000,2000–09,oakey,1,5,0.49835678935050964
nurse,2000,2000–09,hahnemann,1,5,0.4910832345485687
nurse,2000,2000–09,pediatrician,1,5,0.48621776700019836
nurse,2000,2000–09,nanticoke,1,5,0.48553600907325745
nurse,2000,2000–09,residency,1,5,0.4730112850666046
nurse,2000,2000–09,paramedic,1,5,0.47127649188041687
nurse,2000,2000–09,clinical,1,5,0.45997270941734314
nurse,2000,2000–09,patients,1,5,0.49729302525520325
nurse,2000,2000–09,therapist,1,5,0.4961753785610199
nurse,2000,2000–09,carle,1,5,0.4887699484825134
nurse,2000,2000–09,hospice,1,5,0.4886225163936615
nurse,2000,2000–09,samaritans,1,5,0.48776209354400635
nurse,2000,2000–09,osf,1,5,0.48717403411865234
nurse,2000,2000–09,diagnosis,1,5,0.4684329330921173
nurse,2000,2000–09,paramedics,1,5,0.4635462760925293
parents,2000,2000–09,children,5,5,0.4456428289413452
parents,2000,2000–09,mother,4,5,0.4735776260495186
parents,2000,2000–09,kids,3,5,0.4682419200738271
parents,2000,2000–09,siblings,3,5,0.4438049793243408
parents,2000,2000–09,son,3,5,0.4294128517309825
parents,2000,2000–09,parental,2,5,0.46822863817214966
parents,2000,2000–09,mom,2,5,0.4389684349298477
parents,2000,2000–09,family,2,5,0.42379070818424225
parents,2000,2000–09,adoptive,2,5,0.45229901373386383
parents,2000,2000–09,child,2,5,0.41308651864528656
parents,2000,2000–09,moms,2,5,0.4191933572292328
parents,2000,2000–09,kindergarten,2,5,0.41077566146850586
parents,2000,2000–09,tachibana,1,5,0.4636601209640503
parents,2000,2000–09,ocegueda,1,5,0.4537561237812042
parents,2000,2000–09,daughter,1,5,0.4511895179748535
parents,2000,2000–09,vann,1,5,0.45071375370025635
parents,2000,2000–09,grandparents,1,5,0.4485936760902405
parents,2000,2000–09,childcare,1,5,0.43986374139785767
parents,2000,2000–09,dad,1,5,0.43606212735176086
parents,2000,2000–09,pta,1,5,0.4815545976161957
parents,2000,2000–09,teachers,1,5,0.4646625220775604
parents,2000,2000–09,drennon,1,5,0.44476914405822754
parents,2000,2000–09,busing,1,5,0.43782833218574524
parents,2000,2000–09,guardians,1,5,0.4342365860939026
parents,2000,2000–09,husband,1,5,0.43363845348358154
parents,2000,2000–09,bereavement,1,5,0.4313960671424866
parents,2000,2000–09,school,1,5,0.42830750346183777
parents,2000,2000–09,parenting,1,5,0.45507746934890747
parents,2000,2000–09,'it,1,5,0.45418524742126465
parents,2000,2000–09,chores,1,5,0.43902143836021423
parents,2000,2000–09,preschool,1,5,0.437778502702713
parents,2000,2000–09,spouse,1,5,0.4219953715801239
parents,2000,2000–09,cairol,1,5,0.4162117838859558
parents,2000,2000–09,eldest,1,5,0.4123591482639313
parents,2000,2000–09,families,1,5,0.4106954038143158
parents,2000,2000–09,kraus,1,5,0.403018057346344
parents,2000,2000–09,autistic,1,5,0.47674646973609924
parents,2000,2000–09,husbands,1,5,0.455303817987442
parents,2000,2000–09,spouses,1,5,0.44996213912963867
parents,2000,2000–09,orphanage,1,5,0.4082731008529663
parents,2000,2000–09,mentors,1,5,0.4048793315887451
parents,2000,2000–09,baiman,1,5,0.39974749088287354
parents,2000,2000–09,cossey,1,5,0.3954278826713562
parents,2000,2000–09,makahleh,1,5,0.39377325773239136
parents,2000,2000–09,dcfs,1,5,0.5008906126022339
parents,2000,2000–09,toddlers,1,5,0.4743770956993103
parents,2000,2000–09,prospective,1,5,0.45415547490119934
parents,2000,2000–09,kolten,1,5,0.4499356746673584
parents,2000,2000–09,sibling,1,5,0.4335898458957672
parents,2000,2000–09,tricia,1,5,0.432740718126297
parents,2000,2000–09,grandchild,1,5,0.4326418936252594
parents,2000,2000–09,cps,1,5,0.4281406104564667
parents,2000,2000–09,verbally,1,5,0.424564391374588
parents,2000,2000–09,hearn,1,5,0.42246508598327637
parents,2000,2000–09,bridegroom,1,5,0.4192406237125397
pastor,2000,2000–09,church,5,5,0.6162434458732605
pastor,2000,2000–09,rev,4,5,0.6313599199056625
pastor,2000,2000–09,ordained,4,5,0.5952580720186234
pastor,2000,2000–09,congregation,3,5,0.5756339629491171
pastor,2000,2000–09,ministers,3,5,0.5789791146914164
pastor,2000,2000–09,rector,2,5,0.5544241964817047
pastor,2000,2000–09,minister,2,5,0.5490743815898895
pastor,2000,2000–09,officiate,2,5,0.5490820705890656
pastor,2000,2000–09,baptist,2,5,0.546049952507019
pastor,2000,2000–09,sacrament,2,5,0.6102083921432495
pastor,2000,2000–09,vicar,2,5,0.6244544088840485
pastor,2000,2000–09,parishes,2,5,0.6152867376804352
pastor,2000,2000–09,parish,2,5,0.5890214741230011
pastor,2000,2000–09,parishioners,2,5,0.5832966268062592
pastor,2000,2000–09,officiating,2,5,0.5664457082748413
pastor,2000,2000–09,methodist,1,5,0.5913659930229187
pastor,2000,2000–09,ministries,1,5,0.5881296992301941
pastor,2000,2000–09,beshore,1,5,0.5426822900772095
pastor,2000,2000–09,foursquare,1,5,0.5390552282333374
pastor,2000,2000–09,denominational,1,5,0.5335708260536194
pastor,2000,2000–09,pentecostal,1,5,0.5313022136688232
pastor,2000,2000–09,boniface,1,5,0.6500817537307739
pastor,2000,2000–09,msgr,1,5,0.6415532827377319
pastor,2000,2000–09,scarcia,1,5,0.6326723098754883
pastor,2000,2000–09,apostle,1,5,0.6172840595245361
pastor,2000,2000–09,mcgann,1,5,0.5987094640731812
pastor,2000,2000–09,franciscan,1,5,0.5949366688728333
pastor,2000,2000–09,ecumenical,1,5,0.5872609615325928
pastor,2000,2000–09,homily,1,5,0.5753828287124634
pastor,2000,2000–09,apostolic,1,5,0.6154040694236755
pastor,2000,2000–09,archdiocesan,1,5,0.6133213639259338
pastor,2000,2000–09,fr,1,5,0.6051995158195496
pastor,2000,2000–09,dussourd,1,5,0.5974260568618774
pastor,2000,2000–09,diocesan,1,5,0.5769369602203369
pastor,2000,2000–09,priest,1,5,0.5692217350006104
pastor,2000,2000–09,reverend,1,5,0.6072597503662109
pastor,2000,2000–09,sermon,1,5,0.5980048775672913
pastor,2000,2000–09,priesthood,1,5,0.5736351609230042
pastor,2000,2000–09,deacon,1,5,0.5703622102737427
pastor,2000,2000–09,ordination,1,5,0.5601469278335571
pastor,2000,2000–09,celebrant,1,5,0.5600805282592773
pastor,2000,2000–09,priests,1,5,0.5531339645385742
pastor,2000,2000–09,clergy,1,5,0.5451034903526306
pastor,2000,2000–09,calvary,1,5,0.5781639814376831
pastor,2000,2000–09,episcopal,1,5,0.5713645219802856
pastor,2000,2000–09,immanuel,1,5,0.5688502192497253
pastor,2000,2000–09,pastoral,1,5,0.5624520182609558
pastor,2000,2000–09,salter,1,5,0.5621553063392639
pastor,2000,2000–09,fellowship,1,5,0.5616484880447388
pastor,2000,2000–09,preachers,1,5,0.5561681389808655
pastor,2000,2000–09,elders,1,5,0.5556501746177673
physician,2000,2000–09,pediatric,4,5,0.5762386620044708
physician,2000,2000–09,patients,3,5,0.6010065674781799
physician,2000,2000–09,doctors,3,5,0.5695254604021708
physician,2000,2000–09,medical,3,5,0.5433590213457743
physician,2000,2000–09,surgeon,3,5,0.5224958260854086
physician,2000,2000–09,medicine,3,5,0.5456388791402181
physician,2000,2000–09,doctor,2,5,0.5601150393486023
physician,2000,2000–09,chiropractic,2,5,0.5683386325836182
physician,2000,2000–09,obstetrics,2,5,0.5344972610473633
physician,2000,2000–09,practitioner,2,5,0.5446810722351074
physician,2000,2000–09,psychiatrists,2,5,0.5231905281543732
physician,2000,2000–09,pediatrician,2,5,0.5367309153079987
physician,2000,2000–09,surgeons,2,5,0.5185559689998627
physician,2000,2000–09,psychiatry,2,5,0.5133319795131683
physician,2000,2000–09,psychiatrist,2,5,0.5555717051029205
physician,2000,2000–09,clinical,2,5,0.5342284739017487
physician,2000,2000–09,pilch,1,5,0.5570001602172852
physician,2000,2000–09,cardiologist,1,5,0.5566930174827576
physician,2000,2000–09,clinicians,1,5,0.5472333431243896
physician,2000,2000–09,icu,1,5,0.5252956748008728
physician,2000,2000–09,pharmacists,1,5,0.5165184736251831
physician,2000,2000–09,therapists,1,5,0.515636146068573
physician,2000,2000–09,infertility,1,5,0.5103257894515991
physician,2000,2000–09,nsuh,1,5,0.5569689273834229
physician,2000,2000–09,dr,1,5,0.5422530174255371
physician,2000,2000–09,ambulatory,1,5,0.5212546586990356
physician,2000,2000–09,pediatrics,1,5,0.5128779411315918
physician,2000,2000–09,oncology,1,5,0.5114269852638245
physician,2000,2000–09,practitioners,1,5,0.5591151118278503
physician,2000,2000–09,orthopedic,1,5,0.5540108680725098
physician,2000,2000–09,diagnostic,1,5,0.5379830598831177
physician,2000,2000–09,zoll,1,5,0.5336662530899048
physician,2000,2000–09,federman,1,5,0.5302937030792236
physician,2000,2000–09,outcomes,1,5,0.5036742091178894
physician,2000,2000–09,respiratory,1,5,0.502471387386322
physician,2000,2000–09,residency,1,5,0.6126741170883179
physician,2000,2000–09,surgical,1,5,0.538033127784729
physician,2000,2000–09,outpatient,1,5,0.5278850197792053
physician,2000,2000–09,acker,1,5,0.5088351964950562
physician,2000,2000–09,oakey,1,5,0.5028454661369324
physician,2000,2000–09,psychiatric,1,5,0.5903908610343933
physician,2000,2000–09,veterinarian,1,5,0.557218611240387
physician,2000,2000–09,ct,1,5,0.5469180345535278
physician,2000,2000–09,sickle,1,5,0.5403506755828857
physician,2000,2000–09,clinic,1,5,0.540141224861145
physician,2000,2000–09,undergo,1,5,0.5342113971710205
physician,2000,2000–09,veterinary,1,5,0.5313721299171448
physician,2000,2000–09,wellness,1,5,0.5282135605812073
physician,2000,2000–09,radiation,1,5,0.5264521241188049
physician,2000,2000–09,mri,1,5,0.5237299203872681
physician,2000,2000–09,infants,1,5,0.520884096622467
physician,2000,2000–09,ailments,1,5,0.520645260810852
police,2000,2000–09,officers,5,5,0.6074864506721497
police,2000,2000–09,detectives,5,5,0.5845808863639832
police,2000,2000–09,authorities,3,5,0.5505867401758829
police,2000,2000–09,detective,3,5,0.5124587714672089
police,2000,2000–09,troopers,3,5,0.5710039933522543
police,2000,2000–09,deputies,2,5,0.5730323493480682
police,2000,2000–09,epd,2,5,0.5854320824146271
police,2000,2000–09,lapd,2,5,0.5120871514081955
police,2000,2000–09,patrolman,2,5,0.5467090904712677
police,2000,2000–09,officer,2,5,0.508274495601654
police,2000,2000–09,apprehended,2,5,0.5373256802558899
police,2000,2000–09,arresting,2,5,0.5279141664505005
police,2000,2000–09,sheriff,1,5,0.5452284812927246
police,2000,2000–09,sgt,1,5,0.5419418215751648
police,2000,2000–09,cordoned,1,5,0.5278099775314331
police,2000,2000–09,det,1,5,0.5256791710853577
police,2000,2000–09,jette,1,5,0.5246660709381104
police,2000,2000–09,chp,1,5,0.5210265517234802
police,2000,2000–09,cops,1,5,0.596240222454071
police,2000,2000–09,investigators,1,5,0.5729793906211853
police,2000,2000–09,dispatchers,1,5,0.544989824295044
police,2000,2000–09,connellan,1,5,0.5444852113723755
police,2000,2000–09,perpetrator,1,5,0.5338186025619507
police,2000,2000–09,trooper,1,5,0.5214202404022217
police,2000,2000–09,dea,1,5,0.5197328925132751
police,2000,2000–09,ridgeway,1,5,0.5169333219528198
police,2000,2000–09,cruisers,1,5,0.5643502473831177
police,2000,2000–09,gunpoint,1,5,0.5389410257339478
police,2000,2000–09,arrested,1,5,0.5362106561660767
police,2000,2000–09,handcuffed,1,5,0.5322386622428894
police,2000,2000–09,bpd,1,5,0.531554102897644
police,2000,2000–09,nupd,1,5,0.5281350612640381
police,2000,2000–09,raided,1,5,0.5277856588363647
police,2000,2000–09,burno,1,5,0.5187779664993286
police,2000,2000–09,narcotics,1,5,0.5159490704536438
police,2000,2000–09,patrolmen,1,5,0.5129890441894531
police,2000,2000–09,guzman,1,5,0.5105128288269043
police,2000,2000–09,swiftwater,1,5,0.5216430425643921
police,2000,2000–09,losew,1,5,0.5187673568725586
police,2000,2000–09,dispatched,1,5,0.5172341465950012
police,2000,2000–09,suspect,1,5,0.5092720985412598
police,2000,2000–09,avondale,1,5,0.5064762234687805
police,2000,2000–09,flor,1,5,0.4967641234397888
police,2000,2000–09,burglaries,1,5,0.4939270317554474
police,2000,2000–09,corporal,1,5,0.4924764335155487
police,2000,2000–09,cpd,1,5,0.5564107298851013
police,2000,2000–09,buell,1,5,0.4910607635974884
police,2000,2000–09,cazares,1,5,0.4909478724002838
police,2000,2000–09,motorist,1,5,0.48564326763153076
police,2000,2000–09,alerted,1,5,0.48056820034980774
police,2000,2000–09,hynes,1,5,0.4801396429538727
police,2000,2000–09,southbound,1,5,0.4799102544784546
police,2000,2000–09,disturbance,1,5,0.47818392515182495
police,2000,2000–09,uniformed,1,5,0.4762859344482422
prosecutor,2000,2000–09,prosecution,5,5,0.5905558109283447
prosecutor,2000,2000–09,attorney,3,5,0.6133601466814677
prosecutor,2000,2000–09,perjury,3,5,0.5446510712305704
prosecutor,2000,2000–09,attorneys,2,5,0.5516558885574341
prosecutor,2000,2000–09,retrial,2,5,0.5593780875205994
prosecutor,2000,2000–09,trial,2,5,0.5534515976905823
prosecutor,2000,2000–09,indictments,2,5,0.5510833561420441
prosecutor,2000,2000–09,prosecute,2,5,0.5474652349948883
prosecutor,2000,2000–09,convict,2,5,0.5783929228782654
prosecutor,2000,2000–09,testa,1,5,0.5708392858505249
prosecutor,2000,2000–09,brocchini,1,5,0.5697659850120544
prosecutor,2000,2000–09,judge,1,5,0.5586141347885132
prosecutor,2000,2000–09,quatman,1,5,0.5495027899742126
prosecutor,2000,2000–09,wagstaffe,1,5,0.5418941378593445
prosecutor,2000,2000–09,defendant,1,5,0.5410341024398804
prosecutor,2000,2000–09,continuance,1,5,0.5409284830093384
prosecutor,2000,2000–09,mistrial,1,5,0.5354812145233154
prosecutor,2000,2000–09,baytieh,1,5,0.5348095893859863
prosecutor,2000,2000–09,skakel,1,5,0.5856140851974487
prosecutor,2000,2000–09,subpoenaed,1,5,0.5603673458099365
prosecutor,2000,2000–09,kindlon,1,5,0.5576770901679993
prosecutor,2000,2000–09,andros,1,5,0.5570008754730225
prosecutor,2000,2000–09,telese,1,5,0.5549944639205933
prosecutor,2000,2000–09,cerio,1,5,0.5481188297271729
prosecutor,2000,2000–09,disbarred,1,5,0.5398752689361572
prosecutor,2000,2000–09,tendy,1,5,0.5398642420768738
prosecutor,2000,2000–09,juries,1,5,0.5347207188606262
prosecutor,2000,2000–09,burno,1,5,0.5990417003631592
prosecutor,2000,2000–09,watne,1,5,0.598659873008728
prosecutor,2000,2000–09,blache,1,5,0.5830792188644409
prosecutor,2000,2000–09,criminally,1,5,0.5825166702270508
prosecutor,2000,2000–09,ponsor,1,5,0.5792326927185059
prosecutor,2000,2000–09,wrongful,1,5,0.5731930732727051
prosecutor,2000,2000–09,macdougall,1,5,0.5685712695121765
prosecutor,2000,2000–09,chiero,1,5,0.5659980177879333
prosecutor,2000,2000–09,neves,1,5,0.5535105466842651
prosecutor,2000,2000–09,sentencing,1,5,0.5516791343688965
prosecutor,2000,2000–09,gambones,1,5,0.6098611354827881
prosecutor,2000,2000–09,gotay,1,5,0.5991435050964355
prosecutor,2000,2000–09,tranquilli,1,5,0.5834883451461792
prosecutor,2000,2000–09,prosecuting,1,5,0.5790373086929321
prosecutor,2000,2000–09,fortson,1,5,0.5624455213546753
prosecutor,2000,2000–09,lunsford,1,5,0.5557674169540405
prosecutor,2000,2000–09,deposition,1,5,0.5503203272819519
prosecutor,2000,2000–09,aggravating,1,5,0.5371979475021362
prosecutor,2000,2000–09,mollett,1,5,0.5354435443878174
prosecutor,2000,2000–09,arguments,1,5,0.5327386856079102
prosecutor,2000,2000–09,godschalk,1,5,0.5325264930725098
prosecutor,2000,2000–09,brice,1,5,0.530457615852356
prosecutor,2000,2000–09,saap,1,5,0.6571174263954163
prosecutor,2000,2000–09,devine,1,5,0.6055864691734314
prosecutor,2000,2000–09,zalar,1,5,0.5853496789932251
prosecutor,2000,2000–09,prosecuted,1,5,0.5748571157455444
prosecutor,2000,2000–09,appellate,1,5,0.5737159252166748
prosecutor,2000,2000–09,parkinson,1,5,0.5703466534614563
prosecutor,2000,2000–09,acquitted,1,5,0.5642861723899841
prosecutor,2000,2000–09,jury,1,5,0.5527214407920837
prosecutor,2000,2000–09,testifying,1,5,0.5498167872428894
prosecutor,2000,2000–09,steidl,1,5,0.5477042198181152
prosecutor,2000,2000–09,subpoena,1,5,0.5474088788032532
prosecutor,2000,2000–09,rea,1,5,0.5373097658157349
relatives,2000,2000–09,family,4,5,0.4567209258675575
relatives,2000,2000–09,acquaintances,4,5,0.4367956295609474
relatives,2000,2000–09,friends,3,5,0.4700692296028137
relatives,2000,2000–09,cousins,3,5,0.4478326042493184
relatives,2000,2000–09,aunts,3,5,0.44446579615275067
relatives,2000,2000–09,adoptive,2,5,0.40942732989788055
relatives,2000,2000–09,uncles,2,5,0.42392677068710327
relatives,2000,2000–09,families,1,5,0.48245352506637573
relatives,2000,2000–09,feldkamp,1,5,0.43467432260513306
relatives,2000,2000–09,victims,1,5,0.42007943987846375
relatives,2000,2000–09,carringtons,1,5,0.4178125262260437
relatives,2000,2000–09,grieve,1,5,0.4130208194255829
relatives,2000,2000–09,silvina,1,5,0.4078839123249054
relatives,2000,2000–09,siblings,1,5,0.40732133388519287
relatives,2000,2000–09,brother,1,5,0.40421992540359497
relatives,2000,2000–09,ancestry,1,5,0.3999902009963989
relatives,2000,2000–09,father,1,5,0.39306849241256714
relatives,2000,2000–09,colombo,1,5,0.3868619203567505
relatives,2000,2000–09,vaninwegen,1,5,0.451415091753006
relatives,2000,2000–09,bordes,1,5,0.4474163055419922
relatives,2000,2000–09,borukhova,1,5,0.4380711615085602
relatives,2000,2000–09,tearfully,1,5,0.43205034732818604
relatives,2000,2000–09,deceased,1,5,0.4268445074558258
relatives,2000,2000–09,hance,1,5,0.42496904730796814
relatives,2000,2000–09,oakes,1,5,0.4243062734603882
relatives,2000,2000–09,mother,1,5,0.4236559271812439
relatives,2000,2000–09,lavin,1,5,0.42278948426246643
relatives,2000,2000–09,drennon,1,5,0.4224860668182373
relatives,2000,2000–09,vazza,1,5,0.44489550590515137
relatives,2000,2000–09,vertuccio,1,5,0.44469568133354187
relatives,2000,2000–09,grandnephews,1,5,0.43567803502082825
relatives,2000,2000–09,ancestral,1,5,0.42540842294692993
relatives,2000,2000–09,kindly,1,5,0.42267870903015137
relatives,2000,2000–09,asplund,1,5,0.42239484190940857
relatives,2000,2000–09,grandnieces,1,5,0.4214659631252289
relatives,2000,2000–09,thurmond,1,5,0.4205370545387268
relatives,2000,2000–09,cairol,1,5,0.41378921270370483
relatives,2000,2000–09,orphanage,1,5,0.41314131021499634
relatives,2000,2000–09,befriended,1,5,0.4093976616859436
relatives,2000,2000–09,buonfiglio,1,5,0.4085455536842346
relatives,2000,2000–09,mcmullen,1,5,0.4082605540752411
relatives,2000,2000–09,higginbotham,1,5,0.4864407777786255
relatives,2000,2000–09,haky,1,5,0.47363415360450745
relatives,2000,2000–09,guzman,1,5,0.4427298903465271
relatives,2000,2000–09,wept,1,5,0.44265708327293396
relatives,2000,2000–09,talik,1,5,0.43959975242614746
relatives,2000,2000–09,klotzbach,1,5,0.432944655418396
relatives,2000,2000–09,distant,1,5,0.4328535795211792
relatives,2000,2000–09,schickling,1,5,0.4324306845664978
relatives,2000,2000–09,unresponsive,1,5,0.42675840854644775
relatives,2000,2000–09,hearn,1,5,0.49528202414512634
relatives,2000,2000–09,stepfather,1,5,0.4875417947769165
relatives,2000,2000–09,grieving,1,5,0.4829232394695282
relatives,2000,2000–09,scesny,1,5,0.4686143100261688
relatives,2000,2000–09,hearns,1,5,0.46833571791648865
relatives,2000,2000–09,respectful,1,5,0.4548145532608032
relatives,2000,2000–09,kolten,1,5,0.44815775752067566
relatives,2000,2000–09,cousin,1,5,0.4454173147678375
relatives,2000,2000–09,mcavinchey,1,5,0.4410777986049652
relatives,2000,2000–09,contended,1,5,0.4388248324394226
relatives,2000,2000–09,guevara,1,5,0.43761545419692993
secretary,2000,2000–09,treasurer,5,5,0.5082496643066406
secretary,2000,2000–09,treasury,4,5,0.45788703113794327
secretary,2000,2000–09,advisor,3,5,0.44186100363731384
secretary,2000,2000–09,adviser,2,5,0.45924028754234314
secretary,2000,2000–09,solicitor,2,5,0.41869625449180603
secretary,2000,2000–09,chairman,2,5,0.40766671299934387
secretary,2000,2000–09,aide,2,5,0.433823823928833
secretary,2000,2000–09,oversees,2,5,0.46475112438201904
secretary,2000,2000–09,rodham,1,5,0.513159453868866
secretary,2000,2000–09,appropriations,1,5,0.4831203520298004
secretary,2000,2000–09,appointee,1,5,0.47192302346229553
secretary,2000,2000–09,appointees,1,5,0.47081291675567627
secretary,2000,2000–09,lacba,1,5,0.46749767661094666
secretary,2000,2000–09,deukmejian,1,5,0.46718689799308777
secretary,2000,2000–09,electing,1,5,0.45417526364326477
secretary,2000,2000–09,presidents,1,5,0.4510365426540375
secretary,2000,2000–09,administrations,1,5,0.4443301260471344
secretary,2000,2000–09,appointments,1,5,0.4438816010951996
secretary,2000,2000–09,rumsfeld,1,5,0.44263726472854614
secretary,2000,2000–09,damiano,1,5,0.4417032301425934
secretary,2000,2000–09,condoleezza,1,5,0.5539605617523193
secretary,2000,2000–09,cpa,1,5,0.4820988178253174
secretary,2000,2000–09,advisers,1,5,0.4804931879043579
secretary,2000,2000–09,desiree,1,5,0.4677167236804962
secretary,2000,2000–09,wappett,1,5,0.45981481671333313
secretary,2000,2000–09,sanatarian,1,5,0.4580429196357727
secretary,2000,2000–09,albright,1,5,0.45584240555763245
secretary,2000,2000–09,president,1,5,0.45541369915008545
secretary,2000,2000–09,hadley,1,5,0.4503551721572876
secretary,2000,2000–09,subcommittee,1,5,0.44607311487197876
secretary,2000,2000–09,glazer,1,5,0.44063761830329895
secretary,2000,2000–09,chancellor,1,5,0.44380706548690796
secretary,2000,2000–09,annan,1,5,0.4346064329147339
secretary,2000,2000–09,ambassador,1,5,0.43420442938804626
secretary,2000,2000–09,eisenhower,1,5,0.4213205873966217
secretary,2000,2000–09,proclamation,1,5,0.4144686460494995
secretary,2000,2000–09,mayors,1,5,0.4140003025531769
secretary,2000,2000–09,vice,1,5,0.41187798976898193
secretary,2000,2000–09,deputy,1,5,0.4071374833583832
secretary,2000,2000–09,commissioner,1,5,0.40428781509399414
secretary,2000,2000–09,gibbs,1,5,0.4006320834159851
secretary,2000,2000–09,representative,1,5,0.3999757766723633
secretary,2000,2000–09,bookkeeper,1,5,0.45975369215011597
secretary,2000,2000–09,auditor,1,5,0.45511725544929504
secretary,2000,2000–09,chairwoman,1,5,0.4477437734603882
secretary,2000,2000–09,scarantino,1,5,0.42959266901016235
secretary,2000,2000–09,director,1,5,0.415036678314209
secretary,2000,2000–09,accountant,1,5,0.409327894449234
secretary,2000,2000–09,honorary,1,5,0.39699798822402954
secretary,2000,2000–09,bankers,1,5,0.3876754939556122
secretary,2000,2000–09,chaplain,1,5,0.4908532202243805
secretary,2000,2000–09,aides,1,5,0.47229111194610596
secretary,2000,2000–09,cx,1,5,0.4696621596813202
secretary,2000,2000–09,nato,1,5,0.46618443727493286
secretary,2000,2000–09,grievances,1,5,0.4647600054740906
secretary,2000,2000–09,bzdak,1,5,0.46415039896965027
secretary,2000,2000–09,timoney,1,5,0.4617309272289276
secretary,2000,2000–09,fax,1,5,0.46142300963401794
secretary,2000,2000–09,gainer,1,5,0.4587337374687195
secretary,2000,2000–09,governmental,1,5,0.4579678177833557
secretary,2000,2000–09,uic,1,5,0.457121342420578
siblings,2000,2000–09,sister,5,5,0.5407709240913391
siblings,2000,2000–09,brother,4,5,0.5442388355731964
siblings,2000,2000–09,uncles,4,5,0.509256437420845
siblings,2000,2000–09,sisters,4,5,0.5055832862854004
siblings,2000,2000–09,aunts,4,5,0.5177898406982422
siblings,2000,2000–09,eldest,3,5,0.5316735108693441
siblings,2000,2000–09,grandchild,3,5,0.49617282549540204
siblings,2000,2000–09,stepchildren,2,5,0.5096716433763504
siblings,2000,2000–09,mother,2,5,0.5072257071733475
siblings,2000,2000–09,parents,2,5,0.5098544657230377
siblings,2000,2000–09,predeceased,2,5,0.5025831311941147
siblings,2000,2000–09,stepson,2,5,0.4861757308244705
siblings,2000,2000–09,son,1,5,0.5379768013954163
siblings,2000,2000–09,grandparents,1,5,0.5117108225822449
siblings,2000,2000–09,widowed,1,5,0.5065329074859619
siblings,2000,2000–09,adoptive,1,5,0.5065187811851501
siblings,2000,2000–09,father,1,5,0.505092978477478
siblings,2000,2000–09,brothers,1,5,0.4972943961620331
siblings,2000,2000–09,granddaughters,1,5,0.5037437081336975
siblings,2000,2000–09,lisicky,1,5,0.49075251817703247
siblings,2000,2000–09,alyson,1,5,0.4904194176197052
siblings,2000,2000–09,grandchildren,1,5,0.4854758679866791
siblings,2000,2000–09,zafaranloo,1,5,0.48357340693473816
siblings,2000,2000–09,grandmothers,1,5,0.48159778118133545
siblings,2000,2000–09,nieces,1,5,0.4798627495765686
siblings,2000,2000–09,natty,1,5,0.548923909664154
siblings,2000,2000–09,stepmother,1,5,0.5104175209999084
siblings,2000,2000–09,wanda,1,5,0.506234884262085
siblings,2000,2000–09,sophia,1,5,0.503142774105072
siblings,2000,2000–09,spouse,1,5,0.4949689507484436
siblings,2000,2000–09,lucille,1,5,0.4883144795894623
siblings,2000,2000–09,azores,1,5,0.4879523813724518
siblings,2000,2000–09,cairol,1,5,0.487831175327301
siblings,2000,2000–09,husbands,1,5,0.5348993539810181
siblings,2000,2000–09,adored,1,5,0.5105321407318115
siblings,2000,2000–09,darren,1,5,0.49735814332962036
siblings,2000,2000–09,hunsberger,1,5,0.4935227036476135
siblings,2000,2000–09,cheerleader,1,5,0.4829917848110199
siblings,2000,2000–09,frankie,1,5,0.48251476883888245
siblings,2000,2000–09,abigail,1,5,0.4798334240913391
siblings,2000,2000–09,casper,1,5,0.4731721580028534
siblings,2000,2000–09,grieving,1,5,0.5314801931381226
siblings,2000,2000–09,gladys,1,5,0.5188233852386475
siblings,2000,2000–09,moms,1,5,0.5150687098503113
siblings,2000,2000–09,spouses,1,5,0.5136949419975281
siblings,2000,2000–09,stricken,1,5,0.5087130665779114
siblings,2000,2000–09,nephews,1,5,0.5079557299613953
siblings,2000,2000–09,grandsons,1,5,0.5073614716529846
siblings,2000,2000–09,hackman,1,5,0.5017106533050537
siblings,2000,2000–09,papa,1,5,0.5009694695472717
soldier,2000,2000–09,troops,5,5,0.5344400644302368
soldier,2000,2000–09,iraq,5,5,0.5232009530067444
soldier,2000,2000–09,marines,4,5,0.5141250118613243
soldier,2000,2000–09,regiment,4,5,0.5056489184498787
soldier,2000,2000–09,confederate,3,5,0.5389202038447062
soldier,2000,2000–09,artillery,3,5,0.5081904133160909
soldier,2000,2000–09,army,2,5,0.5401487648487091
soldier,2000,2000–09,servicemen,2,5,0.5388274788856506
soldier,2000,2000–09,military,2,5,0.5103784799575806
soldier,2000,2000–09,wounded,2,5,0.5151590704917908
soldier,2000,2000–09,humvee,2,5,0.48938459157943726
soldier,2000,2000–09,iraqi,2,5,0.506773054599762
soldier,2000,2000–09,cavalry,2,5,0.49142567813396454
soldier,2000,2000–09,infantry,2,5,0.542383074760437
soldier,2000,2000–09,battlefield,2,5,0.4985302984714508
soldier,2000,2000–09,iraqis,2,5,0.5137100517749786
soldier,2000,2000–09,spc,2,5,0.5429236590862274
soldier,2000,2000–09,afghanistan,2,5,0.5361699461936951
soldier,2000,2000–09,kuwait,2,5,0.5338263213634491
soldier,2000,2000–09,insurgents,1,5,0.5200873017311096
soldier,2000,2000–09,cong,1,5,0.5182276964187622
soldier,2000,2000–09,fallujah,1,5,0.5089311003684998
soldier,2000,2000–09,medic,1,5,0.4998859167098999
soldier,2000,2000–09,platoon,1,5,0.4950600564479828
soldier,2000,2000–09,gis,1,5,0.4949825704097748
soldier,2000,2000–09,iwo,1,5,0.47869545221328735
soldier,2000,2000–09,comrades,1,5,0.47669538855552673
soldier,2000,2000–09,commando,1,5,0.47108444571495056
soldier,2000,2000–09,gettysburg,1,5,0.47004881501197815
soldier,2000,2000–09,war,1,5,0.4695628881454468
soldier,2000,2000–09,pacella,1,5,0.4981543719768524
soldier,2000,2000–09,battalion,1,5,0.490572988986969
soldier,2000,2000–09,dictator,1,5,0.48008790612220764
soldier,2000,2000–09,invaded,1,5,0.4773378372192383
soldier,2000,2000–09,enactors,1,5,0.549548864364624
soldier,2000,2000–09,hitler,1,5,0.5367851257324219
soldier,2000,2000–09,hyland,1,5,0.514045000076294
soldier,2000,2000–09,buffman,1,5,0.5019516348838806
soldier,2000,2000–09,sailors,1,5,0.5612334609031677
soldier,2000,2000–09,civilians,1,5,0.5487459897994995
soldier,2000,2000–09,airborne,1,5,0.5357702374458313
soldier,2000,2000–09,province,1,5,0.5071676969528198
soldier,2000,2000–09,roadside,1,5,0.5035852789878845
soldier,2000,2000–09,convoy,1,5,0.5019704103469849
surgeon,2000,2000–09,surgery,5,5,0.5607284307479858
surgeon,2000,2000–09,surgical,5,5,0.5275462448596955
surgeon,2000,2000–09,pediatric,4,5,0.5438674688339233
surgeon,2000,2000–09,orthopedic,3,5,0.6533991098403931
surgeon,2000,2000–09,doctors,3,5,0.5418590704600016
surgeon,2000,2000–09,surgeries,3,5,0.5129654308160146
surgeon,2000,2000–09,physician,3,5,0.524966816107432
surgeon,2000,2000–09,physicians,2,5,0.5240146219730377
surgeon,2000,2000–09,dental,2,5,0.4826284497976303
surgeon,2000,2000–09,reconstructive,1,5,0.5988815426826477
surgeon,2000,2000–09,poa,1,5,0.5883170962333679
surgeon,2000,2000–09,doctor,1,5,0.5503870844841003
surgeon,2000,2000–09,chiropractic,1,5,0.528075635433197
surgeon,2000,2000–09,enlargement,1,5,0.5159496068954468
surgeon,2000,2000–09,oncologist,1,5,0.5111310482025146
surgeon,2000,2000–09,surgically,1,5,0.5092389583587646
surgeon,2000,2000–09,penile,1,5,0.507479190826416
surgeon,2000,2000–09,oncology,1,5,0.5042959451675415
surgeon,2000,2000–09,patients,1,5,0.554440975189209
surgeon,2000,2000–09,obstetrics,1,5,0.533301830291748
surgeon,2000,2000–09,implants,1,5,0.5203022360801697
surgeon,2000,2000–09,radiology,1,5,0.5162803530693054
surgeon,2000,2000–09,nsuh,1,5,0.5123652219772339
surgeon,2000,2000–09,ambulatory,1,5,0.5031923651695251
surgeon,2000,2000–09,cardiologist,1,5,0.5023108124732971
surgeon,2000,2000–09,pulmonary,1,5,0.49687445163726807
surgeon,2000,2000–09,transplants,1,5,0.5507239103317261
surgeon,2000,2000–09,cardiac,1,5,0.5465627908706665
surgeon,2000,2000–09,physiology,1,5,0.5391142964363098
surgeon,2000,2000–09,kamalian,1,5,0.535804271697998
surgeon,2000,2000–09,neurological,1,5,0.5310261845588684
surgeon,2000,2000–09,zoll,1,5,0.5243227481842041
surgeon,2000,2000–09,pediatrician,1,5,0.5234237909317017
surgeon,2000,2000–09,grillo,1,5,0.506155252456665
surgeon,2000,2000–09,psychiatry,1,5,0.500536322593689
surgeon,2000,2000–09,crozer,1,5,0.5339588522911072
surgeon,2000,2000–09,spine,1,5,0.5283807516098022
surgeon,2000,2000–09,arthritis,1,5,0.5225622653961182
surgeon,2000,2000–09,outpatient,1,5,0.5173847675323486
surgeon,2000,2000–09,hahnemann,1,5,0.5172070264816284
surgeon,2000,2000–09,spinal,1,5,0.49942144751548767
surgeon,2000,2000–09,practitioner,1,5,0.49487510323524475
surgeon,2000,2000–09,residency,1,5,0.4900972247123718
surgeon,2000,2000–09,chemotherapy,1,5,0.488798052072525
surgeon,2000,2000–09,veterinary,1,5,0.5285600423812866
surgeon,2000,2000–09,radiation,1,5,0.4851307272911072
surgeon,2000,2000–09,tumor,1,5,0.48347949981689453
surgeon,2000,2000–09,undergone,1,5,0.4664852023124695
surgeon,2000,2000–09,underwent,1,5,0.4663621187210083
surgeon,2000,2000–09,mohr,1,5,0.46562525629997253
surgeon,2000,2000–09,administered,1,5,0.45936059951782227
surgeon,2000,2000–09,mri,1,5,0.45642194151878357
surgeon,2000,2000–09,treatments,1,5,0.45321446657180786
surgeon,2000,2000–09,kidney,1,5,0.44994422793388367
veterinarian,2000,2000–09,veterinary,4,5,0.563976064324379
veterinarian,2000,2000–09,spay,2,5,0.5481045544147491
veterinarian,2000,2000–09,neuter,2,5,0.5208604037761688
veterinarian,2000,2000–09,equine,2,5,0.4636521339416504
veterinarian,2000,2000–09,animal,2,5,0.4595302790403366
veterinarian,2000,2000–09,pediatrician,2,5,0.45345862209796906
veterinarian,2000,2000–09,pediatric,2,5,0.46300795674324036
veterinarian,2000,2000–09,behavioral,2,5,0.44606827199459076
veterinarian,2000,2000–09,euthanized,1,5,0.6115260720252991
veterinarian,2000,2000–09,breeder,1,5,0.5311451554298401
veterinarian,2000,2000–09,tortoises,1,5,0.4999382197856903
veterinarian,2000,2000–09,pulmonary,1,5,0.49297457933425903
veterinarian,2000,2000–09,als,1,5,0.48857417702674866
veterinarian,2000,2000–09,overpopulation,1,5,0.48754480481147766
veterinarian,2000,2000–09,ferrets,1,5,0.4781450629234314
veterinarian,2000,2000–09,domesticated,1,5,0.47581830620765686
veterinarian,2000,2000–09,animals,1,5,0.47468629479408264
veterinarian,2000,2000–09,antibiotics,1,5,0.4741855561733246
veterinarian,2000,2000–09,spca,1,5,0.5299357771873474
veterinarian,2000,2000–09,rabies,1,5,0.5235844254493713
veterinarian,2000,2000–09,chille,1,5,0.5186669230461121
veterinarian,2000,2000–09,hygiene,1,5,0.5130463242530823
veterinarian,2000,2000–09,intake,1,5,0.5073806047439575
veterinarian,2000,2000–09,therapies,1,5,0.505725085735321
veterinarian,2000,2000–09,massaro,1,5,0.5024226903915405
veterinarian,2000,2000–09,obstetrics,1,5,0.501960277557373
veterinarian,2000,2000–09,nutritional,1,5,0.498885840177536
veterinarian,2000,2000–09,orthopedic,1,5,0.49277833104133606
veterinarian,2000,2000–09,radiology,1,5,0.49006542563438416
veterinarian,2000,2000–09,cancers,1,5,0.483733206987381
veterinarian,2000,2000–09,bipolar,1,5,0.5006253719329834
veterinarian,2000,2000–09,respiratory,1,5,0.4835655689239502
veterinarian,2000,2000–09,raynaud,1,5,0.4761243462562561
veterinarian,2000,2000–09,cahill,1,5,0.46952369809150696
veterinarian,2000,2000–09,awoke,1,5,0.4481590986251831
veterinarian,2000,2000–09,prostate,1,5,0.4447656571865082
veterinarian,2000,2000–09,luce,1,5,0.4433153569698334
veterinarian,2000,2000–09,riva,1,5,0.44217783212661743
veterinarian,2000,2000–09,tynan,1,5,0.44135865569114685
veterinarian,2000,2000–09,adoptive,1,5,0.4383475184440613
veterinarian,2000,2000–09,newborn,1,5,0.43824154138565063
veterinarian,2000,2000–09,suffers,1,5,0.43629691004753113
veterinarian,2000,2000–09,chiropractic,1,5,0.48582348227500916
veterinarian,2000,2000–09,psychiatrist,1,5,0.47629210352897644
veterinarian,2000,2000–09,oakey,1,5,0.47257286310195923
veterinarian,2000,2000–09,laboratory,1,5,0.43633297085762024
veterinarian,2000,2000–09,psychology,1,5,0.43349385261535645
veterinarian,2000,2000–09,immaculata,1,5,0.4310399293899536
veterinarian,2000,2000–09,pharmacist,1,5,0.4274986982345581
veterinarian,2000,2000–09,hahnemann,1,5,0.4268101751804352
veterinarian,2000,2000–09,pathologist,1,5,0.4228838086128235
veterinarian,2000,2000–09,frankel,1,5,0.4214448034763336
veterinarian,2000,2000–09,usda,1,5,0.4201068878173828
veterinarian,2000,2000–09,mohr,1,5,0.5540851354598999
veterinarian,2000,2000–09,physicians,1,5,0.4736274182796478
veterinarian,2000,2000–09,willenborg,1,5,0.4664909243583679
veterinarian,2000,2000–09,physician,1,5,0.46624302864074707
veterinarian,2000,2000–09,swanson,1,5,0.46556714177131653
veterinarian,2000,2000–09,meyers,1,5,0.4635608494281769
veterinarian,2000,2000–09,administered,1,5,0.4630950391292572
veterinarian,2000,2000–09,humane,1,5,0.46144482493400574
veterinarian,2000,2000–09,cpr,1,5,0.46083495020866394
veterinarian,2000,2000–09,licensed,1,5,0.4549008905887604
veterinarian,2000,2000–09,clinic,1,5,0.4520670175552368
veterinarian,2000,2000–09,mullin,1,5,0.45098331570625305
accountant,2005,2005–14,certified,4,5,0.46681275963783264
accountant,2005,2005–14,accounting,4,5,0.46191442012786865
accountant,2005,2005–14,cpa,3,5,0.544672836860021
accountant,2005,2005–14,llp,3,5,0.44681911667188007
accountant,2005,2005–14,bookkeeper,3,5,0.4410401980082194
accountant,2005,2005–14,audit,2,5,0.4395481050014496
accountant,2005,2005–14,cfo,2,5,0.4329220950603485
accountant,2005,2005–14,appraiser,1,5,0.4922739863395691
accountant,2005,2005–14,transactional,1,5,0.4800693094730377
accountant,2005,2005–14,retainer,1,5,0.4563877582550049
accountant,2005,2005–14,consulting,1,5,0.44932347536087036
accountant,2005,2005–14,equities,1,5,0.44868940114974976
accountant,2005,2005–14,sotheby,1,5,0.44663360714912415
accountant,2005,2005–14,respondent,1,5,0.4443195164203644
accountant,2005,2005–14,liabilities,1,5,0.4442797601222992
accountant,2005,2005–14,lawyer,1,5,0.44109776616096497
accountant,2005,2005–14,appraisals,1,5,0.4403398633003235
accountant,2005,2005–14,investment,1,5,0.43958017230033875
accountant,2005,2005–14,paralegal,1,5,0.4348435699939728
accountant,2005,2005–14,cpas,1,5,0.5403164625167847
accountant,2005,2005–14,hiscock,1,5,0.4805125296115875
accountant,2005,2005–14,firm,1,5,0.4743177592754364
accountant,2005,2005–14,o'mara,1,5,0.47135093808174133
accountant,2005,2005–14,anesthesiology,1,5,0.4556002616882324
accountant,2005,2005–14,stockbroker,1,5,0.446060448884964
accountant,2005,2005–14,audited,1,5,0.4422144889831543
accountant,2005,2005–14,bankers,1,5,0.43541809916496277
accountant,2005,2005–14,auditing,1,5,0.43421468138694763
accountant,2005,2005–14,auditor,1,5,0.4463466703891754
accountant,2005,2005–14,desrosiers,1,5,0.4340849220752716
accountant,2005,2005–14,klimm,1,5,0.4274570941925049
accountant,2005,2005–14,brokerage,1,5,0.42742037773132324
accountant,2005,2005–14,filings,1,5,0.4267885386943817
accountant,2005,2005–14,vp,1,5,0.41849756240844727
accountant,2005,2005–14,liaison,1,5,0.4184820055961609
accountant,2005,2005–14,finance,1,5,0.41569364070892334
accountant,2005,2005–14,incumbents,1,5,0.4130476713180542
accountant,2005,2005–14,procurement,1,5,0.4119393229484558
accountant,2005,2005–14,szerencsits,1,5,0.46445712447166443
accountant,2005,2005–14,rn,1,5,0.44228649139404297
accountant,2005,2005–14,machinist,1,5,0.4374932646751404
accountant,2005,2005–14,worked,1,5,0.42342424392700195
accountant,2005,2005–14,practitioner,1,5,0.4136847257614136
accountant,2005,2005–14,coo,1,5,0.4129033088684082
accountant,2005,2005–14,servant,1,5,0.4025164544582367
accountant,2005,2005–14,summa,1,5,0.4003412127494812
accountant,2005,2005–14,coggins,1,5,0.400027334690094
accountant,2005,2005–14,licensed,1,5,0.3973265290260315
accountant,2005,2005–14,bachelors,1,5,0.3917986750602722
accountant,2005,2005–14,accredited,1,5,0.46711236238479614
accountant,2005,2005–14,independently,1,5,0.4411453306674957
accountant,2005,2005–14,feehan,1,5,0.43737882375717163
accountant,2005,2005–14,stockholders,1,5,0.4318440556526184
accountant,2005,2005–14,greenhill,1,5,0.4300636947154999
accountant,2005,2005–14,chairperson,1,5,0.42747554183006287
accountant,2005,2005–14,fucik,1,5,0.42581942677497864
accountant,2005,2005–14,lender,1,5,0.4207746386528015
accountant,2005,2005–14,reins,1,5,0.41515684127807617
accountant,2005,2005–14,investments,1,5,0.4087926745414734
accountant,2005,2005–14,sartain,1,5,0.4055612087249756
accountant,2005,2005–14,kettering,1,5,0.4037192165851593
attendant,2005,2005–14,flight,4,5,0.5065292045474052
attendant,2005,2005–14,bridesmaids,4,5,0.4412877857685089
attendant,2005,2005–14,airlines,3,5,0.4959513247013092
attendant,2005,2005–14,airline,3,5,0.4296177128950755
attendant,2005,2005–14,matron,3,5,0.465088148911794
attendant,2005,2005–14,passengers,3,5,0.42966486016909283
attendant,2005,2005–14,maid,2,5,0.4418416917324066
attendant,2005,2005–14,pilots,2,5,0.40587449073791504
attendant,2005,2005–14,flights,2,5,0.39473268389701843
attendant,2005,2005–14,bride,2,5,0.4218418002128601
attendant,2005,2005–14,jetblue,2,5,0.44433462619781494
attendant,2005,2005–14,airways,2,5,0.4553017020225525
attendant,2005,2005–14,groom,2,5,0.4398971498012543
attendant,2005,2005–14,colgan,1,5,0.4077564477920532
attendant,2005,2005–14,nurse,1,5,0.40036246180534363
attendant,2005,2005–14,nurses,1,5,0.3994314670562744
attendant,2005,2005–14,escalator,1,5,0.3810073733329773
attendant,2005,2005–14,gaynor,1,5,0.3692583739757538
attendant,2005,2005–14,ting,1,5,0.3681137263774872
attendant,2005,2005–14,tarmac,1,5,0.42960646748542786
attendant,2005,2005–14,laplante,1,5,0.4262942671775818
attendant,2005,2005–14,concetta,1,5,0.41340333223342896
attendant,2005,2005–14,sullenberger,1,5,0.4069024622440338
attendant,2005,2005–14,karin,1,5,0.4025954306125641
attendant,2005,2005–14,groundskeeper,1,5,0.3965555727481842
attendant,2005,2005–14,passenger,1,5,0.395169198513031
attendant,2005,2005–14,huber,1,5,0.3903922736644745
attendant,2005,2005–14,madelyn,1,5,0.3876315653324127
attendant,2005,2005–14,testa,1,5,0.38252028822898865
attendant,2005,2005–14,ong,1,5,0.4967993199825287
attendant,2005,2005–14,bette,1,5,0.48961326479911804
attendant,2005,2005–14,hijacked,1,5,0.48318010568618774
attendant,2005,2005–14,hijackers,1,5,0.4789251387119293
attendant,2005,2005–14,scoggins,1,5,0.4357900023460388
attendant,2005,2005–14,plane,1,5,0.42306017875671387
attendant,2005,2005–14,hopped,1,5,0.41638222336769104
attendant,2005,2005–14,sheffler,1,5,0.4864390194416046
attendant,2005,2005–14,minn,1,5,0.44195279479026794
attendant,2005,2005–14,cessna,1,5,0.4280086159706116
attendant,2005,2005–14,medics,1,5,0.4278895854949951
attendant,2005,2005–14,dilliplaine,1,5,0.42633023858070374
attendant,2005,2005–14,paramedics,1,5,0.41933196783065796
attendant,2005,2005–14,hiller,1,5,0.4178248941898346
attendant,2005,2005–14,bridesmaid,1,5,0.5501912236213684
attendant,2005,2005–14,maids,1,5,0.5355446338653564
attendant,2005,2005–14,fehner,1,5,0.49209022521972656
attendant,2005,2005–14,chiffon,1,5,0.48718583583831787
attendant,2005,2005–14,weimar,1,5,0.48302364349365234
attendant,2005,2005–14,earrings,1,5,0.4721187353134155
attendant,2005,2005–14,bubela,1,5,0.4715566337108612
attendant,2005,2005–14,bearers,1,5,0.4658550024032593
attendant,2005,2005–14,taffeta,1,5,0.46546483039855957
attendant,2005,2005–14,elise,1,5,0.46035802364349365
attendant,2005,2005–14,fucik,1,5,0.4556348919868469
attorney,2005,2005–14,lawyer,5,5,0.6049868106842041
attorney,2005,2005–14,prosecutor,5,5,0.5991045117378235
attorney,2005,2005–14,lawyers,5,5,0.5712088704109192
attorney,2005,2005–14,prosecuting,5,5,0.5655193448066711
attorney,2005,2005–14,counsel,3,5,0.560477634270986
attorney,2005,2005–14,prosecutors,3,5,0.5639557639757792
attorney,2005,2005–14,prosecution,3,5,0.5440340439478556
attorney,2005,2005–14,judge,3,5,0.5413084030151367
attorney,2005,2005–14,prosecuted,3,5,0.5451301336288452
attorney,2005,2005–14,recused,2,5,0.5776419341564178
attorney,2005,2005–14,plaintiffs,2,5,0.5334055125713348
attorney,2005,2005–14,atty,1,5,0.5945236086845398
attorney,2005,2005–14,litigator,1,5,0.5868086814880371
attorney,2005,2005–14,deputy,1,5,0.5707350373268127
attorney,2005,2005–14,quatman,1,5,0.5648630857467651
attorney,2005,2005–14,litigant,1,5,0.5488414168357849
attorney,2005,2005–14,difiore,1,5,0.5515958070755005
attorney,2005,2005–14,wylie,1,5,0.5318780541419983
attorney,2005,2005–14,hiscock,1,5,0.530566394329071
attorney,2005,2005–14,subpoenaed,1,5,0.528553307056427
attorney,2005,2005–14,randel,1,5,0.5275124907493591
attorney,2005,2005–14,hoovler,1,5,0.5113033652305603
attorney,2005,2005–14,radler,1,5,0.5096877813339233
attorney,2005,2005–14,parrinello,1,5,0.5028863549232483
attorney,2005,2005–14,appellate,1,5,0.5559561848640442
attorney,2005,2005–14,swomley,1,5,0.5451017618179321
attorney,2005,2005–14,capeless,1,5,0.5415746569633484
attorney,2005,2005–14,degnan,1,5,0.5242010951042175
attorney,2005,2005–14,district,1,5,0.5093215703964233
attorney,2005,2005–14,mastroianni,1,5,0.5018454194068909
attorney,2005,2005–14,consiglio,1,5,0.6311324834823608
attorney,2005,2005–14,fannick,1,5,0.6072382926940918
attorney,2005,2005–14,kosik,1,5,0.5905588865280151
attorney,2005,2005–14,vetri,1,5,0.5888246893882751
attorney,2005,2005–14,toprani,1,5,0.5823135375976562
attorney,2005,2005–14,salavantis,1,5,0.5799103379249573
attorney,2005,2005–14,centini,1,5,0.5782136917114258
attorney,2005,2005–14,lokuta,1,5,0.55224609375
attorney,2005,2005–14,totaro,1,5,0.5479651093482971
attorney,2005,2005–14,risa,1,5,0.5477032661437988
attorney,2005,2005–14,quisenberry,1,5,0.5446527600288391
attorney,2005,2005–14,snipes,1,5,0.5398275256156921
attorney,2005,2005–14,waived,1,5,0.5316334962844849
attorney,2005,2005–14,feazell,1,5,0.5249932408332825
attorney,2005,2005–14,ellisor,1,5,0.5158933401107788
attorney,2005,2005–14,retrial,1,5,0.5123497247695923
attorney,2005,2005–14,youngblood,1,5,0.5109697580337524
author,2005,2005–14,book,5,5,0.5176885306835175
author,2005,2005–14,authored,3,5,0.514854778846105
author,2005,2005–14,books,3,5,0.5251594185829163
author,2005,2005–14,scholarly,3,5,0.505403995513916
author,2005,2005–14,novels,3,5,0.49521228671073914
author,2005,2005–14,bestselling,2,5,0.5089936852455139
author,2005,2005–14,researcher,2,5,0.4922170490026474
author,2005,2005–14,epidemiology,2,5,0.5013107657432556
author,2005,2005–14,postdoctoral,2,5,0.47382089495658875
author,2005,2005–14,nonfiction,2,5,0.492089182138443
author,2005,2005–14,novelist,2,5,0.493180051445961
author,2005,2005–14,memoirs,2,5,0.48657292127609253
author,2005,2005–14,novel,2,5,0.4737083613872528
author,2005,2005–14,playwright,2,5,0.4864116311073303
author,2005,2005–14,glantz,1,5,0.5479594469070435
author,2005,2005–14,plos,1,5,0.5189775228500366
author,2005,2005–14,coauthors,1,5,0.5171498656272888
author,2005,2005–14,phd,1,5,0.5128781199455261
author,2005,2005–14,pharmacology,1,5,0.5008935332298279
author,2005,2005–14,biostatistics,1,5,0.5007941126823425
author,2005,2005–14,study,1,5,0.4999367594718933
author,2005,2005–14,epel,1,5,0.4991764426231384
author,2005,2005–14,illustrators,1,5,0.5348951816558838
author,2005,2005–14,writers,1,5,0.4947849214076996
author,2005,2005–14,manuscripts,1,5,0.48943763971328735
author,2005,2005–14,writing,1,5,0.4710124433040619
author,2005,2005–14,unpublished,1,5,0.46212178468704224
author,2005,2005–14,banville,1,5,0.45247212052345276
author,2005,2005–14,hsph,1,5,0.5115960240364075
author,2005,2005–14,schlesinger,1,5,0.47349920868873596
author,2005,2005–14,lerner,1,5,0.4708634614944458
author,2005,2005–14,linguistics,1,5,0.4607974588871002
author,2005,2005–14,biographer,1,5,0.460370808839798
author,2005,2005–14,anthropologist,1,5,0.4502646327018738
author,2005,2005–14,manifesto,1,5,0.4464075565338135
author,2005,2005–14,mailer,1,5,0.4462595582008362
author,2005,2005–14,bestseller,1,5,0.44536203145980835
author,2005,2005–14,illustrator,1,5,0.5327362418174744
author,2005,2005–14,literary,1,5,0.5024937391281128
author,2005,2005–14,quoting,1,5,0.4946621060371399
author,2005,2005–14,composer,1,5,0.4896567463874817
author,2005,2005–14,written,1,5,0.480652391910553
author,2005,2005–14,legacies,1,5,0.47197383642196655
author,2005,2005–14,chronicles,1,5,0.46979182958602905
author,2005,2005–14,byline,1,5,0.5341506600379944
author,2005,2005–14,essays,1,5,0.5198289155960083
author,2005,2005–14,myths,1,5,0.4882337152957916
author,2005,2005–14,bernstein,1,5,0.48176309466362
author,2005,2005–14,screenplay,1,5,0.47152623534202576
author,2005,2005–14,scripts,1,5,0.4710225760936737
author,2005,2005–14,carrigan,1,5,0.47080838680267334
author,2005,2005–14,historian,1,5,0.4655678868293762
author,2005,2005–14,pediatrics,1,5,0.4626576006412506
author,2005,2005–14,lehew,1,5,0.46080827713012695
baby,2005,2005–14,newborn,5,5,0.5490460634231568
baby,2005,2005–14,infant,4,5,0.5096107646822929
baby,2005,2005–14,pregnant,4,5,0.4586796462535858
baby,2005,2005–14,crib,3,5,0.48512999216715497
baby,2005,2005–14,diapers,3,5,0.4812326629956563
baby,2005,2005–14,mommy,3,5,0.45244061946868896
baby,2005,2005–14,birth,2,5,0.49363474547863007
baby,2005,2005–14,pregnancy,2,5,0.4672166258096695
baby,2005,2005–14,newborns,2,5,0.47990021109580994
baby,2005,2005–14,sitter,2,5,0.46837951242923737
baby,2005,2005–14,diaper,2,5,0.4678412526845932
baby,2005,2005–14,unborn,2,5,0.4560248553752899
baby,2005,2005–14,triplets,2,5,0.4670554995536804
baby,2005,2005–14,boomers,2,5,0.4962744116783142
baby,2005,2005–14,kittens,2,5,0.4831116646528244
baby,2005,2005–14,child,2,5,0.48844610154628754
baby,2005,2005–14,infants,2,5,0.4590124189853668
baby,2005,2005–14,toddler,1,5,0.4859442412853241
baby,2005,2005–14,quadruplets,1,5,0.4695327579975128
baby,2005,2005–14,children,1,5,0.4693382680416107
baby,2005,2005–14,pups,1,5,0.46225404739379883
baby,2005,2005–14,cribs,1,5,0.45788121223449707
baby,2005,2005–14,fajo,1,5,0.4751778542995453
baby,2005,2005–14,offspring,1,5,0.4695303738117218
baby,2005,2005–14,mothers,1,5,0.4694778025150299
baby,2005,2005–14,fertility,1,5,0.46273255348205566
baby,2005,2005–14,calves,1,5,0.46049293875694275
baby,2005,2005–14,pregnancies,1,5,0.45125022530555725
baby,2005,2005–14,womb,1,5,0.4902333915233612
baby,2005,2005–14,toddlers,1,5,0.4603295624256134
baby,2005,2005–14,herons,1,5,0.44659361243247986
baby,2005,2005–14,orphaned,1,5,0.4361536502838135
baby,2005,2005–14,ava,1,5,0.4313238859176636
baby,2005,2005–14,fiona,1,5,0.43115004897117615
baby,2005,2005–14,puppy,1,5,0.4292633831501007
baby,2005,2005–14,cough,1,5,0.42833587527275085
baby,2005,2005–14,defect,1,5,0.4280014932155609
baby,2005,2005–14,neonatal,1,5,0.5046794414520264
baby,2005,2005–14,premature,1,5,0.4704393744468689
baby,2005,2005–14,berdick,1,5,0.4678695499897003
baby,2005,2005–14,hein,1,5,0.4494325518608093
baby,2005,2005–14,births,1,5,0.4488874673843384
baby,2005,2005–14,graden,1,5,0.48771029710769653
baby,2005,2005–14,wipes,1,5,0.47682076692581177
baby,2005,2005–14,puppies,1,5,0.467872679233551
baby,2005,2005–14,swollen,1,5,0.46294599771499634
baby,2005,2005–14,socks,1,5,0.44555771350860596
baby,2005,2005–14,polio,1,5,0.4405764043331146
biologist,2005,2005–14,wildlife,4,5,0.6090540587902069
biologist,2005,2005–14,fisheries,4,5,0.5853043645620346
biologist,2005,2005–14,mammals,3,5,0.5189657608668009
biologist,2005,2005–14,fish,2,5,0.5204546749591827
biologist,2005,2005–14,freshwater,2,5,0.5559168457984924
biologist,2005,2005–14,species,2,5,0.5321504473686218
biologist,2005,2005–14,ecologist,1,5,0.5692901015281677
biologist,2005,2005–14,wilmers,1,5,0.566363513469696
biologist,2005,2005–14,murrelet,1,5,0.5485689640045166
biologist,2005,2005–14,seabirds,1,5,0.5279603600502014
biologist,2005,2005–14,reintroduction,1,5,0.5189393162727356
biologist,2005,2005–14,scientist,1,5,0.5081808567047119
biologist,2005,2005–14,invertebrates,1,5,0.5011639595031738
biologist,2005,2005–14,ndow,1,5,0.4970734715461731
biologist,2005,2005–14,dfg,1,5,0.49033790826797485
biologist,2005,2005–14,banding,1,5,0.486945241689682
biologist,2005,2005–14,levalley,1,5,0.48387110233306885
biologist,2005,2005–14,migrations,1,5,0.48199009895324707
biologist,2005,2005–14,cormorants,1,5,0.5419955849647522
biologist,2005,2005–14,usgs,1,5,0.537635862827301
biologist,2005,2005–14,waterfowl,1,5,0.5375629663467407
biologist,2005,2005–14,sauger,1,5,0.5369752049446106
biologist,2005,2005–14,paddlefish,1,5,0.5344551801681519
biologist,2005,2005–14,sturgeon,1,5,0.5299481749534607
biologist,2005,2005–14,osprey,1,5,0.5290484428405762
biologist,2005,2005–14,tributaries,1,5,0.5139080882072449
biologist,2005,2005–14,ecology,1,5,0.5123144388198853
biologist,2005,2005–14,conservation,1,5,0.5118615627288818
biologist,2005,2005–14,hogweed,1,5,0.5056278109550476
biologist,2005,2005–14,skomal,1,5,0.5972226858139038
biologist,2005,2005–14,organismic,1,5,0.5708162784576416
biologist,2005,2005–14,losos,1,5,0.557810366153717
biologist,2005,2005–14,nweeia,1,5,0.5561906099319458
biologist,2005,2005–14,postdoctoral,1,5,0.554623544216156
biologist,2005,2005–14,specimens,1,5,0.5519017577171326
biologist,2005,2005–14,abzhanov,1,5,0.5483487248420715
biologist,2005,2005–14,scientifically,1,5,0.5432681441307068
biologist,2005,2005–14,masswildlife,1,5,0.5322791337966919
biologist,2005,2005–14,rna,1,5,0.5317189693450928
biologist,2005,2005–14,fossils,1,5,0.531028687953949
biologist,2005,2005–14,zoology,1,5,0.5277631282806396
biologist,2005,2005–14,smallmouth,1,5,0.5864216685295105
biologist,2005,2005–14,visosky,1,5,0.5237232446670532
biologist,2005,2005–14,alligator,1,5,0.5150324702262878
biologist,2005,2005–14,entomology,1,5,0.5103936791419983
biologist,2005,2005–14,walleye,1,5,0.5086199641227722
biologist,2005,2005–14,mange,1,5,0.5065748691558838
biologist,2005,2005–14,snakes,1,5,0.5003669261932373
biologist,2005,2005–14,tailed,1,5,0.5001044869422913
biologist,2005,2005–14,tortoises,1,5,0.49906125664711
biologist,2005,2005–14,rattlesnake,1,5,0.49576330184936523
biologist,2005,2005–14,pesticides,1,5,0.49478575587272644
biologist,2005,2005–14,feces,1,5,0.4946969747543335
biologist,2005,2005–14,mammal,1,5,0.5965291857719421
biologist,2005,2005–14,tpwd,1,5,0.5956854820251465
biologist,2005,2005–14,scientists,1,5,0.5542540550231934
biologist,2005,2005–14,cobia,1,5,0.5482497215270996
biologist,2005,2005–14,genetics,1,5,0.5462538003921509
biologist,2005,2005–14,urchin,1,5,0.5388109087944031
biologist,2005,2005–14,atmospheric,1,5,0.5344272255897522
biologist,2005,2005–14,evolutionary,1,5,0.530062735080719
biologist,2005,2005–14,oceanic,1,5,0.5257489085197449
biologist,2005,2005–14,flounder,1,5,0.5205897092819214
biologist,2005,2005–14,ecosystem,1,5,0.5036913156509399
broker,2005,2005–14,estate,5,5,0.5561293721199035
broker,2005,2005–14,investor,4,5,0.511943519115448
broker,2005,2005–14,brokerage,3,5,0.5955873529116312
broker,2005,2005–14,realty,3,5,0.5368881622950236
broker,2005,2005–14,prudential,2,5,0.4948049336671829
broker,2005,2005–14,sotheby,2,5,0.5052230507135391
broker,2005,2005–14,real,2,5,0.48345014452934265
broker,2005,2005–14,coldwell,2,5,0.5140659213066101
broker,2005,2005–14,investors,2,5,0.47679294645786285
broker,2005,2005–14,securities,2,5,0.47960689663887024
broker,2005,2005–14,mortgage,2,5,0.4586299955844879
broker,2005,2005–14,lender,2,5,0.4741836041212082
broker,2005,2005–14,bankers,2,5,0.49225717782974243
broker,2005,2005–14,intero,1,5,0.6284628510475159
broker,2005,2005–14,colliers,1,5,0.5952890515327454
broker,2005,2005–14,cbre,1,5,0.5865334272384644
broker,2005,2005–14,equities,1,5,0.5637515187263489
broker,2005,2005–14,appraiser,1,5,0.5455017685890198
broker,2005,2005–14,homeservices,1,5,0.5150708556175232
broker,2005,2005–14,cb,1,5,0.5010352730751038
broker,2005,2005–14,elliman,1,5,0.5183542966842651
broker,2005,2005–14,lenders,1,5,0.4969748854637146
broker,2005,2005–14,agape,1,5,0.48819294571876526
broker,2005,2005–14,transactions,1,5,0.46705880761146545
broker,2005,2005–14,zere,1,5,0.4665113091468811
broker,2005,2005–14,traders,1,5,0.4602191150188446
broker,2005,2005–14,creditor,1,5,0.45941877365112305
broker,2005,2005–14,lasalle,1,5,0.5245943069458008
broker,2005,2005–14,merchandising,1,5,0.4974789321422577
broker,2005,2005–14,cfo,1,5,0.47626256942749023
broker,2005,2005–14,distributor,1,5,0.4691959321498871
broker,2005,2005–14,tycoon,1,5,0.4689759612083435
broker,2005,2005–14,cos,1,5,0.46340978145599365
broker,2005,2005–14,buyers,1,5,0.4632505774497986
broker,2005,2005–14,shareholder,1,5,0.558774471282959
broker,2005,2005–14,acquisitions,1,5,0.5134909152984619
broker,2005,2005–14,billionaire,1,5,0.5042223334312439
broker,2005,2005–14,manufactures,1,5,0.4959113299846649
broker,2005,2005–14,entrepreneur,1,5,0.48310330510139465
broker,2005,2005–14,lobbyist,1,5,0.4823133945465088
broker,2005,2005–14,commissions,1,5,0.48058152198791504
broker,2005,2005–14,businessman,1,5,0.47950679063796997
broker,2005,2005–14,equity,1,5,0.47326475381851196
broker,2005,2005–14,profitable,1,5,0.47272971272468567
broker,2005,2005–14,mobsters,1,5,0.46898871660232544
broker,2005,2005–14,hoppenstein,1,5,0.49635443091392517
broker,2005,2005–14,advisors,1,5,0.467494398355484
broker,2005,2005–14,yu,1,5,0.46743229031562805
broker,2005,2005–14,ventures,1,5,0.4550277888774872
broker,2005,2005–14,windle,1,5,0.45261818170547485
broker,2005,2005–14,cpa,1,5,0.4449447989463806
broker,2005,2005–14,realtor,1,5,0.4408707618713379
broker,2005,2005–14,negotiating,1,5,0.4384455680847168
broker,2005,2005–14,developer,1,5,0.4369204044342041
broker,2005,2005–14,vanston,1,5,0.4345184564590454
chef,2005,2005–14,culinary,5,5,0.5301727294921875
chef,2005,2005–14,cuisine,5,5,0.5124199748039245
chef,2005,2005–14,pastry,4,5,0.5509349331259727
chef,2005,2005–14,restaurant,4,5,0.5241387858986855
chef,2005,2005–14,cooks,3,5,0.5155245761076609
chef,2005,2005–14,salads,3,5,0.4938102165857951
chef,2005,2005–14,sous,2,5,0.6279296576976776
chef,2005,2005–14,kitchen,2,5,0.5145157128572464
chef,2005,2005–14,appetizer,2,5,0.5184589624404907
chef,2005,2005–14,menus,2,5,0.5076205432415009
chef,2005,2005–14,bistro,2,5,0.5005895495414734
chef,2005,2005–14,dishes,2,5,0.48860859870910645
chef,2005,2005–14,sauces,2,5,0.5167845785617828
chef,2005,2005–14,pizzas,2,5,0.49506744742393494
chef,2005,2005–14,mistral,1,5,0.5899553894996643
chef,2005,2005–14,ponsaty,1,5,0.5853813290596008
chef,2005,2005–14,loews,1,5,0.5712600350379944
chef,2005,2005–14,michelin,1,5,0.5456740856170654
chef,2005,2005–14,voitzwinkler,1,5,0.5424306988716125
chef,2005,2005–14,cetrella,1,5,0.5341885685920715
chef,2005,2005–14,chez,1,5,0.531519889831543
chef,2005,2005–14,restaurants,1,5,0.530495285987854
chef,2005,2005–14,trattoria,1,5,0.5333917737007141
chef,2005,2005–14,esca,1,5,0.5323536992073059
chef,2005,2005–14,steaks,1,5,0.49960067868232727
chef,2005,2005–14,cookbook,1,5,0.4896259009838104
chef,2005,2005–14,ristorante,1,5,0.4826267957687378
chef,2005,2005–14,buns,1,5,0.5038778185844421
chef,2005,2005–14,cajun,1,5,0.49900224804878235
chef,2005,2005–14,roasted,1,5,0.48528850078582764
chef,2005,2005–14,steamed,1,5,0.48510122299194336
chef,2005,2005–14,lhamon,1,5,0.47135651111602783
chef,2005,2005–14,marinated,1,5,0.46782243251800537
chef,2005,2005–14,tasting,1,5,0.46738287806510925
chef,2005,2005–14,garten,1,5,0.5393309593200684
chef,2005,2005–14,steakhouse,1,5,0.527143120765686
chef,2005,2005–14,gourmet,1,5,0.5236201286315918
chef,2005,2005–14,desserts,1,5,0.5017510056495667
chef,2005,2005–14,macaroni,1,5,0.49686047434806824
chef,2005,2005–14,mediterranean,1,5,0.4932144582271576
chef,2005,2005–14,reiland,1,5,0.4915120303630829
chef,2005,2005–14,kitchens,1,5,0.489690363407135
chef,2005,2005–14,eow,1,5,0.5705965757369995
chef,2005,2005–14,restaurateur,1,5,0.5455272197723389
chef,2005,2005–14,masraff,1,5,0.5274580121040344
chef,2005,2005–14,waiter,1,5,0.5072967410087585
chef,2005,2005–14,rockwell,1,5,0.5010266900062561
chef,2005,2005–14,sushi,1,5,0.4926856756210327
chef,2005,2005–14,vegetarian,1,5,0.48716461658477783
cleaning,2005,2005–14,cleaned,5,5,0.456757128238678
cleaning,2005,2005–14,washing,4,5,0.4349333420395851
cleaning,2005,2005–14,clean,3,5,0.4675913949807485
cleaning,2005,2005–14,laundry,3,5,0.4287014305591583
cleaning,2005,2005–14,bedding,3,5,0.40530983606974286
cleaning,2005,2005–14,cleans,2,5,0.4538021385669708
cleaning,2005,2005–14,cleaners,2,5,0.47139447927474976
cleaning,2005,2005–14,gutters,2,5,0.45406635105609894
cleaning,2005,2005–14,washers,2,5,0.4310263693332672
cleaning,2005,2005–14,toilets,2,5,0.4278373569250107
cleaning,2005,2005–14,landscaping,2,5,0.3964453488588333
cleaning,2005,2005–14,repairing,2,5,0.4076215326786041
cleaning,2005,2005–14,rinse,1,5,0.45015233755111694
cleaning,2005,2005–14,cleanup,1,5,0.44710490107536316
cleaning,2005,2005–14,composting,1,5,0.440970242023468
cleaning,2005,2005–14,sanding,1,5,0.438263475894928
cleaning,2005,2005–14,maintenance,1,5,0.4329276978969574
cleaning,2005,2005–14,vacuuming,1,5,0.4328625202178955
cleaning,2005,2005–14,scrubbing,1,5,0.4263211786746979
cleaning,2005,2005–14,dishwasher,1,5,0.4128587543964386
cleaning,2005,2005–14,shoveling,1,5,0.40114903450012207
cleaning,2005,2005–14,brushing,1,5,0.39618316292762756
cleaning,2005,2005–14,washer,1,5,0.3948282301425934
cleaning,2005,2005–14,garbage,1,5,0.39254844188690186
cleaning,2005,2005–14,odors,1,5,0.39244377613067627
cleaning,2005,2005–14,roofing,1,5,0.39152348041534424
cleaning,2005,2005–14,mattresses,1,5,0.40482836961746216
cleaning,2005,2005–14,masonry,1,5,0.3906867802143097
cleaning,2005,2005–14,grease,1,5,0.38769394159317017
cleaning,2005,2005–14,litter,1,5,0.3868628442287445
cleaning,2005,2005–14,dry,1,5,0.38612598180770874
cleaning,2005,2005–14,refrigeration,1,5,0.3849494755268097
cleaning,2005,2005–14,asbestos,1,5,0.38133561611175537
cleaning,2005,2005–14,lamps,1,5,0.37759488821029663
cleaning,2005,2005–14,landfills,1,5,0.37547093629837036
cleaning,2005,2005–14,carpets,1,5,0.44655749201774597
cleaning,2005,2005–14,linens,1,5,0.43382155895233154
cleaning,2005,2005–14,carpeting,1,5,0.4180052578449249
cleaning,2005,2005–14,excavation,1,5,0.4136548340320587
cleaning,2005,2005–14,furnishings,1,5,0.39963585138320923
cleaning,2005,2005–14,decorating,1,5,0.39940983057022095
cleaning,2005,2005–14,ovens,1,5,0.396147221326828
cleaning,2005,2005–14,chimney,1,5,0.38726019859313965
cleaning,2005,2005–14,removing,1,5,0.3834551274776459
cleaning,2005,2005–14,repainted,1,5,0.3819945752620697
cleaning,2005,2005–14,dispose,1,5,0.49507877230644226
cleaning,2005,2005–14,insulation,1,5,0.4447363615036011
cleaning,2005,2005–14,cleaner,1,5,0.44425204396247864
cleaning,2005,2005–14,heating,1,5,0.4409423768520355
cleaning,2005,2005–14,appliances,1,5,0.42492184042930603
cleaning,2005,2005–14,towels,1,5,0.4212871193885803
cleaning,2005,2005–14,drained,1,5,0.4198567867279053
cleaning,2005,2005–14,lockers,1,5,0.4173489511013031
cleaning,2005,2005–14,strewn,1,5,0.41473934054374695
cleaning,2005,2005–14,freezer,1,5,0.41064444184303284
clerk,2005,2005–14,cashier,4,5,0.442881740629673
clerk,2005,2005–14,employee,2,5,0.44446036219596863
clerk,2005,2005–14,office,2,5,0.4645950645208359
clerk,2005,2005–14,employees,2,5,0.4224779009819031
clerk,2005,2005–14,assessor,2,5,0.4597885012626648
clerk,2005,2005–14,bookkeeper,2,5,0.4543246924877167
clerk,2005,2005–14,clerked,1,5,0.4349398612976074
clerk,2005,2005–14,bailiff,1,5,0.4306887984275818
clerk,2005,2005–14,deputy,1,5,0.4266800582408905
clerk,2005,2005–14,garaventa,1,5,0.4173329472541809
clerk,2005,2005–14,store,1,5,0.41179290413856506
clerk,2005,2005–14,directories,1,5,0.40920913219451904
clerk,2005,2005–14,mathai,1,5,0.39689064025878906
clerk,2005,2005–14,postmaster,1,5,0.3931368291378021
clerk,2005,2005–14,registrar,1,5,0.3913576006889343
clerk,2005,2005–14,mineni,1,5,0.39065009355545044
clerk,2005,2005–14,bargains,1,5,0.3891173005104065
clerk,2005,2005–14,treasurer,1,5,0.44605162739753723
clerk,2005,2005–14,audited,1,5,0.44182026386260986
clerk,2005,2005–14,paperwork,1,5,0.44018858671188354
clerk,2005,2005–14,messer,1,5,0.4309372901916504
clerk,2005,2005–14,auditors,1,5,0.4300381541252136
clerk,2005,2005–14,sheriffs,1,5,0.42352867126464844
clerk,2005,2005–14,justices,1,5,0.4228532314300537
clerk,2005,2005–14,kiedrowski,1,5,0.42111751437187195
clerk,2005,2005–14,town,1,5,0.4178180992603302
clerk,2005,2005–14,sawicki,1,5,0.41473957896232605
clerk,2005,2005–14,ssny,1,5,0.4136970341205597
clerk,2005,2005–14,proclamations,1,5,0.4131600856781006
clerk,2005,2005–14,liens,1,5,0.4109680950641632
clerk,2005,2005–14,incumbents,1,5,0.5081497430801392
clerk,2005,2005–14,magistrate,1,5,0.4923395812511444
clerk,2005,2005–14,ballots,1,5,0.47390103340148926
clerk,2005,2005–14,absentee,1,5,0.4693934917449951
clerk,2005,2005–14,hourly,1,5,0.4446183443069458
clerk,2005,2005–14,debtors,1,5,0.4398166537284851
clerk,2005,2005–14,petitions,1,5,0.4335656464099884
clerk,2005,2005–14,vacancies,1,5,0.42765164375305176
clerk,2005,2005–14,degnan,1,5,0.42163610458374023
clerk,2005,2005–14,revoke,1,5,0.42126941680908203
clerk,2005,2005–14,savela,1,5,0.4209164083003998
clerk,2005,2005–14,holroyd,1,5,0.4188540279865265
clerk,2005,2005–14,ducked,1,5,0.4185551106929779
clerk,2005,2005–14,attorneys,1,5,0.4160824120044708
clerk,2005,2005–14,prothonotary,1,5,0.48873472213745117
clerk,2005,2005–14,receipts,1,5,0.4654616713523865
clerk,2005,2005–14,kiniry,1,5,0.45357024669647217
clerk,2005,2005–14,secretaries,1,5,0.44487497210502625
clerk,2005,2005–14,bartenders,1,5,0.44052445888519287
clerk,2005,2005–14,uni,1,5,0.43379098176956177
clerk,2005,2005–14,teller,1,5,0.4293799102306366
clerk,2005,2005–14,robber,1,5,0.42513081431388855
clerk,2005,2005–14,sarmina,1,5,0.42480623722076416
clerk,2005,2005–14,drawer,1,5,0.4195680618286133
clerk,2005,2005–14,envelope,1,5,0.4165458381175995
clerk,2005,2005–14,attorney,1,5,0.48358726501464844
clerk,2005,2005–14,divorces,1,5,0.47617828845977783
clerk,2005,2005–14,recused,1,5,0.468438059091568
clerk,2005,2005–14,jailers,1,5,0.4628550112247467
clerk,2005,2005–14,cfo,1,5,0.4585154056549072
clerk,2005,2005–14,cabinets,1,5,0.43446850776672363
clerk,2005,2005–14,blankenship,1,5,0.43307214975357056
clerk,2005,2005–14,unpaid,1,5,0.43152955174446106
clerk,2005,2005–14,grievance,1,5,0.430415540933609
clerk,2005,2005–14,hollomon,1,5,0.42588701844215393
clerk,2005,2005–14,forwarded,1,5,0.42383965849876404
clerk,2005,2005–14,prosecuting,1,5,0.42329278588294983
designer,2005,2005–14,designs,5,5,0.5017704665660858
designer,2005,2005–14,design,4,5,0.5421481430530548
designer,2005,2005–14,fashion,4,5,0.502268560230732
designer,2005,2005–14,fashions,3,5,0.45466944575309753
designer,2005,2005–14,couture,3,5,0.5298125247160593
designer,2005,2005–14,handbags,2,5,0.4952162057161331
designer,2005,2005–14,costume,2,5,0.46802087128162384
designer,2005,2005–14,designing,2,5,0.4897563010454178
designer,2005,2005–14,fabrics,2,5,0.4535226970911026
designer,2005,2005–14,footwear,2,5,0.45463836193084717
designer,2005,2005–14,accessories,2,5,0.47505614161491394
designer,2005,2005–14,fashionable,2,5,0.5165317505598068
designer,2005,2005–14,apparel,2,5,0.4966128021478653
designer,2005,2005–14,chic,2,5,0.531568169593811
designer,2005,2005–14,architect,1,5,0.49986085295677185
designer,2005,2005–14,artists,1,5,0.4610570967197418
designer,2005,2005–14,craftsmen,1,5,0.4575539231300354
designer,2005,2005–14,killefer,1,5,0.4535902738571167
designer,2005,2005–14,showrooms,1,5,0.4527650773525238
designer,2005,2005–14,garments,1,5,0.44378140568733215
designer,2005,2005–14,textile,1,5,0.4417356252670288
designer,2005,2005–14,architects,1,5,0.44003093242645264
designer,2005,2005–14,chanel,1,5,0.5099913477897644
designer,2005,2005–14,prada,1,5,0.481901079416275
designer,2005,2005–14,gucci,1,5,0.46550869941711426
designer,2005,2005–14,handbag,1,5,0.4583144187927246
designer,2005,2005–14,lingerie,1,5,0.4519619345664978
designer,2005,2005–14,socialites,1,5,0.4398800730705261
designer,2005,2005–14,weitzman,1,5,0.5232284665107727
designer,2005,2005–14,leboutillier,1,5,0.5191949605941772
designer,2005,2005–14,emrich,1,5,0.4896840453147888
designer,2005,2005–14,stylish,1,5,0.47424134612083435
designer,2005,2005–14,furnishings,1,5,0.45738816261291504
designer,2005,2005–14,dior,1,5,0.4546014964580536
designer,2005,2005–14,flooring,1,5,0.4464249312877655
designer,2005,2005–14,creations,1,5,0.4463801980018616
designer,2005,2005–14,agostino,1,5,0.5666355490684509
designer,2005,2005–14,dresses,1,5,0.5302605628967285
designer,2005,2005–14,oscars,1,5,0.5014581084251404
designer,2005,2005–14,graphics,1,5,0.497424840927124
designer,2005,2005–14,lace,1,5,0.4831938147544861
designer,2005,2005–14,stylist,1,5,0.482513964176178
designer,2005,2005–14,boutique,1,5,0.5097850561141968
designer,2005,2005–14,swarovski,1,5,0.5093590617179871
designer,2005,2005–14,chiffon,1,5,0.5074391961097717
designer,2005,2005–14,flair,1,5,0.5068309903144836
designer,2005,2005–14,muffin,1,5,0.5058299899101257
designer,2005,2005–14,glamour,1,5,0.5041700601577759
designer,2005,2005–14,incorporates,1,5,0.5035830736160278
designer,2005,2005–14,festive,1,5,0.5033512115478516
designer,2005,2005–14,taffeta,1,5,0.500829815864563
designer,2005,2005–14,embroidery,1,5,0.5005413293838501
dishes,2005,2005–14,salads,5,5,0.5846961855888366
dishes,2005,2005–14,sauces,4,5,0.5954553633928299
dishes,2005,2005–14,dish,3,5,0.5953750411669413
dishes,2005,2005–14,menu,3,5,0.5666245818138123
dishes,2005,2005–14,soups,3,5,0.6177581350008646
dishes,2005,2005–14,macaroni,3,5,0.568395177523295
dishes,2005,2005–14,entrees,2,5,0.585747241973877
dishes,2005,2005–14,ravioli,2,5,0.5796994864940643
dishes,2005,2005–14,appetizer,2,5,0.5966604053974152
dishes,2005,2005–14,veal,2,5,0.6090737879276276
dishes,2005,2005–14,mashed,2,5,0.5723574161529541
dishes,2005,2005–14,pasta,2,5,0.5484805107116699
dishes,2005,2005–14,lasagna,2,5,0.5698915123939514
dishes,2005,2005–14,breads,2,5,0.5645462572574615
dishes,2005,2005–14,desserts,2,5,0.5597871243953705
dishes,2005,2005–14,pastas,1,5,0.5976695418357849
dishes,2005,2005–14,stews,1,5,0.5922926068305969
dishes,2005,2005–14,chorizo,1,5,0.5759283304214478
dishes,2005,2005–14,tempura,1,5,0.57428377866745
dishes,2005,2005–14,marinara,1,5,0.5728681087493896
dishes,2005,2005–14,cuisine,1,5,0.5711606740951538
dishes,2005,2005–14,dumplings,1,5,0.5679965019226074
dishes,2005,2005–14,crepes,1,5,0.5677819848060608
dishes,2005,2005–14,delicious,1,5,0.5627317428588867
dishes,2005,2005–14,zucchini,1,5,0.5846821069717407
dishes,2005,2005–14,panini,1,5,0.5727089047431946
dishes,2005,2005–14,savory,1,5,0.5690256357192993
dishes,2005,2005–14,hummus,1,5,0.5555201768875122
dishes,2005,2005–14,mignon,1,5,0.5553472638130188
dishes,2005,2005–14,noodles,1,5,0.5891983509063721
dishes,2005,2005–14,appetizers,1,5,0.5818463563919067
dishes,2005,2005–14,pesto,1,5,0.5723932981491089
dishes,2005,2005–14,moroccan,1,5,0.5610307455062866
dishes,2005,2005–14,miso,1,5,0.5524212718009949
dishes,2005,2005–14,flavored,1,5,0.542745053768158
dishes,2005,2005–14,steamed,1,5,0.5388725399971008
dishes,2005,2005–14,grilled,1,5,0.5335255265235901
dishes,2005,2005–14,parmesan,1,5,0.5900758504867554
dishes,2005,2005–14,olives,1,5,0.5668612122535706
dishes,2005,2005–14,garlic,1,5,0.5584027767181396
dishes,2005,2005–14,toppings,1,5,0.5581108927726746
dishes,2005,2005–14,sausage,1,5,0.5511114597320557
dishes,2005,2005–14,sandwiches,1,5,0.5828959941864014
dishes,2005,2005–14,enchiladas,1,5,0.5665810704231262
dishes,2005,2005–14,spices,1,5,0.5562554597854614
dishes,2005,2005–14,pizzas,1,5,0.552960216999054
dishes,2005,2005–14,pickles,1,5,0.5174608826637268
dishes,2005,2005–14,sweets,1,5,0.5174123644828796
dishes,2005,2005–14,crust,1,5,0.5153958797454834
dishes,2005,2005–14,menus,1,5,0.5123502612113953
dishes,2005,2005–14,roasted,1,5,0.5099993944168091
doctor,2005,2005–14,patients,5,5,0.577925169467926
doctor,2005,2005–14,physicians,5,5,0.5504899382591247
doctor,2005,2005–14,surgeon,4,5,0.5474392250180244
doctor,2005,2005–14,physician,3,5,0.5984700918197632
doctor,2005,2005–14,medical,3,5,0.5426311294237772
doctor,2005,2005–14,surgery,3,5,0.535476396481196
doctor,2005,2005–14,anesthesia,3,5,0.536230226357778
doctor,2005,2005–14,surgeons,3,5,0.548569937547048
doctor,2005,2005–14,cardiologist,2,5,0.607677161693573
doctor,2005,2005–14,orthopedic,2,5,0.5505079925060272
doctor,2005,2005–14,hospital,2,5,0.523918405175209
doctor,2005,2005–14,patient,2,5,0.5516304671764374
doctor,2005,2005–14,neurosurgeon,2,5,0.5392976999282837
doctor,2005,2005–14,biopsy,2,5,0.5304479897022247
doctor,2005,2005–14,prognosis,2,5,0.5120731890201569
doctor,2005,2005–14,fealk,1,5,0.5812481045722961
doctor,2005,2005–14,gyn,1,5,0.5657979249954224
doctor,2005,2005–14,dermatologist,1,5,0.5371524691581726
doctor,2005,2005–14,neurologist,1,5,0.5543213486671448
doctor,2005,2005–14,diagnose,1,5,0.5504106283187866
doctor,2005,2005–14,psychiatrists,1,5,0.5225892066955566
doctor,2005,2005–14,prescribing,1,5,0.522527277469635
doctor,2005,2005–14,dentists,1,5,0.5201296210289001
doctor,2005,2005–14,pediatrician,1,5,0.5469281673431396
doctor,2005,2005–14,medically,1,5,0.5317032933235168
doctor,2005,2005–14,vascular,1,5,0.5298832058906555
doctor,2005,2005–14,tuli,1,5,0.5204415917396545
doctor,2005,2005–14,stent,1,5,0.497619092464447
doctor,2005,2005–14,azmat,1,5,0.49477618932724
doctor,2005,2005–14,satilla,1,5,0.4883003234863281
doctor,2005,2005–14,obstetrician,1,5,0.6006581783294678
doctor,2005,2005–14,balok,1,5,0.5865287184715271
doctor,2005,2005–14,mri,1,5,0.5568360686302185
doctor,2005,2005–14,chemo,1,5,0.532076358795166
doctor,2005,2005–14,practitioners,1,5,0.5282314419746399
doctor,2005,2005–14,obstetrics,1,5,0.5250734686851501
doctor,2005,2005–14,neonatal,1,5,0.5241389274597168
doctor,2005,2005–14,chemotherapy,1,5,0.5187487006187439
doctor,2005,2005–14,omalu,1,5,0.5024929642677307
doctor,2005,2005–14,seizures,1,5,0.4990670084953308
doctor,2005,2005–14,saridena,1,5,0.5702199935913086
doctor,2005,2005–14,pediatric,1,5,0.5426902174949646
doctor,2005,2005–14,gottschalk,1,5,0.5410921573638916
doctor,2005,2005–14,diagnostic,1,5,0.5144093036651611
doctor,2005,2005–14,psychiatrist,1,5,0.5142030119895935
doctor,2005,2005–14,outpatient,1,5,0.5138340592384338
doctor,2005,2005–14,surgeries,1,5,0.5110291838645935
executive,2005,2005–14,president,5,5,0.49403190016746523
executive,2005,2005–14,director,5,5,0.5081589818000793
executive,2005,2005–14,vice,5,5,0.5082606494426727
executive,2005,2005–14,ceo,4,5,0.5353271588683128
executive,2005,2005–14,cfo,4,5,0.5072668790817261
executive,2005,2005–14,directors,3,5,0.48413891593615216
executive,2005,2005–14,coo,3,5,0.5105368196964264
executive,2005,2005–14,chairman,3,5,0.4888698955376943
executive,2005,2005–14,vp,2,5,0.49847882986068726
executive,2005,2005–14,corp,2,5,0.474554643034935
executive,2005,2005–14,cio,2,5,0.4928673952817917
executive,2005,2005–14,nbcuniversal,1,5,0.5504347085952759
executive,2005,2005–14,prexy,1,5,0.5470358729362488
executive,2005,2005–14,otellini,1,5,0.5092394948005676
executive,2005,2005–14,pennymac,1,5,0.49466314911842346
executive,2005,2005–14,aapl,1,5,0.4930804371833801
executive,2005,2005–14,moonves,1,5,0.5206416845321655
executive,2005,2005–14,minkel,1,5,0.47138744592666626
executive,2005,2005–14,safyer,1,5,0.46884801983833313
executive,2005,2005–14,execs,1,5,0.46036210656166077
executive,2005,2005–14,paychex,1,5,0.45693129301071167
executive,2005,2005–14,careing,1,5,0.45525121688842773
executive,2005,2005–14,roundtable,1,5,0.4759225845336914
executive,2005,2005–14,ceos,1,5,0.4706668555736542
executive,2005,2005–14,corporate,1,5,0.46163979172706604
executive,2005,2005–14,investor,1,5,0.45831048488616943
executive,2005,2005–14,ltd,1,5,0.4572922885417938
executive,2005,2005–14,gormally,1,5,0.4504641592502594
executive,2005,2005–14,perini,1,5,0.44527697563171387
executive,2005,2005–14,massmutual,1,5,0.4444292485713959
executive,2005,2005–14,economist,1,5,0.4952586889266968
executive,2005,2005–14,promotions,1,5,0.45999425649642944
executive,2005,2005–14,fledgling,1,5,0.4591010510921478
executive,2005,2005–14,bankers,1,5,0.4579501450061798
executive,2005,2005–14,bloomberg,1,5,0.45744940638542175
executive,2005,2005–14,wbre,1,5,0.44737905263900757
executive,2005,2005–14,governance,1,5,0.446077823638916
executive,2005,2005–14,spectacor,1,5,0.44346046447753906
executive,2005,2005–14,lantanalinks,1,5,0.5419772863388062
executive,2005,2005–14,exxonmobil,1,5,0.5176637172698975
executive,2005,2005–14,acquisitions,1,5,0.5103344321250916
executive,2005,2005–14,uranga,1,5,0.4923248291015625
executive,2005,2005–14,triad,1,5,0.4866560399532318
executive,2005,2005–14,advisers,1,5,0.47140491008758545
executive,2005,2005–14,portfolio,1,5,0.46530866622924805
executive,2005,2005–14,shareholders,1,5,0.46506255865097046
executive,2005,2005–14,stockholders,1,5,0.46495282649993896
executive,2005,2005–14,ventures,1,5,0.4610530734062195
family,2005,2005–14,parents,5,5,0.4980199158191681
family,2005,2005–14,children,5,5,0.4682727813720703
family,2005,2005–14,relatives,4,5,0.5234245285391808
family,2005,2005–14,father,3,5,0.4528740644454956
family,2005,2005–14,mother,3,5,0.446908841530482
family,2005,2005–14,siblings,3,5,0.43749744693438214
family,2005,2005–14,friends,3,5,0.4553421239058177
family,2005,2005–14,residents,3,5,0.4257029891014099
family,2005,2005–14,grandparents,2,5,0.46180184185504913
family,2005,2005–14,community,2,5,0.4415186047554016
family,2005,2005–14,people,2,5,0.43501928448677063
family,2005,2005–14,grieve,2,5,0.46225957572460175
family,2005,2005–14,clan,2,5,0.4392656087875366
family,2005,2005–14,pullen,1,5,0.4762154519557953
family,2005,2005–14,marleen,1,5,0.45828482508659363
family,2005,2005–14,feldkamp,1,5,0.45377805829048157
family,2005,2005–14,aunts,1,5,0.44794484972953796
family,2005,2005–14,communities,1,5,0.4419138729572296
family,2005,2005–14,impoverished,1,5,0.4531952142715454
family,2005,2005–14,uncles,1,5,0.4468609094619751
family,2005,2005–14,bereaved,1,5,0.43980589509010315
family,2005,2005–14,cousins,1,5,0.43322867155075073
family,2005,2005–14,cousin,1,5,0.4217991530895233
family,2005,2005–14,gormley,1,5,0.4293809235095978
family,2005,2005–14,azores,1,5,0.42915502190589905
family,2005,2005–14,martino,1,5,0.4287306070327759
family,2005,2005–14,karras,1,5,0.41363778710365295
family,2005,2005–14,sincerest,1,5,0.4897575080394745
family,2005,2005–14,mourn,1,5,0.4742284119129181
family,2005,2005–14,comforted,1,5,0.46868863701820374
family,2005,2005–14,sympathies,1,5,0.443341463804245
family,2005,2005–14,costabile,1,5,0.44001665711402893
family,2005,2005–14,chewton,1,5,0.43511322140693665
family,2005,2005–14,immensely,1,5,0.4344162344932556
family,2005,2005–14,prayers,1,5,0.4343370795249939
family,2005,2005–14,offspring,1,5,0.4330514967441559
family,2005,2005–14,brinley,1,5,0.43067166209220886
family,2005,2005–14,caregivers,1,5,0.47498542070388794
family,2005,2005–14,birthdays,1,5,0.4595256745815277
family,2005,2005–14,grandkids,1,5,0.4478047788143158
family,2005,2005–14,dads,1,5,0.44764554500579834
family,2005,2005–14,funerals,1,5,0.4376191198825836
family,2005,2005–14,feud,1,5,0.43739092350006104
family,2005,2005–14,treasured,1,5,0.42787089943885803
family,2005,2005–14,sibling,1,5,0.4198034405708313
family,2005,2005–14,adoptive,1,5,0.4158633351325989
family,2005,2005–14,dearly,1,5,0.41558146476745605
family,2005,2005–14,youths,1,5,0.4149705171585083
family,2005,2005–14,spouses,1,5,0.41378095746040344
grandchildren,2005,2005–14,nephews,5,5,0.6896334528923035
grandchildren,2005,2005–14,granddaughters,5,5,0.6686531662940979
grandchildren,2005,2005–14,nieces,5,5,0.7048831105232238
grandchildren,2005,2005–14,grandsons,5,5,0.6796528458595276
grandchildren,2005,2005–14,aunts,5,5,0.5985479712486267
grandchildren,2005,2005–14,predeceased,4,5,0.6561759859323502
grandchildren,2005,2005–14,stepchildren,3,5,0.64798637231191
grandchildren,2005,2005–14,grandson,3,5,0.5922567248344421
grandchildren,2005,2005–14,granddaughter,3,5,0.5833957393964132
grandchildren,2005,2005–14,uncles,3,5,0.566644549369812
grandchildren,2005,2005–14,daughters,2,5,0.5324532091617584
grandchildren,2005,2005–14,survived,2,5,0.5816431045532227
grandchildren,2005,2005–14,stepdaughter,2,5,0.5738949775695801
grandchildren,2005,2005–14,cousins,1,5,0.5679333209991455
grandchildren,2005,2005–14,stepsons,1,5,0.5634281039237976
grandchildren,2005,2005–14,facio,1,5,0.5423244833946228
grandchildren,2005,2005–14,morrish,1,5,0.5340251326560974
grandchildren,2005,2005–14,sons,1,5,0.5308007597923279
grandchildren,2005,2005–14,syrell,1,5,0.5582031011581421
grandchildren,2005,2005–14,siblings,1,5,0.546062171459198
grandchildren,2005,2005–14,nephew,1,5,0.5399169921875
grandchildren,2005,2005–14,daughter,1,5,0.5381543040275574
grandchildren,2005,2005–14,grandnephews,1,5,0.7089779376983643
grandchildren,2005,2005–14,grandnieces,1,5,0.6867859363555908
grandchildren,2005,2005–14,scerra,1,5,0.5767828226089478
grandchildren,2005,2005–14,preceded,1,5,0.6503260731697083
grandchildren,2005,2005–14,lola,1,5,0.5929676294326782
grandchildren,2005,2005–14,niece,1,5,0.5882870554924011
grandchildren,2005,2005–14,stepson,1,5,0.5869873762130737
grandchildren,2005,2005–14,bigham,1,5,0.5817984342575073
grandchildren,2005,2005–14,adair,1,5,0.5804022550582886
grandchildren,2005,2005–14,frankhouser,1,5,0.5706212520599365
grandchildren,2005,2005–14,husband,1,5,0.5665690898895264
grandchildren,2005,2005–14,spouses,1,5,0.5657394528388977
grandchildren,2005,2005–14,magness,1,5,0.5653418302536011
grandchildren,2005,2005–14,kimmel,1,5,0.5415903329849243
grandchildren,2005,2005–14,brantley,1,5,0.5378262996673584
grandchildren,2005,2005–14,belding,1,5,0.5375837683677673
grandchildren,2005,2005–14,stepmother,1,5,0.5321017503738403
grandchildren,2005,2005–14,cattan,1,5,0.5315492749214172
grandchildren,2005,2005–14,sisters,1,5,0.5290889143943787
grandparents,2005,2005–14,grandmother,5,5,0.5387147068977356
grandparents,2005,2005–14,parents,5,5,0.5281745016574859
grandparents,2005,2005–14,aunts,5,5,0.5251919567584992
grandparents,2005,2005–14,paternal,5,5,0.6046884536743165
grandparents,2005,2005–14,aunt,4,5,0.48892438411712646
grandparents,2005,2005–14,maternal,4,5,0.6118508577346802
grandparents,2005,2005–14,siblings,4,5,0.4665811061859131
grandparents,2005,2005–14,mother,3,5,0.5224392116069794
grandparents,2005,2005–14,grandfather,3,5,0.5017641286055247
grandparents,2005,2005–14,uncles,3,5,0.4968664248784383
grandparents,2005,2005–14,sister,2,5,0.513686329126358
grandparents,2005,2005–14,father,2,5,0.4808221459388733
grandparents,2005,2005–14,daughter,2,5,0.5132559090852737
grandparents,2005,2005–14,granddaughters,2,5,0.49410051107406616
grandparents,2005,2005–14,grandmothers,2,5,0.4860566407442093
grandparents,2005,2005–14,stepmother,2,5,0.49147891998291016
grandparents,2005,2005–14,husband,1,5,0.549642026424408
grandparents,2005,2005–14,dad,1,5,0.5375373959541321
grandparents,2005,2005–14,uncle,1,5,0.5337361693382263
grandparents,2005,2005–14,doering,1,5,0.5201594829559326
grandparents,2005,2005–14,mom,1,5,0.5152316093444824
grandparents,2005,2005–14,widowed,1,5,0.4962168335914612
grandparents,2005,2005–14,concetta,1,5,0.49612700939178467
grandparents,2005,2005–14,cenedella,1,5,0.49519434571266174
grandparents,2005,2005–14,emigrated,1,5,0.46313005685806274
grandparents,2005,2005–14,carmela,1,5,0.4118194878101349
grandparents,2005,2005–14,azores,1,5,0.40895822644233704
grandparents,2005,2005–14,zernich,1,5,0.40256062150001526
grandparents,2005,2005–14,grandchild,1,5,0.4961868226528168
grandparents,2005,2005–14,johanna,1,5,0.4952138662338257
grandparents,2005,2005–14,husbands,1,5,0.4891369938850403
grandparents,2005,2005–14,ringler,1,5,0.4840255081653595
grandparents,2005,2005–14,grandkids,1,5,0.4818040132522583
grandparents,2005,2005–14,bigham,1,5,0.4785982370376587
grandparents,2005,2005–14,granddaughter,1,5,0.49210694432258606
grandparents,2005,2005–14,emil,1,5,0.4574500620365143
grandparents,2005,2005–14,breedlove,1,5,0.4569970369338989
grandparents,2005,2005–14,josie,1,5,0.45594358444213867
home,2005,2005–14,houses,5,5,0.4837890982627869
home,2005,2005–14,house,4,5,0.4773973152041435
home,2005,2005–14,residences,4,5,0.47433703392744064
home,2005,2005–14,residence,4,5,0.45541251450777054
home,2005,2005–14,apartments,3,5,0.4579568902651469
home,2005,2005–14,duplex,3,5,0.4592218001683553
home,2005,2005–14,apartment,2,5,0.49740058183670044
home,2005,2005–14,dwellings,2,5,0.45908400416374207
home,2005,2005–14,cottages,2,5,0.442934513092041
home,2005,2005–14,renters,2,5,0.42731477320194244
home,2005,2005–14,cremation,2,5,0.4227783977985382
home,2005,2005–14,villas,1,5,0.5186491012573242
home,2005,2005–14,townhouse,1,5,0.5147104263305664
home,2005,2005–14,outbuildings,1,5,0.5014514923095703
home,2005,2005–14,townhomes,1,5,0.49032214283943176
home,2005,2005–14,bungalow,1,5,0.48437926173210144
home,2005,2005–14,oakridge,1,5,0.4739825129508972
home,2005,2005–14,property,1,5,0.47233012318611145
home,2005,2005–14,uprooted,1,5,0.4813314974308014
home,2005,2005–14,evacuations,1,5,0.4650501608848572
home,2005,2005–14,backyards,1,5,0.4444192945957184
home,2005,2005–14,porches,1,5,0.4432033896446228
home,2005,2005–14,alfs,1,5,0.43998077511787415
home,2005,2005–14,uninhabitable,1,5,0.4337567687034607
home,2005,2005–14,mansions,1,5,0.4280356764793396
home,2005,2005–14,floodwaters,1,5,0.4472503960132599
home,2005,2005–14,farmhouse,1,5,0.439278781414032
home,2005,2005–14,evacuees,1,5,0.4376591145992279
home,2005,2005–14,homeowners,1,5,0.43598440289497375
home,2005,2005–14,residents,1,5,0.4296899139881134
home,2005,2005–14,shacks,1,5,0.42654693126678467
home,2005,2005–14,gormley,1,5,0.426472008228302
home,2005,2005–14,complexes,1,5,0.4249333143234253
home,2005,2005–14,raided,1,5,0.42270004749298096
home,2005,2005–14,lisacul,1,5,0.45886942744255066
home,2005,2005–14,spe,1,5,0.45497071743011475
home,2005,2005–14,nvr,1,5,0.45397499203681946
home,2005,2005–14,crematory,1,5,0.4516981244087219
home,2005,2005–14,kennels,1,5,0.44246596097946167
home,2005,2005–14,chidboy,1,5,0.44188904762268066
home,2005,2005–14,woodlawn,1,5,0.441194087266922
home,2005,2005–14,condominium,1,5,0.4288395345211029
home,2005,2005–14,grandview,1,5,0.4182998836040497
home,2005,2005–14,sandstone,1,5,0.5076488852500916
home,2005,2005–14,hatfield,1,5,0.4821071922779083
home,2005,2005–14,waldrope,1,5,0.4802156984806061
home,2005,2005–14,seydler,1,5,0.45067891478538513
home,2005,2005–14,grillo,1,5,0.45048609375953674
home,2005,2005–14,chapels,1,5,0.4367002546787262
home,2005,2005–14,carden,1,5,0.4251024127006531
home,2005,2005–14,warehouses,1,5,0.4187086224555969
home,2005,2005–14,disappearing,1,5,0.416727751493454
home,2005,2005–14,condominiums,1,5,0.4093259572982788
infant,2005,2005–14,children,5,5,0.5154740393161774
infant,2005,2005–14,toddlers,5,5,0.495807546377182
infant,2005,2005–14,newborn,4,5,0.520808145403862
infant,2005,2005–14,babies,3,5,0.5127715071042379
infant,2005,2005–14,child,3,5,0.5029812653859457
infant,2005,2005–14,orphaned,3,5,0.5080184837182363
infant,2005,2005–14,newborns,2,5,0.5210171639919281
infant,2005,2005–14,pregnancies,2,5,0.5017592161893845
infant,2005,2005–14,baby,2,5,0.491703525185585
infant,2005,2005–14,obese,2,5,0.47945013642311096
infant,2005,2005–14,congenital,1,5,0.529259979724884
infant,2005,2005–14,maltreatment,1,5,0.5292136669158936
infant,2005,2005–14,cesarean,1,5,0.5249130129814148
infant,2005,2005–14,infertility,1,5,0.521320104598999
infant,2005,2005–14,pregnancy,1,5,0.5072600245475769
infant,2005,2005–14,abnormalities,1,5,0.5055761933326721
infant,2005,2005–14,fetus,1,5,0.505562961101532
infant,2005,2005–14,childbirth,1,5,0.5441038608551025
infant,2005,2005–14,terminally,1,5,0.49126940965652466
infant,2005,2005–14,chronically,1,5,0.48609480261802673
infant,2005,2005–14,annadale,1,5,0.4841934144496918
infant,2005,2005–14,widowed,1,5,0.48417264223098755
infant,2005,2005–14,tumors,1,5,0.48066186904907227
infant,2005,2005–14,placenta,1,5,0.4774279296398163
infant,2005,2005–14,zafaranloo,1,5,0.4756069779396057
infant,2005,2005–14,cumo,1,5,0.4703065752983093
infant,2005,2005–14,adhd,1,5,0.5392243266105652
infant,2005,2005–14,womb,1,5,0.5021231770515442
infant,2005,2005–14,palsy,1,5,0.4850738048553467
infant,2005,2005–14,prevalence,1,5,0.47687047719955444
infant,2005,2005–14,hormones,1,5,0.47371944785118103
infant,2005,2005–14,hormone,1,5,0.47242969274520874
infant,2005,2005–14,tuberculosis,1,5,0.46832576394081116
infant,2005,2005–14,cancers,1,5,0.4673677980899811
infant,2005,2005–14,aspirin,1,5,0.46406084299087524
infant,2005,2005–14,frail,1,5,0.5168448090553284
infant,2005,2005–14,blindness,1,5,0.5094351172447205
infant,2005,2005–14,mortality,1,5,0.4986267387866974
infant,2005,2005–14,neonatal,1,5,0.4932900071144104
infant,2005,2005–14,unborn,1,5,0.4856116771697998
infant,2005,2005–14,infancy,1,5,0.4831717312335968
infant,2005,2005–14,adoptive,1,5,0.47446876764297485
infant,2005,2005–14,crib,1,5,0.5474371314048767
infant,2005,2005–14,acute,1,5,0.5157130360603333
infant,2005,2005–14,graden,1,5,0.5149794816970825
infant,2005,2005–14,stepsons,1,5,0.5091817378997803
infant,2005,2005–14,infections,1,5,0.5060952305793762
infant,2005,2005–14,injecting,1,5,0.49442580342292786
infant,2005,2005–14,husbands,1,5,0.49337974190711975
infant,2005,2005–14,pneumonia,1,5,0.4913250803947449
infant,2005,2005–14,syndrome,1,5,0.4875467121601105
infant,2005,2005–14,alijah,1,5,0.48656100034713745
infant,2005,2005–14,mono,1,5,0.4808911681175232
infant,2005,2005–14,detar,1,5,0.4794321656227112
inspector,2005,2005–14,inspections,5,5,0.4871067404747009
inspector,2005,2005–14,inspection,4,5,0.4795626178383827
inspector,2005,2005–14,inspect,3,5,0.46006739139556885
inspector,2005,2005–14,compliance,3,5,0.44956331451733905
inspector,2005,2005–14,osha,3,5,0.48558905720710754
inspector,2005,2005–14,epa,2,5,0.4363430291414261
inspector,2005,2005–14,structurally,2,5,0.45264168083667755
inspector,2005,2005–14,violations,2,5,0.44074301421642303
inspector,2005,2005–14,inspected,2,5,0.5010774582624435
inspector,2005,2005–14,dep,2,5,0.4654914140701294
inspector,2005,2005–14,investigators,1,5,0.45703232288360596
inspector,2005,2005–14,investigated,1,5,0.45241865515708923
inspector,2005,2005–14,inspecting,1,5,0.43788769841194153
inspector,2005,2005–14,inspects,1,5,0.4358302354812622
inspector,2005,2005–14,aqmd,1,5,0.4353747069835663
inspector,2005,2005–14,audits,1,5,0.4296240508556366
inspector,2005,2005–14,investigator,1,5,0.4251297414302826
inspector,2005,2005–14,martarano,1,5,0.4210221469402313
inspector,2005,2005–14,dsa,1,5,0.4170392155647278
inspector,2005,2005–14,surveyor,1,5,0.41412851214408875
inspector,2005,2005–14,dob,1,5,0.5257731080055237
inspector,2005,2005–14,deputy,1,5,0.4816628098487854
inspector,2005,2005–14,condemned,1,5,0.45066654682159424
inspector,2005,2005–14,bax,1,5,0.4474712610244751
inspector,2005,2005–14,benincasa,1,5,0.4405711889266968
inspector,2005,2005–14,marmara,1,5,0.43938928842544556
inspector,2005,2005–14,impounded,1,5,0.43634867668151855
inspector,2005,2005–14,officers,1,5,0.4304366409778595
inspector,2005,2005–14,amendola,1,5,0.42793282866477966
inspector,2005,2005–14,department,1,5,0.42700493335723877
inspector,2005,2005–14,asbestos,1,5,0.5182420015335083
inspector,2005,2005–14,desist,1,5,0.5000134706497192
inspector,2005,2005–14,abcc,1,5,0.4781489968299866
inspector,2005,2005–14,ordinances,1,5,0.4692365825176239
inspector,2005,2005–14,dph,1,5,0.45870211720466614
inspector,2005,2005–14,wiring,1,5,0.4556315541267395
inspector,2005,2005–14,o'callaghan,1,5,0.45456236600875854
inspector,2005,2005–14,inspectional,1,5,0.45388999581336975
inspector,2005,2005–14,precinct,1,5,0.4793206751346588
inspector,2005,2005–14,drakes,1,5,0.45540255308151245
inspector,2005,2005–14,dpw,1,5,0.4533299505710602
inspector,2005,2005–14,valence,1,5,0.44631528854370117
inspector,2005,2005–14,hazardous,1,5,0.4352303147315979
inspector,2005,2005–14,pspca,1,5,0.4266074597835541
inspector,2005,2005–14,sprinklers,1,5,0.42396292090415955
inspector,2005,2005–14,tjjd,1,5,0.5425983667373657
inspector,2005,2005–14,licensing,1,5,0.5211151242256165
inspector,2005,2005–14,auditors,1,5,0.5209745168685913
inspector,2005,2005–14,hhsc,1,5,0.4986058175563812
inspector,2005,2005–14,reorganization,1,5,0.4932515323162079
inspector,2005,2005–14,permits,1,5,0.4903258681297302
inspector,2005,2005–14,manpower,1,5,0.486265629529953
inspector,2005,2005–14,tyc,1,5,0.48585233092308044
inspector,2005,2005–14,usda,1,5,0.4729912281036377
inspector,2005,2005–14,tceq,1,5,0.46336522698402405
inspector,2005,2005–14,monitors,1,5,0.4620104730129242
inspector,2005,2005–14,grievance,1,5,0.4616939425468445
married,2005,2005–14,divorced,5,5,0.58787043094635
married,2005,2005–14,wife,5,5,0.5605028569698334
married,2005,2005–14,marry,5,5,0.5223059058189392
married,2005,2005–14,husband,5,5,0.5451110959053039
married,2005,2005–14,marrying,4,5,0.5294027030467987
married,2005,2005–14,marriage,4,5,0.52688929438591
married,2005,2005–14,remarried,4,5,0.5396779775619507
married,2005,2005–14,born,4,5,0.49056877940893173
married,2005,2005–14,graduated,3,5,0.49804234504699707
married,2005,2005–14,met,2,5,0.5098705738782883
married,2005,2005–14,sweetheart,2,5,0.5082709044218063
married,2005,2005–14,wed,2,5,0.5007441639900208
married,2005,2005–14,stepchildren,2,5,0.47858038544654846
married,2005,2005–14,lived,2,5,0.4639124125242233
married,2005,2005–14,hiete,1,5,0.5181156396865845
married,2005,2005–14,stepsons,1,5,0.5054647326469421
married,2005,2005–14,daughter,1,5,0.5008066892623901
married,2005,2005–14,ambridge,1,5,0.4782331883907318
married,2005,2005–14,baptized,1,5,0.4754873812198639
married,2005,2005–14,rosenmiller,1,5,0.469287246465683
married,2005,2005–14,therese,1,5,0.4582866132259369
married,2005,2005–14,widowed,1,5,0.5354549884796143
married,2005,2005–14,bernice,1,5,0.4791792631149292
married,2005,2005–14,summered,1,5,0.47883960604667664
married,2005,2005–14,nc,1,5,0.4756332039833069
married,2005,2005–14,resided,1,5,0.47478431463241577
married,2005,2005–14,survives,1,5,0.5370944738388062
married,2005,2005–14,likens,1,5,0.49464133381843567
married,2005,2005–14,blanche,1,5,0.47467464208602905
married,2005,2005–14,siple,1,5,0.46399199962615967
married,2005,2005–14,nee,1,5,0.45915108919143677
married,2005,2005–14,daughters,1,5,0.44755029678344727
married,2005,2005–14,bertha,1,5,0.4459705650806427
married,2005,2005–14,eldest,1,5,0.5379997491836548
married,2005,2005–14,elsie,1,5,0.5297093987464905
married,2005,2005–14,homemaker,1,5,0.49554258584976196
married,2005,2005–14,heinrich,1,5,0.48672813177108765
married,2005,2005–14,bessie,1,5,0.4730859398841858
married,2005,2005–14,myrtle,1,5,0.45751962065696716
married,2005,2005–14,wofford,1,5,0.45151886343955994
nurse,2005,2005–14,physicians,5,5,0.5185360074043274
nurse,2005,2005–14,patients,5,5,0.511633038520813
nurse,2005,2005–14,nursing,5,5,0.5225834012031555
nurse,2005,2005–14,hospital,5,5,0.5022389650344848
nurse,2005,2005–14,practitioner,4,5,0.5470465570688248
nurse,2005,2005–14,doctors,3,5,0.5240802069505056
nurse,2005,2005–14,patient,3,5,0.5015758077303568
nurse,2005,2005–14,physician,3,5,0.4950957993666331
nurse,2005,2005–14,therapists,3,5,0.5086378455162048
nurse,2005,2005–14,oncology,3,5,0.4847082495689392
nurse,2005,2005–14,pediatric,3,5,0.5123058060805002
nurse,2005,2005–14,rn,2,5,0.5501503944396973
nurse,2005,2005–14,obstetrics,2,5,0.504809632897377
nurse,2005,2005–14,neonatal,2,5,0.49901682138442993
nurse,2005,2005–14,midwives,1,5,0.5951122045516968
nurse,2005,2005–14,gyn,1,5,0.5683590173721313
nurse,2005,2005–14,midwife,1,5,0.5518291592597961
nurse,2005,2005–14,cna,1,5,0.5231427550315857
nurse,2005,2005–14,nicu,1,5,0.5132798552513123
nurse,2005,2005–14,emts,1,5,0.5038387775421143
nurse,2005,2005–14,specialists,1,5,0.498211145401001
nurse,2005,2005–14,palliative,1,5,0.4952557682991028
nurse,2005,2005–14,icu,1,5,0.5526651740074158
nurse,2005,2005–14,aide,1,5,0.4945250451564789
nurse,2005,2005–14,clinical,1,5,0.47130054235458374
nurse,2005,2005–14,triage,1,5,0.46559199690818787
nurse,2005,2005–14,satilla,1,5,0.4956779181957245
nurse,2005,2005–14,endoscopy,1,5,0.48979291319847107
nurse,2005,2005–14,laverty,1,5,0.47823336720466614
nurse,2005,2005–14,pediatrician,1,5,0.4663187563419342
nurse,2005,2005–14,practitioners,1,5,0.5527961254119873
nurse,2005,2005–14,obstetrician,1,5,0.5493661761283875
nurse,2005,2005–14,maternity,1,5,0.48600703477859497
nurse,2005,2005–14,dentists,1,5,0.4809054136276245
nurse,2005,2005–14,vocational,1,5,0.5328329205513
nurse,2005,2005–14,outpatient,1,5,0.5250558257102966
nurse,2005,2005–14,davita,1,5,0.4927084743976593
nurse,2005,2005–14,caregivers,1,5,0.4899364113807678
nurse,2005,2005–14,doctor,1,5,0.48467427492141724
nurse,2005,2005–14,surgeons,1,5,0.4714713990688324
nurse,2005,2005–14,anesthesia,1,5,0.46535107493400574
parents,2005,2005–14,kids,5,5,0.4769300401210785
parents,2005,2005–14,mother,5,5,0.5036146163940429
parents,2005,2005–14,children,5,5,0.4822086751461029
parents,2005,2005–14,mom,4,5,0.4721625745296478
parents,2005,2005–14,child,4,5,0.4556046351790428
parents,2005,2005–14,adoptive,4,5,0.46232643723487854
parents,2005,2005–14,siblings,3,5,0.47709758083025616
parents,2005,2005–14,families,3,5,0.45822397867838544
parents,2005,2005–14,teachers,2,5,0.4718344062566757
parents,2005,2005–14,dad,2,5,0.45838645100593567
parents,2005,2005–14,grandparents,2,5,0.4634177088737488
parents,2005,2005–14,family,2,5,0.4248945415019989
parents,2005,2005–14,sibling,2,5,0.47091110050678253
parents,2005,2005–14,father,2,5,0.4188000112771988
parents,2005,2005–14,chaperones,1,5,0.5505059957504272
parents,2005,2005–14,parental,1,5,0.5087881684303284
parents,2005,2005–14,zatorski,1,5,0.49639955163002014
parents,2005,2005–14,preschool,1,5,0.46449705958366394
parents,2005,2005–14,custodial,1,5,0.4617619216442108
parents,2005,2005–14,kindergartners,1,5,0.4485691487789154
parents,2005,2005–14,moms,1,5,0.44732171297073364
parents,2005,2005–14,ripperger,1,5,0.4453102648258209
parents,2005,2005–14,gruner,1,5,0.4410676956176758
parents,2005,2005–14,educators,1,5,0.4385143518447876
parents,2005,2005–14,mothers,1,5,0.4497162997722626
parents,2005,2005–14,autistic,1,5,0.4462791383266449
parents,2005,2005–14,pto,1,5,0.43992021679878235
parents,2005,2005–14,durkin,1,5,0.4321592450141907
parents,2005,2005–14,binkley,1,5,0.4237830936908722
parents,2005,2005–14,dcf,1,5,0.4225735366344452
parents,2005,2005–14,toddlers,1,5,0.4202535152435303
parents,2005,2005–14,grandparent,1,5,0.4665067791938782
parents,2005,2005–14,grandkids,1,5,0.44895023107528687
parents,2005,2005–14,currie,1,5,0.4407459497451782
parents,2005,2005–14,habi,1,5,0.43673473596572876
parents,2005,2005–14,husbands,1,5,0.43185657262802124
parents,2005,2005–14,daughter,1,5,0.4298834502696991
parents,2005,2005–14,nurturing,1,5,0.4264761507511139
parents,2005,2005–14,dads,1,5,0.47723814845085144
parents,2005,2005–14,chassidie,1,5,0.433156281709671
parents,2005,2005–14,counselors,1,5,0.4224662184715271
parents,2005,2005–14,schooled,1,5,0.4196889102458954
parents,2005,2005–14,stepmother,1,5,0.41532790660858154
parents,2005,2005–14,son,1,5,0.40617790818214417
pastor,2005,2005–14,church,5,5,0.6349044680595398
pastor,2005,2005–14,rev,5,5,0.6467986702919006
pastor,2005,2005–14,ordained,4,5,0.5872871577739716
pastor,2005,2005–14,baptist,3,5,0.5768345991770426
pastor,2005,2005–14,congregation,3,5,0.5720792214075724
pastor,2005,2005–14,ame,3,5,0.565695067246755
pastor,2005,2005–14,pulpit,2,5,0.5896838009357452
pastor,2005,2005–14,churches,2,5,0.5859000980854034
pastor,2005,2005–14,vicar,2,5,0.5817861557006836
pastor,2005,2005–14,reverend,2,5,0.5810697078704834
pastor,2005,2005–14,officiate,2,5,0.5643123984336853
pastor,2005,2005–14,msgr,2,5,0.5507418513298035
pastor,2005,2005–14,parishioners,2,5,0.5424788296222687
pastor,2005,2005–14,deacon,2,5,0.5398292243480682
pastor,2005,2005–14,rector,2,5,0.5730202794075012
pastor,2005,2005–14,apostle,2,5,0.557971864938736
pastor,2005,2005–14,tabernacle,2,5,0.5591793060302734
pastor,2005,2005–14,redeemer,1,5,0.6162261962890625
pastor,2005,2005–14,brookins,1,5,0.5670106410980225
pastor,2005,2005–14,barta,1,5,0.5485715866088867
pastor,2005,2005–14,furtick,1,5,0.5483642220497131
pastor,2005,2005–14,denominational,1,5,0.5401739478111267
pastor,2005,2005–14,ministries,1,5,0.538621187210083
pastor,2005,2005–14,griem,1,5,0.5338308215141296
pastor,2005,2005–14,beshore,1,5,0.5330844521522522
pastor,2005,2005–14,scarcia,1,5,0.578183114528656
pastor,2005,2005–14,eucharistic,1,5,0.5591604709625244
pastor,2005,2005–14,kmiec,1,5,0.5419648885726929
pastor,2005,2005–14,priest,1,5,0.5389088988304138
pastor,2005,2005–14,hession,1,5,0.587518036365509
pastor,2005,2005–14,bishops,1,5,0.5835919380187988
pastor,2005,2005–14,flor,1,5,0.581076979637146
pastor,2005,2005–14,priesthood,1,5,0.569304883480072
pastor,2005,2005–14,parish,1,5,0.5635088086128235
pastor,2005,2005–14,apostolic,1,5,0.5629655122756958
pastor,2005,2005–14,episcopal,1,5,0.5601670145988464
pastor,2005,2005–14,liturgy,1,5,0.5565592646598816
pastor,2005,2005–14,illuminator,1,5,0.5512508749961853
pastor,2005,2005–14,officiating,1,5,0.5740330815315247
pastor,2005,2005–14,committal,1,5,0.5673152208328247
pastor,2005,2005–14,umc,1,5,0.5616562962532043
pastor,2005,2005–14,annunciation,1,5,0.5525205135345459
pastor,2005,2005–14,minister,1,5,0.5877098441123962
pastor,2005,2005–14,evangelist,1,5,0.5770779848098755
pastor,2005,2005–14,missionary,1,5,0.5621421933174133
pastor,2005,2005–14,kenebrew,1,5,0.5511652827262878
pastor,2005,2005–14,jerusalem,1,5,0.541449785232544
physician,2005,2005–14,patients,5,5,0.5919122815132141
physician,2005,2005–14,medical,5,5,0.5644964814186096
physician,2005,2005–14,doctors,4,5,0.5930256992578506
physician,2005,2005–14,patient,4,5,0.5357977896928787
physician,2005,2005–14,doctor,3,5,0.5785762468973795
physician,2005,2005–14,orthopedic,3,5,0.5367158651351929
physician,2005,2005–14,clinicians,2,5,0.5500137209892273
physician,2005,2005–14,gyn,2,5,0.5782599747180939
physician,2005,2005–14,nurses,2,5,0.579210489988327
physician,2005,2005–14,obstetrics,2,5,0.6124698221683502
physician,2005,2005–14,practitioner,2,5,0.5625483989715576
physician,2005,2005–14,cardiology,2,5,0.5473123788833618
physician,2005,2005–14,oncology,2,5,0.538190096616745
physician,2005,2005–14,pediatric,2,5,0.5520720481872559
physician,2005,2005–14,surgical,2,5,0.5339667201042175
physician,2005,2005–14,surgeons,2,5,0.5469052791595459
physician,2005,2005–14,cardiologist,1,5,0.5971959829330444
physician,2005,2005–14,midwives,1,5,0.589698851108551
physician,2005,2005–14,pamf,1,5,0.5716421604156494
physician,2005,2005–14,pharmacists,1,5,0.5653002262115479
physician,2005,2005–14,clinical,1,5,0.5479295253753662
physician,2005,2005–14,palliative,1,5,0.5457322597503662
physician,2005,2005–14,geriatric,1,5,0.5438050031661987
physician,2005,2005–14,gynecology,1,5,0.596696138381958
physician,2005,2005–14,neurosurgeon,1,5,0.5800700187683105
physician,2005,2005–14,nsuh,1,5,0.5795199871063232
physician,2005,2005–14,anesthesiology,1,5,0.5643103122711182
physician,2005,2005–14,medicine,1,5,0.557468056678772
physician,2005,2005–14,osteopathic,1,5,0.5528339743614197
physician,2005,2005–14,preventive,1,5,0.536587655544281
physician,2005,2005–14,vascular,1,5,0.5365561842918396
physician,2005,2005–14,pediatrician,1,5,0.5346469879150391
physician,2005,2005–14,referral,1,5,0.52552330493927
physician,2005,2005–14,satilla,1,5,0.5191843509674072
physician,2005,2005–14,tuli,1,5,0.5157000422477722
physician,2005,2005–14,neurology,1,5,0.5136420726776123
physician,2005,2005–14,obstetrician,1,5,0.6344821453094482
physician,2005,2005–14,practitioners,1,5,0.6011368632316589
physician,2005,2005–14,dentists,1,5,0.5949193835258484
physician,2005,2005–14,ob,1,5,0.5695846676826477
physician,2005,2005–14,pediatrics,1,5,0.563479483127594
physician,2005,2005–14,radiology,1,5,0.5449259877204895
physician,2005,2005–14,neonatal,1,5,0.5286241173744202
physician,2005,2005–14,saridena,1,5,0.619182288646698
physician,2005,2005–14,outpatient,1,5,0.5640605092048645
physician,2005,2005–14,pulmonary,1,5,0.5157188177108765
physician,2005,2005–14,anesthesia,1,5,0.515326976776123
police,2005,2005–14,officers,5,5,0.6599363088607788
police,2005,2005–14,detectives,5,5,0.5892865896224976
police,2005,2005–14,deputies,3,5,0.5540883243083954
police,2005,2005–14,authorities,3,5,0.5592946410179138
police,2005,2005–14,officer,3,5,0.5403352379798889
police,2005,2005–14,troopers,3,5,0.6101869742075602
police,2005,2005–14,arrested,3,5,0.5148446559906006
police,2005,2005–14,sheriff,2,5,0.5559758841991425
police,2005,2005–14,detective,2,5,0.5292578637599945
police,2005,2005–14,incident,2,5,0.5457028150558472
police,2005,2005–14,investigators,2,5,0.5527512431144714
police,2005,2005–14,trooper,2,5,0.5422269105911255
police,2005,2005–14,patrolman,2,5,0.5114405751228333
police,2005,2005–14,suspect,2,5,0.5314772129058838
police,2005,2005–14,lapd,1,5,0.5707687735557556
police,2005,2005–14,sbpd,1,5,0.5692690014839172
police,2005,2005–14,suspects,1,5,0.5619787573814392
police,2005,2005–14,upd,1,5,0.5588675737380981
police,2005,2005–14,ocsd,1,5,0.5570690631866455
police,2005,2005–14,lbpd,1,5,0.5560688376426697
police,2005,2005–14,patrol,1,5,0.5556284785270691
police,2005,2005–14,sgt,1,5,0.5440419316291809
police,2005,2005–14,cops,1,5,0.5626973509788513
police,2005,2005–14,arrest,1,5,0.542427659034729
police,2005,2005–14,kiantone,1,5,0.5263383388519287
police,2005,2005–14,impounded,1,5,0.5217801928520203
police,2005,2005–14,tuffey,1,5,0.5214645862579346
police,2005,2005–14,umpd,1,5,0.6009480357170105
police,2005,2005–14,apprehended,1,5,0.5453697443008423
police,2005,2005–14,brymer,1,5,0.5439332127571106
police,2005,2005–14,procopio,1,5,0.5285146832466125
police,2005,2005–14,whittlesey,1,5,0.5227025747299194
police,2005,2005–14,nemlec,1,5,0.5172114968299866
police,2005,2005–14,bpd,1,5,0.517014741897583
police,2005,2005–14,vesay,1,5,0.5868867635726929
police,2005,2005–14,patrolmen,1,5,0.5850030183792114
police,2005,2005–14,psp,1,5,0.5838332772254944
police,2005,2005–14,constables,1,5,0.5742427110671997
police,2005,2005–14,tpr,1,5,0.562238335609436
police,2005,2005–14,rockview,1,5,0.5502465963363647
police,2005,2005–14,pittsfield,1,5,0.5322874188423157
police,2005,2005–14,clarendon,1,5,0.5279925465583801
police,2005,2005–14,papd,1,5,0.5634000301361084
police,2005,2005–14,nbpd,1,5,0.5385995507240295
police,2005,2005–14,cpd,1,5,0.5219541192054749
police,2005,2005–14,department,1,5,0.5168012976646423
police,2005,2005–14,porretto,1,5,0.5077597498893738
police,2005,2005–14,det,1,5,0.49476608633995056
police,2005,2005–14,pd,1,5,0.48894351720809937
police,2005,2005–14,sevey,1,5,0.48133185505867004
prosecutor,2005,2005–14,attorney,5,5,0.6263131141662598
prosecutor,2005,2005–14,prosecution,5,5,0.6148334503173828
prosecutor,2005,2005–14,prosecuting,4,5,0.5783032029867172
prosecutor,2005,2005–14,attorneys,3,5,0.5964277982711792
prosecutor,2005,2005–14,trial,3,5,0.5788867870966593
prosecutor,2005,2005–14,sentencing,3,5,0.5589287877082825
prosecutor,2005,2005–14,jurors,3,5,0.5608483950297037
prosecutor,2005,2005–14,jury,3,5,0.548150916894277
prosecutor,2005,2005–14,defendant,2,5,0.5728726089000702
prosecutor,2005,2005–14,judge,2,5,0.5529067516326904
prosecutor,2005,2005–14,prosecuted,2,5,0.5573864281177521
prosecutor,2005,2005–14,prosecute,2,5,0.5318290889263153
prosecutor,2005,2005–14,quatman,1,5,0.5932013988494873
prosecutor,2005,2005–14,baytieh,1,5,0.5814843773841858
prosecutor,2005,2005–14,plea,1,5,0.5771165490150452
prosecutor,2005,2005–14,covello,1,5,0.5609238147735596
prosecutor,2005,2005–14,retrial,1,5,0.5538985133171082
prosecutor,2005,2005–14,alcala,1,5,0.5630228519439697
prosecutor,2005,2005–14,canzano,1,5,0.5557830929756165
prosecutor,2005,2005–14,difiore,1,5,0.549273669719696
prosecutor,2005,2005–14,hoovler,1,5,0.5463178753852844
prosecutor,2005,2005–14,lawyer,1,5,0.5446957945823669
prosecutor,2005,2005–14,postmus,1,5,0.543822169303894
prosecutor,2005,2005–14,aretakis,1,5,0.5271537899971008
prosecutor,2005,2005–14,indictments,1,5,0.5851143002510071
prosecutor,2005,2005–14,dangerousness,1,5,0.5844860076904297
prosecutor,2005,2005–14,swomley,1,5,0.5721364617347717
prosecutor,2005,2005–14,treefon,1,5,0.565157413482666
prosecutor,2005,2005–14,blache,1,5,0.5630950927734375
prosecutor,2005,2005–14,racketeering,1,5,0.5595743656158447
prosecutor,2005,2005–14,bizanowicz,1,5,0.5552331209182739
prosecutor,2005,2005–14,degnan,1,5,0.554250955581665
prosecutor,2005,2005–14,capeless,1,5,0.549416720867157
prosecutor,2005,2005–14,pavlico,1,5,0.6029337048530579
prosecutor,2005,2005–14,fortson,1,5,0.5938556790351868
prosecutor,2005,2005–14,bomar,1,5,0.5887488722801208
prosecutor,2005,2005–14,consiglio,1,5,0.5799054503440857
prosecutor,2005,2005–14,case,1,5,0.5794804692268372
prosecutor,2005,2005–14,centini,1,5,0.574434757232666
prosecutor,2005,2005–14,alibi,1,5,0.5723069906234741
prosecutor,2005,2005–14,toprani,1,5,0.5706763863563538
prosecutor,2005,2005–14,selenski,1,5,0.5689361095428467
prosecutor,2005,2005–14,testify,1,5,0.5569471120834351
prosecutor,2005,2005–14,jarbola,1,5,0.5567724108695984
prosecutor,2005,2005–14,hasse,1,5,0.5801438093185425
prosecutor,2005,2005–14,tortorice,1,5,0.5701127648353577
prosecutor,2005,2005–14,recused,1,5,0.5435250401496887
prosecutor,2005,2005–14,felcman,1,5,0.5423274636268616
prosecutor,2005,2005–14,slayings,1,5,0.5301358103752136
prosecutor,2005,2005–14,lehmberg,1,5,0.5230315327644348
relatives,2005,2005–14,family,5,5,0.4358164370059967
relatives,2005,2005–14,friends,5,5,0.4310244143009186
relatives,2005,2005–14,mother,4,5,0.419343464076519
relatives,2005,2005–14,families,3,5,0.4146269162495931
relatives,2005,2005–14,cousins,3,5,0.4222612877686818
relatives,2005,2005–14,aunts,3,5,0.43423107266426086
relatives,2005,2005–14,aunt,2,5,0.4148094356060028
relatives,2005,2005–14,neighbors,2,5,0.4033919423818588
relatives,2005,2005–14,uncles,2,5,0.41214607656002045
relatives,2005,2005–14,grandmother,2,5,0.41904784739017487
relatives,2005,2005–14,victims,1,5,0.4445812702178955
relatives,2005,2005–14,hothi,1,5,0.42758989334106445
relatives,2005,2005–14,berridge,1,5,0.42738720774650574
relatives,2005,2005–14,carrigan,1,5,0.42684119939804077
relatives,2005,2005–14,parents,1,5,0.40867680311203003
relatives,2005,2005–14,brother,1,5,0.4068523049354553
relatives,2005,2005–14,keodara,1,5,0.4036601483821869
relatives,2005,2005–14,raygoza,1,5,0.3992500901222229
relatives,2005,2005–14,unaccounted,1,5,0.4887319505214691
relatives,2005,2005–14,boodram,1,5,0.40440842509269714
relatives,2005,2005–14,borukhova,1,5,0.4043774902820587
relatives,2005,2005–14,widowed,1,5,0.4024553894996643
relatives,2005,2005–14,grandmothers,1,5,0.3994661569595337
relatives,2005,2005–14,bereaved,1,5,0.3989289104938507
relatives,2005,2005–14,defeo,1,5,0.3988332450389862
relatives,2005,2005–14,maisie,1,5,0.3980858325958252
relatives,2005,2005–14,cousin,1,5,0.3978826701641083
relatives,2005,2005–14,kindly,1,5,0.40682366490364075
relatives,2005,2005–14,respectfully,1,5,0.39964544773101807
relatives,2005,2005–14,vazza,1,5,0.3784308135509491
relatives,2005,2005–14,staying,1,5,0.3727315068244934
relatives,2005,2005–14,acquaintances,1,5,0.3703753650188446
relatives,2005,2005–14,sibling,1,5,0.36966511607170105
relatives,2005,2005–14,conditioned,1,5,0.36783844232559204
relatives,2005,2005–14,grandnieces,1,5,0.3668949604034424
relatives,2005,2005–14,woodlawn,1,5,0.3636908233165741
relatives,2005,2005–14,blanchet,1,5,0.47354236245155334
relatives,2005,2005–14,adoptive,1,5,0.43509775400161743
relatives,2005,2005–14,higginbotham,1,5,0.4337441921234131
relatives,2005,2005–14,stepmother,1,5,0.4278363883495331
relatives,2005,2005–14,hagelgans,1,5,0.4220380187034607
relatives,2005,2005–14,molested,1,5,0.4198579788208008
relatives,2005,2005–14,galli,1,5,0.4186284840106964
relatives,2005,2005–14,carlesha,1,5,0.41578972339630127
relatives,2005,2005–14,nieces,1,5,0.4485962390899658
relatives,2005,2005–14,niece,1,5,0.440093457698822
relatives,2005,2005–14,nephews,1,5,0.4235721826553345
relatives,2005,2005–14,caretaker,1,5,0.41051799058914185
relatives,2005,2005–14,unnamed,1,5,0.3939551115036011
relatives,2005,2005–14,laverne,1,5,0.3878558576107025
relatives,2005,2005–14,withheld,1,5,0.3829624652862549
relatives,2005,2005–14,cemeteries,1,5,0.3823030889034271
relatives,2005,2005–14,nanny,1,5,0.38146480917930603
relatives,2005,2005–14,treasured,1,5,0.3789311349391937
secretary,2005,2005–14,treasurer,5,5,0.5220321714878082
secretary,2005,2005–14,president,4,5,0.47549452632665634
secretary,2005,2005–14,aide,3,5,0.43982064723968506
secretary,2005,2005–14,adviser,3,5,0.4488448401292165
secretary,2005,2005–14,vice,3,5,0.470034658908844
secretary,2005,2005–14,treasury,3,5,0.4693496326605479
secretary,2005,2005–14,aides,2,5,0.46520866453647614
secretary,2005,2005–14,representative,2,5,0.4397857189178467
secretary,2005,2005–14,administrations,2,5,0.4466000646352768
secretary,2005,2005–14,appointee,2,5,0.477309986948967
secretary,2005,2005–14,advisor,2,5,0.4352097064256668
secretary,2005,2005–14,chairman,2,5,0.40789878368377686
secretary,2005,2005–14,rumsfeld,1,5,0.5296291708946228
secretary,2005,2005–14,rodham,1,5,0.5085349082946777
secretary,2005,2005–14,kissinger,1,5,0.49889880418777466
secretary,2005,2005–14,solicitor,1,5,0.47552984952926636
secretary,2005,2005–14,representatives,1,5,0.4618454575538635
secretary,2005,2005–14,unrepresented,1,5,0.46028971672058105
secretary,2005,2005–14,legislator,1,5,0.4399796426296234
secretary,2005,2005–14,condoleezza,1,5,0.5419315695762634
secretary,2005,2005–14,impeachment,1,5,0.47625842690467834
secretary,2005,2005–14,assistant,1,5,0.4647802412509918
secretary,2005,2005–14,advisers,1,5,0.45669883489608765
secretary,2005,2005–14,udall,1,5,0.43411463499069214
secretary,2005,2005–14,geithner,1,5,0.4339277148246765
secretary,2005,2005–14,reelected,1,5,0.4334618151187897
secretary,2005,2005–14,executive,1,5,0.44907525181770325
secretary,2005,2005–14,weld,1,5,0.4399486184120178
secretary,2005,2005–14,receptionist,1,5,0.4201546609401703
secretary,2005,2005–14,secretarial,1,5,0.3964022099971771
secretary,2005,2005–14,heffernan,1,5,0.3949357569217682
secretary,2005,2005–14,postmaster,1,5,0.39052993059158325
secretary,2005,2005–14,office,1,5,0.38949617743492126
secretary,2005,2005–14,director,1,5,0.3869359493255615
secretary,2005,2005–14,bookkeeper,1,5,0.4941893517971039
secretary,2005,2005–14,committees,1,5,0.4820079207420349
secretary,2005,2005–14,oversee,1,5,0.47580474615097046
secretary,2005,2005–14,custodian,1,5,0.47110220789909363
secretary,2005,2005–14,teamsters,1,5,0.47038164734840393
secretary,2005,2005–14,phs,1,5,0.4667995572090149
secretary,2005,2005–14,neiu,1,5,0.4647870659828186
secretary,2005,2005–14,richman,1,5,0.46177446842193604
secretary,2005,2005–14,capacities,1,5,0.45689117908477783
secretary,2005,2005–14,supervise,1,5,0.4544942080974579
secretary,2005,2005–14,resignations,1,5,0.45182350277900696
secretary,2005,2005–14,subcommittee,1,5,0.4494762718677521
secretary,2005,2005–14,parliamentarian,1,5,0.4344610869884491
secretary,2005,2005–14,regent,1,5,0.43438920378685
secretary,2005,2005–14,corresponding,1,5,0.41385775804519653
secretary,2005,2005–14,chairperson,1,5,0.411541223526001
secretary,2005,2005–14,liaison,1,5,0.4038189947605133
secretary,2005,2005–14,chaired,1,5,0.4008212387561798
secretary,2005,2005–14,lulac,1,5,0.3898750841617584
secretary,2005,2005–14,sis,1,5,0.38913485407829285
siblings,2005,2005–14,sister,5,5,0.5601413428783417
siblings,2005,2005–14,brother,5,5,0.5626710176467895
siblings,2005,2005–14,mother,5,5,0.5446079075336456
siblings,2005,2005–14,sisters,5,5,0.5250776171684265
siblings,2005,2005–14,parents,5,5,0.5227973520755768
siblings,2005,2005–14,children,4,5,0.5232783257961273
siblings,2005,2005–14,stepchildren,3,5,0.4919864336649577
siblings,2005,2005–14,stepmother,3,5,0.510649581750234
siblings,2005,2005–14,eldest,2,5,0.5290412604808807
siblings,2005,2005–14,daughter,2,5,0.5126574486494064
siblings,2005,2005–14,brothers,2,5,0.5087791383266449
siblings,2005,2005–14,stepfather,2,5,0.4783906191587448
siblings,2005,2005–14,remarried,2,5,0.5112836211919785
siblings,2005,2005–14,adoptive,2,5,0.5155865699052811
siblings,2005,2005–14,father,1,5,0.5256646871566772
siblings,2005,2005–14,daughters,1,5,0.5230348110198975
siblings,2005,2005–14,cousins,1,5,0.5127229690551758
siblings,2005,2005–14,youngest,1,5,0.5059189796447754
siblings,2005,2005–14,sons,1,5,0.4965360462665558
siblings,2005,2005–14,aunts,1,5,0.5282797813415527
siblings,2005,2005–14,son,1,5,0.5065546035766602
siblings,2005,2005–14,doting,1,5,0.5064834356307983
siblings,2005,2005–14,grandparents,1,5,0.4983585476875305
siblings,2005,2005–14,uncles,1,5,0.4819755554199219
siblings,2005,2005–14,nephew,1,5,0.4804497957229614
siblings,2005,2005–14,stepdaughter,1,5,0.4780764579772949
siblings,2005,2005–14,granddaughters,1,5,0.47473815083503723
siblings,2005,2005–14,martino,1,5,0.4978142976760864
siblings,2005,2005–14,shatford,1,5,0.4921827018260956
siblings,2005,2005–14,widowed,1,5,0.48022180795669556
siblings,2005,2005–14,moccia,1,5,0.47789278626441956
siblings,2005,2005–14,husband,1,5,0.4767412543296814
siblings,2005,2005–14,niece,1,5,0.4743378460407257
siblings,2005,2005–14,lola,1,5,0.4995352327823639
siblings,2005,2005–14,husbands,1,5,0.49923112988471985
siblings,2005,2005–14,leonhardt,1,5,0.46588224172592163
siblings,2005,2005–14,frankhouser,1,5,0.46045395731925964
siblings,2005,2005–14,adulthood,1,5,0.5294522643089294
siblings,2005,2005–14,heinrich,1,5,0.5171259045600891
siblings,2005,2005–14,jillian,1,5,0.4930925667285919
siblings,2005,2005–14,older,1,5,0.48959070444107056
siblings,2005,2005–14,molested,1,5,0.4819970726966858
soldier,2005,2005–14,army,5,5,0.5291244745254516
soldier,2005,2005–14,iraq,5,5,0.5521873950958252
soldier,2005,2005–14,servicemen,5,5,0.5488855242729187
soldier,2005,2005–14,troops,5,5,0.5407855391502381
soldier,2005,2005–14,military,5,5,0.5137873947620392
soldier,2005,2005–14,afghanistan,4,5,0.5146119445562363
soldier,2005,2005–14,marines,4,5,0.5250033885240555
soldier,2005,2005–14,infantry,3,5,0.5162424842516581
soldier,2005,2005–14,war,3,5,0.5112409790356954
soldier,2005,2005–14,pows,2,5,0.530751571059227
soldier,2005,2005–14,iraqis,2,5,0.5101571977138519
soldier,2005,2005–14,confederate,2,5,0.5025794804096222
soldier,2005,2005–14,civilians,2,5,0.497993066906929
soldier,2005,2005–14,battlefield,2,5,0.5089515596628189
soldier,2005,2005–14,artillery,2,5,0.47650285065174103
soldier,2005,2005–14,vietnam,2,5,0.4882802218198776
soldier,2005,2005–14,medic,2,5,0.4967077821493149
soldier,2005,2005–14,paratrooper,1,5,0.5610365271568298
soldier,2005,2005–14,fallujah,1,5,0.5449317693710327
soldier,2005,2005–14,insurgents,1,5,0.534316897392273
soldier,2005,2005–14,guadalcanal,1,5,0.5204485058784485
soldier,2005,2005–14,honick,1,5,0.5147253274917603
soldier,2005,2005–14,anbar,1,5,0.48904144763946533
soldier,2005,2005–14,idf,1,5,0.4776553213596344
soldier,2005,2005–14,gunner,1,5,0.4768858551979065
soldier,2005,2005–14,iwo,1,5,0.5036595463752747
soldier,2005,2005–14,jima,1,5,0.49220335483551025
soldier,2005,2005–14,comrades,1,5,0.544783890247345
soldier,2005,2005–14,cavalry,1,5,0.5432662963867188
soldier,2005,2005–14,heroism,1,5,0.5353854894638062
soldier,2005,2005–14,airmen,1,5,0.492093026638031
soldier,2005,2005–14,remagen,1,5,0.4820263683795929
soldier,2005,2005–14,platoon,1,5,0.5697008371353149
soldier,2005,2005–14,regiment,1,5,0.5258073806762695
soldier,2005,2005–14,stumpf,1,5,0.5235117077827454
soldier,2005,2005–14,brigade,1,5,0.515693187713623
soldier,2005,2005–14,spc,1,5,0.5109806656837463
surgeon,2005,2005–14,orthopedic,5,5,0.6435797095298768
surgeon,2005,2005–14,surgery,5,5,0.5941858768463135
surgeon,2005,2005–14,surgical,5,5,0.5424982666969299
surgeon,2005,2005–14,doctors,4,5,0.5407338812947273
surgeon,2005,2005–14,anesthesia,3,5,0.5518363118171692
surgeon,2005,2005–14,pediatric,3,5,0.5396930575370789
surgeon,2005,2005–14,doctor,2,5,0.5692126154899597
surgeon,2005,2005–14,neurosurgery,2,5,0.5420127511024475
surgeon,2005,2005–14,neurosurgeon,2,5,0.5751256346702576
surgeon,2005,2005–14,physician,2,5,0.5388314425945282
surgeon,2005,2005–14,vascular,2,5,0.5962080657482147
surgeon,2005,2005–14,cardiology,2,5,0.5821020603179932
surgeon,2005,2005–14,neurology,2,5,0.570721834897995
surgeon,2005,2005–14,obstetrics,2,5,0.5760057270526886
surgeon,2005,2005–14,oncology,2,5,0.5495213866233826
surgeon,2005,2005–14,physicians,2,5,0.510841578245163
surgeon,2005,2005–14,ophthalmology,1,5,0.5818349719047546
surgeon,2005,2005–14,reconstructive,1,5,0.5767228603363037
surgeon,2005,2005–14,orthopedics,1,5,0.5733691453933716
surgeon,2005,2005–14,poa,1,5,0.5514887571334839
surgeon,2005,2005–14,urology,1,5,0.5301320552825928
surgeon,2005,2005–14,gynecology,1,5,0.5867982506752014
surgeon,2005,2005–14,nsuh,1,5,0.564728856086731
surgeon,2005,2005–14,anesthesiology,1,5,0.5613335371017456
surgeon,2005,2005–14,implant,1,5,0.5599144101142883
surgeon,2005,2005–14,pulmonary,1,5,0.5598862767219543
surgeon,2005,2005–14,minimally,1,5,0.5596726536750793
surgeon,2005,2005–14,azmat,1,5,0.5115352272987366
surgeon,2005,2005–14,transplantation,1,5,0.5013353228569031
surgeon,2005,2005–14,practitioner,1,5,0.49154502153396606
surgeon,2005,2005–14,mgh,1,5,0.4890943467617035
surgeon,2005,2005–14,hospital,1,5,0.48495692014694214
surgeon,2005,2005–14,pediatrics,1,5,0.5688060522079468
surgeon,2005,2005–14,radiology,1,5,0.5597010254859924
surgeon,2005,2005–14,obstetrician,1,5,0.5562625527381897
surgeon,2005,2005–14,ultrasound,1,5,0.553087592124939
surgeon,2005,2005–14,weiner,1,5,0.5526264309883118
surgeon,2005,2005–14,ob,1,5,0.5322991013526917
surgeon,2005,2005–14,cardiovascular,1,5,0.5302428007125854
surgeon,2005,2005–14,spine,1,5,0.604804515838623
surgeon,2005,2005–14,saridena,1,5,0.5496358275413513
surgeon,2005,2005–14,biopsy,1,5,0.5496141910552979
surgeon,2005,2005–14,duntsch,1,5,0.5454586744308472
surgeon,2005,2005–14,spinal,1,5,0.5404385924339294
surgeon,2005,2005–14,neurological,1,5,0.53830885887146
surgeon,2005,2005–14,gottschalk,1,5,0.5351669788360596
veterinarian,2005,2005–14,veterinary,5,5,0.5583320558071136
veterinarian,2005,2005–14,animal,4,5,0.47619805485010147
veterinarian,2005,2005–14,euthanized,3,5,0.46427082022031146
veterinarian,2005,2005–14,spay,2,5,0.5342746675014496
veterinarian,2005,2005–14,anesthesia,2,5,0.519929975271225
veterinarian,2005,2005–14,neuter,2,5,0.503282904624939
veterinarian,2005,2005–14,animals,2,5,0.46790455281734467
veterinarian,2005,2005–14,rabies,2,5,0.46884483098983765
veterinarian,2005,2005–14,equine,2,5,0.4415574371814728
veterinarian,2005,2005–14,pediatrician,2,5,0.41685231029987335
veterinarian,2005,2005–14,physician,2,5,0.40529973804950714
veterinarian,2005,2005–14,vaccinations,1,5,0.55446457862854
veterinarian,2005,2005–14,gyn,1,5,0.5245123505592346
veterinarian,2005,2005–14,vaccination,1,5,0.506837785243988
veterinarian,2005,2005–14,pet,1,5,0.4867948293685913
veterinarian,2005,2005–14,gratteau,1,5,0.4867174029350281
veterinarian,2005,2005–14,cardiologist,1,5,0.4864944815635681
veterinarian,2005,2005–14,neutering,1,5,0.47881120443344116
veterinarian,2005,2005–14,spayed,1,5,0.47847357392311096
veterinarian,2005,2005–14,vaccinated,1,5,0.4778195023536682
veterinarian,2005,2005–14,neutered,1,5,0.5394603610038757
veterinarian,2005,2005–14,cats,1,5,0.5157813429832458
veterinarian,2005,2005–14,spca,1,5,0.5060459971427917
veterinarian,2005,2005–14,yoder,1,5,0.5049604177474976
veterinarian,2005,2005–14,emaciated,1,5,0.49654433131217957
veterinarian,2005,2005–14,diagnose,1,5,0.49390560388565063
veterinarian,2005,2005–14,lollypop,1,5,0.4936021566390991
veterinarian,2005,2005–14,pomeranian,1,5,0.48940297961235046
veterinarian,2005,2005–14,riva,1,5,0.5033922791481018
veterinarian,2005,2005–14,trapani,1,5,0.49763020873069763
veterinarian,2005,2005–14,breeder,1,5,0.45961445569992065
veterinarian,2005,2005–14,saffran,1,5,0.4546928107738495
veterinarian,2005,2005–14,knott,1,5,0.43680939078330994
veterinarian,2005,2005–14,squirrel,1,5,0.41927292943000793
veterinarian,2005,2005–14,practitioner,1,5,0.4141453802585602
veterinarian,2005,2005–14,livestock,1,5,0.40907642245292664
veterinarian,2005,2005–14,majewski,1,5,0.4070737361907959
veterinarian,2005,2005–14,chiropractic,1,5,0.4725228250026703
veterinarian,2005,2005–14,stoney,1,5,0.439741313457489
veterinarian,2005,2005–14,pup,1,5,0.43927592039108276
veterinarian,2005,2005–14,biologists,1,5,0.4333961009979248
veterinarian,2005,2005–14,harthorn,1,5,0.422387033700943
veterinarian,2005,2005–14,feces,1,5,0.41910821199417114
veterinarian,2005,2005–14,doctor,1,5,0.409790575504303
veterinarian,2005,2005–14,handlers,1,5,0.39795586466789246
veterinarian,2005,2005–14,mange,1,5,0.387646347284317
veterinarian,2005,2005–14,saridena,1,5,0.45728135108947754
veterinarian,2005,2005–14,puppies,1,5,0.4385695457458496
veterinarian,2005,2005–14,vet,1,5,0.4336322844028473
veterinarian,2005,2005–14,orthopedic,1,5,0.4296375811100006
veterinarian,2005,2005–14,schreibvogel,1,5,0.42802882194519043
veterinarian,2005,2005–14,surgeon,1,5,0.4142377972602844
veterinarian,2005,2005–14,pediatric,1,5,0.4105353057384491
veterinarian,2005,2005–14,kirken,1,5,0.40861570835113525
veterinarian,2005,2005–14,ppi,1,5,0.4043441116809845
veterinarian,2005,2005–14,dentist,1,5,0.3966553509235382
veterinarian,2005,2005–14,breeders,1,5,0.39145222306251526
veterinarian,2005,2005–14,chimp,1,5,0.3910869061946869
accountant,2010,2010–19,cpa,5,5,0.5308689117431641
accountant,2010,2010–19,accounting,4,5,0.4702765420079231
accountant,2010,2010–19,certified,3,5,0.4958348572254181
accountant,2010,2010–19,bookkeeper,3,5,0.42037177085876465
accountant,2010,2010–19,llp,3,5,0.430424044529597
accountant,2010,2010–19,lawyers,2,5,0.4456643909215927
accountant,2010,2010–19,auditor,2,5,0.43080227077007294
accountant,2010,2010–19,bankers,2,5,0.43326784670352936
accountant,2010,2010–19,forensic,1,5,0.4630391001701355
accountant,2010,2010–19,notary,1,5,0.44938936829566956
accountant,2010,2010–19,lawyer,1,5,0.43370693922042847
accountant,2010,2010–19,overpaid,1,5,0.4237077236175537
accountant,2010,2010–19,audited,1,5,0.423332542181015
accountant,2010,2010–19,bookkeeping,1,5,0.42243823409080505
accountant,2010,2010–19,consulting,1,5,0.41896089911460876
accountant,2010,2010–19,hired,1,5,0.418518990278244
accountant,2010,2010–19,attorneys,1,5,0.41793397068977356
accountant,2010,2010–19,cpas,1,5,0.51795893907547
accountant,2010,2010–19,auditing,1,5,0.4468659460544586
accountant,2010,2010–19,hiscock,1,5,0.445017546415329
accountant,2010,2010–19,accredited,1,5,0.44095611572265625
accountant,2010,2010–19,marcum,1,5,0.43221020698547363
accountant,2010,2010–19,napier,1,5,0.42378854751586914
accountant,2010,2010–19,trainee,1,5,0.4172073304653168
accountant,2010,2010–19,brokerage,1,5,0.49994194507598877
accountant,2010,2010–19,procurement,1,5,0.48256638646125793
accountant,2010,2010–19,szerencsits,1,5,0.4627397060394287
accountant,2010,2010–19,forklift,1,5,0.45810365676879883
accountant,2010,2010–19,sector,1,5,0.4557710289955139
accountant,2010,2010–19,orthopaedic,1,5,0.447302907705307
accountant,2010,2010–19,geriatric,1,5,0.4465669095516205
accountant,2010,2010–19,paralegal,1,5,0.4419993460178375
accountant,2010,2010–19,firm,1,5,0.44026854634284973
accountant,2010,2010–19,practitioner,1,5,0.4364825487136841
accountant,2010,2010–19,receptionist,1,5,0.4581299126148224
accountant,2010,2010–19,amstutz,1,5,0.4290359914302826
accountant,2010,2010–19,guzman,1,5,0.4271755516529083
accountant,2010,2010–19,electrician,1,5,0.40290287137031555
accountant,2010,2010–19,juris,1,5,0.402624249458313
accountant,2010,2010–19,gernert,1,5,0.4020739495754242
accountant,2010,2010–19,appleton,1,5,0.39614319801330566
accountant,2010,2010–19,damman,1,5,0.3916766047477722
accountant,2010,2010–19,garnishment,1,5,0.39130091667175293
accountant,2010,2010–19,lpn,1,5,0.3904055953025818
accountant,2010,2010–19,machinist,1,5,0.3892587125301361
accountant,2010,2010–19,gyn,1,5,0.38881349563598633
accountant,2010,2010–19,langdon,1,5,0.4043390452861786
accountant,2010,2010–19,solicitor,1,5,0.40238669514656067
accountant,2010,2010–19,worked,1,5,0.38883036375045776
accountant,2010,2010–19,oilman,1,5,0.38025912642478943
accountant,2010,2010–19,consultant,1,5,0.37932637333869934
accountant,2010,2010–19,virdell,1,5,0.3766880929470062
accountant,2010,2010–19,greenhill,1,5,0.37388938665390015
accountant,2010,2010–19,miriam,1,5,0.3736938238143921
accountant,2010,2010–19,controller,1,5,0.37299710512161255
accountant,2010,2010–19,staffs,1,5,0.3719426691532135
accountant,2010,2010–19,advisors,1,5,0.3700670301914215
accountant,2010,2010–19,budgeting,1,5,0.3698202967643738
accountant,2010,2010–19,sissy,1,5,0.3580126464366913
attendant,2010,2010–19,flight,4,5,0.47480936348438263
attendant,2010,2010–19,passengers,4,5,0.4359625056385994
attendant,2010,2010–19,airlines,2,5,0.43367013335227966
attendant,2010,2010–19,luggage,2,5,0.42246879637241364
attendant,2010,2010–19,pilots,1,5,0.42190486192703247
attendant,2010,2010–19,hostess,1,5,0.40594834089279175
attendant,2010,2010–19,braniff,1,5,0.40505343675613403
attendant,2010,2010–19,lgb,1,5,0.40179726481437683
attendant,2010,2010–19,airline,1,5,0.40098124742507935
attendant,2010,2010–19,cashiers,1,5,0.3980012834072113
attendant,2010,2010–19,waiter,1,5,0.3977166414260864
attendant,2010,2010–19,hostesses,1,5,0.3926185667514801
attendant,2010,2010–19,valet,1,5,0.38277751207351685
attendant,2010,2010–19,woman,1,5,0.38265490531921387
attendant,2010,2010–19,busboy,1,5,0.3807600140571594
attendant,2010,2010–19,driver,1,5,0.4495859742164612
attendant,2010,2010–19,blasko,1,5,0.44378599524497986
attendant,2010,2010–19,tarmac,1,5,0.4229549467563629
attendant,2010,2010–19,lidge,1,5,0.4114011228084564
attendant,2010,2010–19,bus,1,5,0.4022623300552368
attendant,2010,2010–19,allegiant,1,5,0.39554136991500854
attendant,2010,2010–19,massimo,1,5,0.39537230134010315
attendant,2010,2010–19,sullenberger,1,5,0.393497496843338
attendant,2010,2010–19,lifenet,1,5,0.3906714618206024
attendant,2010,2010–19,greyhound,1,5,0.38786581158638
attendant,2010,2010–19,passenger,1,5,0.38694989681243896
attendant,2010,2010–19,colgan,1,5,0.3784102499485016
attendant,2010,2010–19,sully,1,5,0.43403947353363037
attendant,2010,2010–19,minier,1,5,0.4130614399909973
attendant,2010,2010–19,hamelin,1,5,0.4105302095413208
attendant,2010,2010–19,aboard,1,5,0.4048418402671814
attendant,2010,2010–19,mingora,1,5,0.4008682668209076
attendant,2010,2010–19,extricate,1,5,0.3994014263153076
attendant,2010,2010–19,whisked,1,5,0.398200660943985
attendant,2010,2010–19,sitter,1,5,0.3944941759109497
attendant,2010,2010–19,pensacola,1,5,0.3933262228965759
attendant,2010,2010–19,crew,1,5,0.3861960470676422
attendant,2010,2010–19,kallerson,1,5,0.3838544487953186
attendant,2010,2010–19,stairway,1,5,0.3826752007007599
attendant,2010,2010–19,escort,1,5,0.5000231266021729
attendant,2010,2010–19,carlie,1,5,0.4703577160835266
attendant,2010,2010–19,makenna,1,5,0.46543100476264954
attendant,2010,2010–19,jana,1,5,0.45926156640052795
attendant,2010,2010–19,andi,1,5,0.45424023270606995
attendant,2010,2010–19,laney,1,5,0.4533988833427429
attendant,2010,2010–19,rylee,1,5,0.4503759443759918
attendant,2010,2010–19,eggleton,1,5,0.4498322308063507
attendant,2010,2010–19,leupp,1,5,0.44609299302101135
attendant,2010,2010–19,whiteside,1,5,0.4434903562068939
attendant,2010,2010–19,ashlyn,1,5,0.43860772252082825
attendant,2010,2010–19,noelle,1,5,0.43806886672973633
attendant,2010,2010–19,madalyn,1,5,0.43643131852149963
attendant,2010,2010–19,myah,1,5,0.43597638607025146
attendant,2010,2010–19,jaelyn,1,5,0.43546509742736816
attendant,2010,2010–19,maids,1,5,0.49366554617881775
attendant,2010,2010–19,paulus,1,5,0.4851192235946655
attendant,2010,2010–19,counters,1,5,0.445557177066803
attendant,2010,2010–19,maid,1,5,0.4388517141342163
attendant,2010,2010–19,hijacked,1,5,0.43548399209976196
attendant,2010,2010–19,bridesmaids,1,5,0.43408751487731934
attendant,2010,2010–19,chatted,1,5,0.42777493596076965
attendant,2010,2010–19,matron,1,5,0.4276133179664612
attendant,2010,2010–19,phoned,1,5,0.42165687680244446
attendant,2010,2010–19,motorcade,1,5,0.41778799891471863
attendant,2010,2010–19,departing,1,5,0.41591694951057434
attendant,2010,2010–19,simental,1,5,0.4119234085083008
attendant,2010,2010–19,peonies,1,5,0.4096590280532837
attorney,2010,2010–19,lawyer,5,5,0.6208931684494019
attorney,2010,2010–19,lawyers,5,5,0.6099958658218384
attorney,2010,2010–19,prosecutor,5,5,0.6014271736145019
attorney,2010,2010–19,prosecutors,4,5,0.5726356953382492
attorney,2010,2010–19,prosecution,4,5,0.5630714148283005
attorney,2010,2010–19,prosecuting,4,5,0.5754858404397964
attorney,2010,2010–19,counsel,3,5,0.6112190882364908
attorney,2010,2010–19,judge,3,5,0.5697898467381796
attorney,2010,2010–19,prosecuted,3,5,0.5465714534123739
attorney,2010,2010–19,litigator,2,5,0.5673463642597198
attorney,2010,2010–19,prosecutorial,2,5,0.563291609287262
attorney,2010,2010–19,eyster,1,5,0.6480444073677063
attorney,2010,2010–19,yanny,1,5,0.6004608869552612
attorney,2010,2010–19,pricewaterhouse,1,5,0.5825304985046387
attorney,2010,2010–19,plaintiffs,1,5,0.5794216394424438
attorney,2010,2010–19,deputy,1,5,0.5762969255447388
attorney,2010,2010–19,sarsfield,1,5,0.5724697709083557
attorney,2010,2010–19,doumanian,1,5,0.5720278024673462
attorney,2010,2010–19,kasowitz,1,5,0.5653707981109619
attorney,2010,2010–19,arcara,1,5,0.5585457682609558
attorney,2010,2010–19,hutcher,1,5,0.5447626709938049
attorney,2010,2010–19,canzano,1,5,0.5411251783370972
attorney,2010,2010–19,consiglio,1,5,0.6053593754768372
attorney,2010,2010–19,fannick,1,5,0.5878090262413025
attorney,2010,2010–19,preate,1,5,0.5857266187667847
attorney,2010,2010–19,disalle,1,5,0.5758774280548096
attorney,2010,2010–19,molek,1,5,0.5734685063362122
attorney,2010,2010–19,kiniry,1,5,0.5698594450950623
attorney,2010,2010–19,shargel,1,5,0.5611659288406372
attorney,2010,2010–19,vetri,1,5,0.5466824173927307
attorney,2010,2010–19,bortner,1,5,0.5458812117576599
attorney,2010,2010–19,scarsella,1,5,0.5583845973014832
attorney,2010,2010–19,testify,1,5,0.5439065098762512
attorney,2010,2010–19,armengau,1,5,0.5374547839164734
attorney,2010,2010–19,rolf,1,5,0.5338876843452454
attorney,2010,2010–19,ruehlman,1,5,0.5309550166130066
attorney,2010,2010–19,galvez,1,5,0.5208600163459778
attorney,2010,2010–19,wolaver,1,5,0.5130006074905396
attorney,2010,2010–19,llp,1,5,0.5101656317710876
attorney,2010,2010–19,recused,1,5,0.6182511448860168
attorney,2010,2010–19,ellisor,1,5,0.560279130935669
attorney,2010,2010–19,quisenberry,1,5,0.5424686670303345
attorney,2010,2010–19,prosecute,1,5,0.5341281890869141
attorney,2010,2010–19,snipes,1,5,0.526111900806427
attorney,2010,2010–19,case,1,5,0.5242040753364563
attorney,2010,2010–19,felcman,1,5,0.515917181968689
author,2010,2010–19,authored,5,5,0.4881744205951691
author,2010,2010–19,book,5,5,0.5464361906051636
author,2010,2010–19,nonfiction,4,5,0.5251925066113472
author,2010,2010–19,novels,4,5,0.48824945092201233
author,2010,2010–19,novelist,4,5,0.48851288855075836
author,2010,2010–19,bestselling,3,5,0.5166638294855753
author,2010,2010–19,books,3,5,0.5133461157480875
author,2010,2010–19,written,2,5,0.4619825929403305
author,2010,2010–19,memoir,2,5,0.47052542865276337
author,2010,2010–19,writings,2,5,0.4579238146543503
author,2010,2010–19,novel,2,5,0.46388964354991913
author,2010,2010–19,scholarly,2,5,0.4776735007762909
author,2010,2010–19,illustrator,2,5,0.4769495874643326
author,2010,2010–19,biographies,2,5,0.4663819819688797
author,2010,2010–19,phd,1,5,0.536659836769104
author,2010,2010–19,glantz,1,5,0.5347540974617004
author,2010,2010–19,plos,1,5,0.5233370661735535
author,2010,2010–19,epel,1,5,0.5135809779167175
author,2010,2010–19,md,1,5,0.5089382529258728
author,2010,2010–19,zavaleta,1,5,0.49020856618881226
author,2010,2010–19,postdoctoral,1,5,0.4900954067707062
author,2010,2010–19,coauthors,1,5,0.485522598028183
author,2010,2010–19,scd,1,5,0.48402178287506104
author,2010,2010–19,derisi,1,5,0.48272913694381714
author,2010,2010–19,epidemiology,1,5,0.4760885238647461
author,2010,2010–19,study,1,5,0.4716949164867401
author,2010,2010–19,writing,1,5,0.46943578124046326
author,2010,2010–19,unpublished,1,5,0.4547918438911438
author,2010,2010–19,hardcover,1,5,0.44842323660850525
author,2010,2010–19,farfaglia,1,5,0.4480896592140198
author,2010,2010–19,anthologies,1,5,0.44165724515914917
author,2010,2010–19,researcher,1,5,0.48000702261924744
author,2010,2010–19,lecturer,1,5,0.4799548089504242
author,2010,2010–19,historian,1,5,0.4781961441040039
author,2010,2010–19,blogger,1,5,0.4513922333717346
author,2010,2010–19,playwright,1,5,0.5244561433792114
author,2010,2010–19,bestseller,1,5,0.5123836994171143
author,2010,2010–19,rowling,1,5,0.473590224981308
author,2010,2010–19,autobiographical,1,5,0.46935755014419556
author,2010,2010–19,haygood,1,5,0.46816933155059814
author,2010,2010–19,byline,1,5,0.5362842679023743
author,2010,2010–19,crockford,1,5,0.48913517594337463
author,2010,2010–19,rumbley,1,5,0.48044976592063904
author,2010,2010–19,journals,1,5,0.46803897619247437
author,2010,2010–19,satirical,1,5,0.46747905015945435
author,2010,2010–19,hemingway,1,5,0.450177937746048
author,2010,2010–19,essays,1,5,0.4454241991043091
baby,2010,2010–19,newborn,5,5,0.5551607370376587
baby,2010,2010–19,infants,5,5,0.500984400510788
baby,2010,2010–19,infant,5,5,0.495558500289917
baby,2010,2010–19,birth,4,5,0.4944397434592247
baby,2010,2010–19,pregnant,4,5,0.4897487461566925
baby,2010,2010–19,diapers,4,5,0.49017365276813507
baby,2010,2010–19,womb,3,5,0.5064879357814789
baby,2010,2010–19,premature,3,5,0.48257453242937726
baby,2010,2010–19,pregnancies,2,5,0.4753861278295517
baby,2010,2010–19,mothers,2,5,0.48075543344020844
baby,2010,2010–19,newborns,2,5,0.5192967057228088
baby,2010,2010–19,nicu,2,5,0.5329887866973877
baby,2010,2010–19,pups,2,5,0.49036218225955963
baby,2010,2010–19,unborn,2,5,0.4867035299539566
baby,2010,2010–19,expectant,1,5,0.518541157245636
baby,2010,2010–19,fawns,1,5,0.5050876140594482
baby,2010,2010–19,quadruplets,1,5,0.48712190985679626
baby,2010,2010–19,colic,1,5,0.4847816824913025
baby,2010,2010–19,cradling,1,5,0.48095446825027466
baby,2010,2010–19,child,1,5,0.4809189438819885
baby,2010,2010–19,girl,1,5,0.4784754514694214
baby,2010,2010–19,spina,1,5,0.47840040922164917
baby,2010,2010–19,litters,1,5,0.4734388291835785
baby,2010,2010–19,goats,1,5,0.4722793698310852
baby,2010,2010–19,boomers,1,5,0.4588061571121216
baby,2010,2010–19,hamster,1,5,0.45680853724479675
baby,2010,2010–19,strollers,1,5,0.45360302925109863
baby,2010,2010–19,mommy,1,5,0.4491930305957794
baby,2010,2010–19,crib,1,5,0.5077385902404785
baby,2010,2010–19,pregnancy,1,5,0.5069009065628052
baby,2010,2010–19,diaper,1,5,0.4894707202911377
baby,2010,2010–19,mayson,1,5,0.4748366177082062
baby,2010,2010–19,neonatal,1,5,0.5432609915733337
baby,2010,2010–19,giraffe,1,5,0.517159640789032
baby,2010,2010–19,manger,1,5,0.49139896035194397
baby,2010,2010–19,calves,1,5,0.4848465919494629
baby,2010,2010–19,methadone,1,5,0.45686498284339905
baby,2010,2010–19,nas,1,5,0.4448034167289734
baby,2010,2010–19,surrogate,1,5,0.43510863184928894
baby,2010,2010–19,breyla,1,5,0.5157387852668762
baby,2010,2010–19,kitten,1,5,0.503136396408081
baby,2010,2010–19,kittens,1,5,0.4895111918449402
baby,2010,2010–19,toddlers,1,5,0.4783000946044922
baby,2010,2010–19,camel,1,5,0.46839603781700134
biologist,2010,2010–19,wildlife,5,5,0.6083083748817444
biologist,2010,2010–19,fisheries,5,5,0.6049750924110413
biologist,2010,2010–19,species,4,5,0.5338898301124573
biologist,2010,2010–19,mammals,3,5,0.546100934346517
biologist,2010,2010–19,freshwater,3,5,0.5407444636027018
biologist,2010,2010–19,fish,2,5,0.538268119096756
biologist,2010,2010–19,organisms,2,5,0.5435234010219574
biologist,2010,2010–19,reptiles,2,5,0.5589430928230286
biologist,2010,2010–19,smallmouth,2,5,0.5582840442657471
biologist,2010,2010–19,ecologist,1,5,0.6227575540542603
biologist,2010,2010–19,estuarine,1,5,0.560301661491394
biologist,2010,2010–19,wilmers,1,5,0.5593268275260925
biologist,2010,2010–19,seabirds,1,5,0.5560784339904785
biologist,2010,2010–19,kudela,1,5,0.5498258471488953
biologist,2010,2010–19,paleontologist,1,5,0.5408567786216736
biologist,2010,2010–19,seabird,1,5,0.5335043668746948
biologist,2010,2010–19,murrelet,1,5,0.5307816863059998
biologist,2010,2010–19,sikich,1,5,0.5283468961715698
biologist,2010,2010–19,scientist,1,5,0.5254679322242737
biologist,2010,2010–19,vertebrate,1,5,0.5242947936058044
biologist,2010,2010–19,invertebrate,1,5,0.5231418609619141
biologist,2010,2010–19,ornithology,1,5,0.5846755504608154
biologist,2010,2010–19,paddlefish,1,5,0.5398682951927185
biologist,2010,2010–19,pheasants,1,5,0.5357123613357544
biologist,2010,2010–19,migratory,1,5,0.5270928740501404
biologist,2010,2010–19,grouse,1,5,0.5259659886360168
biologist,2010,2010–19,schiavone,1,5,0.5143387913703918
biologist,2010,2010–19,naturalist,1,5,0.5089836716651917
biologist,2010,2010–19,woolly,1,5,0.5089157819747925
biologist,2010,2010–19,eab,1,5,0.5055897831916809
biologist,2010,2010–19,fishery,1,5,0.6471128463745117
biologist,2010,2010–19,amphibians,1,5,0.5633889436721802
biologist,2010,2010–19,gobies,1,5,0.5436805486679077
biologist,2010,2010–19,pfbc,1,5,0.5365724563598633
biologist,2010,2010–19,entomology,1,5,0.5292566418647766
biologist,2010,2010–19,angling,1,5,0.5264691710472107
biologist,2010,2010–19,pathogens,1,5,0.5159815549850464
biologist,2010,2010–19,popescu,1,5,0.6767790913581848
biologist,2010,2010–19,prange,1,5,0.668007493019104
biologist,2010,2010–19,snails,1,5,0.5767970085144043
biologist,2010,2010–19,westerfield,1,5,0.5682883858680725
biologist,2010,2010–19,mussels,1,5,0.5623241662979126
biologist,2010,2010–19,emmert,1,5,0.5610069036483765
biologist,2010,2010–19,muskie,1,5,0.5547069311141968
biologist,2010,2010–19,geological,1,5,0.5531387329101562
biologist,2010,2010–19,insect,1,5,0.547623336315155
biologist,2010,2010–19,bacterial,1,5,0.5423076748847961
biologist,2010,2010–19,tpwd,1,5,0.5989534854888916
biologist,2010,2010–19,ecosystems,1,5,0.5870298743247986
biologist,2010,2010–19,salvinia,1,5,0.5777765512466431
biologist,2010,2010–19,reefs,1,5,0.5665298700332642
biologist,2010,2010–19,waterfowl,1,5,0.5622309446334839
biologist,2010,2010–19,lizards,1,5,0.5550727844238281
biologist,2010,2010–19,ecology,1,5,0.5527399182319641
biologist,2010,2010–19,mammal,1,5,0.546186089515686
biologist,2010,2010–19,marshes,1,5,0.5435134172439575
broker,2010,2010–19,brokerage,5,5,0.570658016204834
broker,2010,2010–19,estate,5,5,0.5628617882728577
broker,2010,2010–19,real,3,5,0.4707103967666626
broker,2010,2010–19,lender,3,5,0.49540141224861145
broker,2010,2010–19,investor,3,5,0.4985256791114807
broker,2010,2010–19,cbre,2,5,0.528662919998169
broker,2010,2010–19,coldwell,2,5,0.5068126022815704
broker,2010,2010–19,realty,2,5,0.4802233576774597
broker,2010,2010–19,lenders,2,5,0.4973236322402954
broker,2010,2010–19,creditors,2,5,0.4715944826602936
broker,2010,2010–19,magnate,2,5,0.47761674225330353
broker,2010,2010–19,colliers,1,5,0.5963141322135925
broker,2010,2010–19,newmark,1,5,0.5805110335350037
broker,2010,2010–19,brokerages,1,5,0.5492241978645325
broker,2010,2010–19,intero,1,5,0.533019483089447
broker,2010,2010–19,prudential,1,5,0.5319294929504395
broker,2010,2010–19,realtor,1,5,0.5153595805168152
broker,2010,2010–19,salesperson,1,5,0.4950958490371704
broker,2010,2010–19,commercial,1,5,0.4916466176509857
broker,2010,2010–19,insurance,1,5,0.49101537466049194
broker,2010,2010–19,browman,1,5,0.48750120401382446
broker,2010,2010–19,plyam,1,5,0.5527321696281433
broker,2010,2010–19,elliman,1,5,0.50811368227005
broker,2010,2010–19,laffey,1,5,0.49051612615585327
broker,2010,2010–19,salespeople,1,5,0.4867441952228546
broker,2010,2010–19,corcoran,1,5,0.48489195108413696
broker,2010,2010–19,commodities,1,5,0.47842681407928467
broker,2010,2010–19,transactions,1,5,0.4761180281639099
broker,2010,2010–19,zere,1,5,0.4732237160205841
broker,2010,2010–19,lorber,1,5,0.470281183719635
broker,2010,2010–19,lefkofsky,1,5,0.4741198420524597
broker,2010,2010–19,subpoena,1,5,0.46987950801849365
broker,2010,2010–19,norcross,1,5,0.46453386545181274
broker,2010,2010–19,exports,1,5,0.46209514141082764
broker,2010,2010–19,weichert,1,5,0.45793965458869934
broker,2010,2010–19,pennmark,1,5,0.4503867030143738
broker,2010,2010–19,acumen,1,5,0.44690945744514465
broker,2010,2010–19,sell,1,5,0.4460192918777466
broker,2010,2010–19,acquires,1,5,0.49993351101875305
broker,2010,2010–19,ltd,1,5,0.4960305094718933
broker,2010,2010–19,securities,1,5,0.4778350293636322
broker,2010,2010–19,allstate,1,5,0.47630834579467773
broker,2010,2010–19,subsidiaries,1,5,0.47628548741340637
broker,2010,2010–19,company,1,5,0.4680884778499603
broker,2010,2010–19,appraisal,1,5,0.465690940618515
broker,2010,2010–19,axelrod,1,5,0.45371463894844055
broker,2010,2010–19,cpa,1,5,0.44719141721725464
broker,2010,2010–19,advisors,1,5,0.5454387068748474
broker,2010,2010–19,mogul,1,5,0.5346813201904297
broker,2010,2010–19,bankers,1,5,0.5164271593093872
broker,2010,2010–19,holguin,1,5,0.5055555701255798
broker,2010,2010–19,acquisitions,1,5,0.49980226159095764
broker,2010,2010–19,dundon,1,5,0.4924974739551544
broker,2010,2010–19,solicitor,1,5,0.4875965714454651
broker,2010,2010–19,borderplex,1,5,0.48500317335128784
chef,2010,2010–19,cuisine,5,5,0.521619838476181
chef,2010,2010–19,culinary,5,5,0.5294172167778015
chef,2010,2010–19,pastry,4,5,0.5391107350587845
chef,2010,2010–19,restaurant,4,5,0.5283433869481087
chef,2010,2010–19,dishes,4,5,0.49830838292837143
chef,2010,2010–19,gourmet,4,5,0.4866011068224907
chef,2010,2010–19,kitchen,2,5,0.5195677876472473
chef,2010,2010–19,restaurants,2,5,0.5075461864471436
chef,2010,2010–19,cookbook,2,5,0.4808221608400345
chef,2010,2010–19,restaurateur,2,5,0.4989341050386429
chef,2010,2010–19,sous,1,5,0.6433852314949036
chef,2010,2010–19,michelin,1,5,0.6173874139785767
chef,2010,2010–19,ando,1,5,0.5692552328109741
chef,2010,2010–19,ponsaty,1,5,0.5625793933868408
chef,2010,2010–19,toque,1,5,0.5527259111404419
chef,2010,2010–19,voitzwinkler,1,5,0.5470246076583862
chef,2010,2010–19,sushi,1,5,0.5343674421310425
chef,2010,2010–19,chez,1,5,0.5330094695091248
chef,2010,2010–19,panisse,1,5,0.5280807614326477
chef,2010,2010–19,cooking,1,5,0.5422409176826477
chef,2010,2010–19,cuisines,1,5,0.5103863477706909
chef,2010,2010–19,uliano,1,5,0.5018385052680969
chef,2010,2010–19,buyskes,1,5,0.49298539757728577
chef,2010,2010–19,pita,1,5,0.4740731120109558
chef,2010,2010–19,fresco,1,5,0.47055354714393616
chef,2010,2010–19,meatballs,1,5,0.4703943431377411
chef,2010,2010–19,burritos,1,5,0.4662317931652069
chef,2010,2010–19,steakhouse,1,5,0.5003048181533813
chef,2010,2010–19,meatloaf,1,5,0.49253416061401367
chef,2010,2010–19,appetizers,1,5,0.48936477303504944
chef,2010,2010–19,zing,1,5,0.48801103234291077
chef,2010,2010–19,macaroni,1,5,0.4877376854419708
chef,2010,2010–19,recipes,1,5,0.484748899936676
chef,2010,2010–19,kitchens,1,5,0.4843575060367584
chef,2010,2010–19,desserts,1,5,0.48342955112457275
chef,2010,2010–19,hesse,1,5,0.47719526290893555
chef,2010,2010–19,diners,1,5,0.47495636343955994
chef,2010,2010–19,pastries,1,5,0.4746086299419403
chef,2010,2010–19,sauces,1,5,0.4739544987678528
chef,2010,2010–19,soups,1,5,0.46737492084503174
chef,2010,2010–19,delicious,1,5,0.46283239126205444
chef,2010,2010–19,cajun,1,5,0.4605441987514496
chef,2010,2010–19,breads,1,5,0.45794084668159485
chef,2010,2010–19,risotto,1,5,0.4565572738647461
chef,2010,2010–19,cooks,1,5,0.45383843779563904
chef,2010,2010–19,seafood,1,5,0.4517490267753601
chef,2010,2010–19,dady,1,5,0.5413675308227539
chef,2010,2010–19,bonnell,1,5,0.5412684679031372
chef,2010,2010–19,menus,1,5,0.5226527452468872
chef,2010,2010–19,eow,1,5,0.517575740814209
chef,2010,2010–19,steaks,1,5,0.48779234290122986
cleaning,2010,2010–19,cleaned,5,5,0.47480979561805725
cleaning,2010,2010–19,clean,5,5,0.49584071040153505
cleaning,2010,2010–19,washing,5,5,0.46385961174964907
cleaning,2010,2010–19,mowing,5,5,0.4200259804725647
cleaning,2010,2010–19,cleanup,2,5,0.4434421956539154
cleaning,2010,2010–19,cleans,2,5,0.4548938423395157
cleaning,2010,2010–19,gutters,2,5,0.4378599673509598
cleaning,2010,2010–19,debris,2,5,0.4063519537448883
cleaning,2010,2010–19,utensils,2,5,0.4341088682413101
cleaning,2010,2010–19,mopping,1,5,0.5523388385772705
cleaning,2010,2010–19,vacuuming,1,5,0.5364680886268616
cleaning,2010,2010–19,restocking,1,5,0.5101134777069092
cleaning,2010,2010–19,cleaners,1,5,0.49380266666412354
cleaning,2010,2010–19,janitorial,1,5,0.4931265413761139
cleaning,2010,2010–19,scrubbing,1,5,0.47925466299057007
cleaning,2010,2010–19,refurbishing,1,5,0.4649353325366974
cleaning,2010,2010–19,cleanings,1,5,0.46310433745384216
cleaning,2010,2010–19,weeding,1,5,0.4578745365142822
cleaning,2010,2010–19,scrubbed,1,5,0.45175185799598694
cleaning,2010,2010–19,refill,1,5,0.4320636987686157
cleaning,2010,2010–19,sump,1,5,0.4306478202342987
cleaning,2010,2010–19,carpets,1,5,0.42307189106941223
cleaning,2010,2010–19,repairing,1,5,0.4198046624660492
cleaning,2010,2010–19,maintenance,1,5,0.41691282391548157
cleaning,2010,2010–19,heaters,1,5,0.4108162522315979
cleaning,2010,2010–19,corrugated,1,5,0.4080597162246704
cleaning,2010,2010–19,leaky,1,5,0.40559348464012146
cleaning,2010,2010–19,appliances,1,5,0.4127734303474426
cleaning,2010,2010–19,mattresses,1,5,0.40615877509117126
cleaning,2010,2010–19,lawns,1,5,0.4001539647579193
cleaning,2010,2010–19,sorting,1,5,0.3992924094200134
cleaning,2010,2010–19,disposing,1,5,0.39796262979507446
cleaning,2010,2010–19,shampoo,1,5,0.3975194990634918
cleaning,2010,2010–19,trimming,1,5,0.3950803577899933
cleaning,2010,2010–19,decaying,1,5,0.39493152499198914
cleaning,2010,2010–19,bleach,1,5,0.3945356011390686
cleaning,2010,2010–19,detergent,1,5,0.45105355978012085
cleaning,2010,2010–19,inspecting,1,5,0.444453626871109
cleaning,2010,2010–19,sealing,1,5,0.4295822083950043
cleaning,2010,2010–19,bedding,1,5,0.41534408926963806
cleaning,2010,2010–19,closets,1,5,0.4060366451740265
cleaning,2010,2010–19,dryer,1,5,0.40553736686706543
cleaning,2010,2010–19,dumpsters,1,5,0.4041609466075897
cleaning,2010,2010–19,prepping,1,5,0.39872127771377563
cleaning,2010,2010–19,fluids,1,5,0.4633001983165741
cleaning,2010,2010–19,draining,1,5,0.45889347791671753
cleaning,2010,2010–19,insulation,1,5,0.453093945980072
cleaning,2010,2010–19,removing,1,5,0.4494704306125641
cleaning,2010,2010–19,toilets,1,5,0.44880184531211853
cleaning,2010,2010–19,scrub,1,5,0.43366992473602295
cleaning,2010,2010–19,filter,1,5,0.42403292655944824
cleaning,2010,2010–19,dispose,1,5,0.41453680396080017
cleaning,2010,2010–19,overgrown,1,5,0.40720394253730774
cleaning,2010,2010–19,peeled,1,5,0.4018658697605133
clerk,2010,2010–19,cashier,2,5,0.43036477267742157
clerk,2010,2010–19,bailiff,2,5,0.46220681071281433
clerk,2010,2010–19,attorney,2,5,0.44343286752700806
clerk,2010,2010–19,office,2,5,0.47578489780426025
clerk,2010,2010–19,assessor,2,5,0.4927476495504379
clerk,2010,2010–19,invoices,2,5,0.44067564606666565
clerk,2010,2010–19,solicitor,2,5,0.4259701073169708
clerk,2010,2010–19,postmaster,1,5,0.4459560811519623
clerk,2010,2010–19,clerked,1,5,0.445891797542572
clerk,2010,2010–19,ibisi,1,5,0.44125106930732727
clerk,2010,2010–19,deputy,1,5,0.43990668654441833
clerk,2010,2010–19,onica,1,5,0.4329908490180969
clerk,2010,2010–19,salespeople,1,5,0.4298553168773651
clerk,2010,2010–19,employee,1,5,0.42567068338394165
clerk,2010,2010–19,employees,1,5,0.4244297444820404
clerk,2010,2010–19,perluss,1,5,0.4240194261074066
clerk,2010,2010–19,notary,1,5,0.4224133789539337
clerk,2010,2010–19,clift,1,5,0.4205010235309601
clerk,2010,2010–19,jastrzemski,1,5,0.5489376187324524
clerk,2010,2010–19,dmv,1,5,0.473077654838562
clerk,2010,2010–19,howden,1,5,0.4691791236400604
clerk,2010,2010–19,berube,1,5,0.4674985706806183
clerk,2010,2010–19,oaths,1,5,0.4583301842212677
clerk,2010,2010–19,sawicki,1,5,0.44737929105758667
clerk,2010,2010–19,zurlo,1,5,0.4470604956150055
clerk,2010,2010–19,ottaviano,1,5,0.44147437810897827
clerk,2010,2010–19,town,1,5,0.4393950402736664
clerk,2010,2010–19,auditor,1,5,0.43937385082244873
clerk,2010,2010–19,judge,1,5,0.4380541145801544
clerk,2010,2010–19,nlrb,1,5,0.43352454900741577
clerk,2010,2010–19,supervisor,1,5,0.43288081884384155
clerk,2010,2010–19,prothonotary,1,5,0.46260493993759155
clerk,2010,2010–19,uni,1,5,0.4095214307308197
clerk,2010,2010–19,wallets,1,5,0.39126914739608765
clerk,2010,2010–19,rupsis,1,5,0.39119982719421387
clerk,2010,2010–19,waldman,1,5,0.384812593460083
clerk,2010,2010–19,kleinfelter,1,5,0.3845541775226593
clerk,2010,2010–19,sheriffs,1,5,0.38339605927467346
clerk,2010,2010–19,teamsters,1,5,0.38331231474876404
clerk,2010,2010–19,sheriff,1,5,0.38325780630111694
clerk,2010,2010–19,greeter,1,5,0.3800627887248993
clerk,2010,2010–19,deputies,1,5,0.3770770728588104
clerk,2010,2010–19,kiniry,1,5,0.376004159450531
clerk,2010,2010–19,szerencsits,1,5,0.3756714165210724
clerk,2010,2010–19,courts,1,5,0.4981471300125122
clerk,2010,2010–19,dockets,1,5,0.485212504863739
clerk,2010,2010–19,probate,1,5,0.4695659875869751
clerk,2010,2010–19,zumbar,1,5,0.4519575536251068
clerk,2010,2010–19,hoppel,1,5,0.44283413887023926
clerk,2010,2010–19,giroux,1,5,0.4320499300956726
clerk,2010,2010–19,bookkeeper,1,5,0.42668917775154114
clerk,2010,2010–19,pursuant,1,5,0.42316100001335144
clerk,2010,2010–19,mazur,1,5,0.41983526945114136
clerk,2010,2010–19,cappelli,1,5,0.4154493510723114
clerk,2010,2010–19,magistrate,1,5,0.41519415378570557
clerk,2010,2010–19,refund,1,5,0.4139910340309143
clerk,2010,2010–19,ruehlman,1,5,0.411828875541687
clerk,2010,2010–19,unexpired,1,5,0.480035662651062
clerk,2010,2010–19,prosecuting,1,5,0.47968435287475586
clerk,2010,2010–19,swore,1,5,0.4693816900253296
clerk,2010,2010–19,docket,1,5,0.46094608306884766
clerk,2010,2010–19,indigent,1,5,0.45464658737182617
clerk,2010,2010–19,jeri,1,5,0.453451931476593
clerk,2010,2010–19,receptionist,1,5,0.45199328660964966
clerk,2010,2010–19,stroud,1,5,0.45066529512405396
clerk,2010,2010–19,examiners,1,5,0.4437030851840973
clerk,2010,2010–19,tackett,1,5,0.44059357047080994
clerk,2010,2010–19,recused,1,5,0.4373679757118225
designer,2010,2010–19,design,5,5,0.5674143671989441
designer,2010,2010–19,designs,5,5,0.5017438292503357
designer,2010,2010–19,fashion,4,5,0.5137898400425911
designer,2010,2010–19,sculptors,3,5,0.4728714128335317
designer,2010,2010–19,handbags,3,5,0.48283300797144574
designer,2010,2010–19,artists,3,5,0.44709132115046185
designer,2010,2010–19,designing,2,5,0.47543223202228546
designer,2010,2010–19,architects,2,5,0.46107499301433563
designer,2010,2010–19,architect,2,5,0.4949178099632263
designer,2010,2010–19,fabrics,2,5,0.4531157612800598
designer,2010,2010–19,couture,2,5,0.478472575545311
designer,2010,2010–19,costume,1,5,0.4953961968421936
designer,2010,2010–19,fidm,1,5,0.4829390048980713
designer,2010,2010–19,zaldy,1,5,0.47149592638015747
designer,2010,2010–19,artist,1,5,0.4567846357822418
designer,2010,2010–19,creatives,1,5,0.4415823817253113
designer,2010,2010–19,bolen,1,5,0.43982699513435364
designer,2010,2010–19,showhouse,1,5,0.5397235155105591
designer,2010,2010–19,bespoke,1,5,0.4859025776386261
designer,2010,2010–19,interiors,1,5,0.47683537006378174
designer,2010,2010–19,painters,1,5,0.45874497294425964
designer,2010,2010–19,cabinetry,1,5,0.43551570177078247
designer,2010,2010–19,handbag,1,5,0.43274351954460144
designer,2010,2010–19,cosmetics,1,5,0.5016982555389404
designer,2010,2010–19,oscars,1,5,0.478105366230011
designer,2010,2010–19,agostino,1,5,0.4770263433456421
designer,2010,2010–19,wardrobe,1,5,0.4595600664615631
designer,2010,2010–19,fashionable,1,5,0.45547786355018616
designer,2010,2010–19,seamstress,1,5,0.4491206109523773
designer,2010,2010–19,galdieri,1,5,0.44707685708999634
designer,2010,2010–19,edgy,1,5,0.4463675916194916
designer,2010,2010–19,actresses,1,5,0.4461906850337982
designer,2010,2010–19,glamour,1,5,0.44352805614471436
designer,2010,2010–19,styling,1,5,0.4551103413105011
designer,2010,2010–19,artisans,1,5,0.45258572697639465
designer,2010,2010–19,accessories,1,5,0.44175514578819275
designer,2010,2010–19,artisan,1,5,0.4330953359603882
designer,2010,2010–19,footwear,1,5,0.4325466752052307
designer,2010,2010–19,handcrafted,1,5,0.43242913484573364
designer,2010,2010–19,craftsmen,1,5,0.43075665831565857
designer,2010,2010–19,geometric,1,5,0.4269556999206543
designer,2010,2010–19,merchandising,1,5,0.42434075474739075
designer,2010,2010–19,fashions,1,5,0.4202050566673279
designer,2010,2010–19,chic,1,5,0.5268927216529846
designer,2010,2010–19,treska,1,5,0.5160471200942993
designer,2010,2010–19,crafted,1,5,0.4906226396560669
designer,2010,2010–19,artistry,1,5,0.48334425687789917
designer,2010,2010–19,wig,1,5,0.46869584918022156
designer,2010,2010–19,ceramic,1,5,0.46863794326782227
designer,2010,2010–19,deco,1,5,0.4651964008808136
designer,2010,2010–19,sculpting,1,5,0.464032918214798
designer,2010,2010–19,collectibles,1,5,0.4624309837818146
designer,2010,2010–19,exquisite,1,5,0.45199352502822876
dishes,2010,2010–19,entrees,5,5,0.5916357517242432
dishes,2010,2010–19,salads,5,5,0.6012089729309082
dishes,2010,2010–19,soups,5,5,0.5835591077804565
dishes,2010,2010–19,dish,3,5,0.630246082941691
dishes,2010,2010–19,menu,3,5,0.595186173915863
dishes,2010,2010–19,flavorful,3,5,0.5520233909289042
dishes,2010,2010–19,parmesan,3,5,0.5640972852706909
dishes,2010,2010–19,dumplings,2,5,0.5556598901748657
dishes,2010,2010–19,spices,2,5,0.5341957211494446
dishes,2010,2010–19,ravioli,2,5,0.5394163131713867
dishes,2010,2010–19,delicious,2,5,0.5388347506523132
dishes,2010,2010–19,curries,1,5,0.6645967960357666
dishes,2010,2010–19,naan,1,5,0.6623777747154236
dishes,2010,2010–19,stews,1,5,0.6503134369850159
dishes,2010,2010–19,platters,1,5,0.6474743485450745
dishes,2010,2010–19,pastas,1,5,0.6394296884536743
dishes,2010,2010–19,tandoori,1,5,0.6290827393531799
dishes,2010,2010–19,tempura,1,5,0.6276766657829285
dishes,2010,2010–19,burrata,1,5,0.617669939994812
dishes,2010,2010–19,sashimi,1,5,0.6148977279663086
dishes,2010,2010–19,omelets,1,5,0.6141816973686218
dishes,2010,2010–19,lasagna,1,5,0.5865715146064758
dishes,2010,2010–19,cuisines,1,5,0.5852041840553284
dishes,2010,2010–19,panini,1,5,0.5812836289405823
dishes,2010,2010–19,guacamole,1,5,0.5798388719558716
dishes,2010,2010–19,zucchini,1,5,0.5717060565948486
dishes,2010,2010–19,salad,1,5,0.5713118314743042
dishes,2010,2010–19,hummus,1,5,0.5690579414367676
dishes,2010,2010–19,macaroni,1,5,0.5684958100318909
dishes,2010,2010–19,entree,1,5,0.5941129922866821
dishes,2010,2010–19,toppings,1,5,0.5644914507865906
dishes,2010,2010–19,appetizers,1,5,0.5455721020698547
dishes,2010,2010–19,desserts,1,5,0.5455169081687927
dishes,2010,2010–19,veal,1,5,0.5400084853172302
dishes,2010,2010–19,sauces,1,5,0.5209584832191467
dishes,2010,2010–19,broth,1,5,0.5166564583778381
dishes,2010,2010–19,gluten,1,5,0.5153570771217346
dishes,2010,2010–19,meatballs,1,5,0.5923039317131042
dishes,2010,2010–19,braised,1,5,0.5694515705108643
dishes,2010,2010–19,lettuce,1,5,0.5677899122238159
dishes,2010,2010–19,coleslaw,1,5,0.5595616102218628
dishes,2010,2010–19,slaw,1,5,0.5541702508926392
dishes,2010,2010–19,seafood,1,5,0.5523152947425842
dishes,2010,2010–19,fragrant,1,5,0.546497106552124
dishes,2010,2010–19,cheddar,1,5,0.5434633493423462
dishes,2010,2010–19,appetizer,1,5,0.5541763305664062
dishes,2010,2010–19,pizzas,1,5,0.5476321578025818
dishes,2010,2010–19,steaks,1,5,0.5304847955703735
dishes,2010,2010–19,basil,1,5,0.5300905108451843
dishes,2010,2010–19,brisket,1,5,0.5258046984672546
dishes,2010,2010–19,tart,1,5,0.5236119031906128
doctor,2010,2010–19,patients,5,5,0.6165899872779846
doctor,2010,2010–19,physicians,5,5,0.5906475901603698
doctor,2010,2010–19,physician,5,5,0.5806501030921936
doctor,2010,2010–19,surgeon,4,5,0.5479506254196167
doctor,2010,2010–19,medical,3,5,0.5605952143669128
doctor,2010,2010–19,oncologist,3,5,0.5663658579190572
doctor,2010,2010–19,pediatrician,3,5,0.5480820735295614
doctor,2010,2010–19,neurologist,3,5,0.5737932920455933
doctor,2010,2010–19,cardiologist,3,5,0.5817962884902954
doctor,2010,2010–19,ultrasound,3,5,0.5358206828435262
doctor,2010,2010–19,nurses,2,5,0.5721358358860016
doctor,2010,2010–19,patient,2,5,0.5732038021087646
doctor,2010,2010–19,orthopedic,2,5,0.5618793964385986
doctor,2010,2010–19,prescribe,2,5,0.6018819212913513
doctor,2010,2010–19,surgeons,2,5,0.5393128395080566
doctor,2010,2010–19,hospital,1,5,0.5794792771339417
doctor,2010,2010–19,fealk,1,5,0.5696688294410706
doctor,2010,2010–19,nurse,1,5,0.5682389140129089
doctor,2010,2010–19,midwives,1,5,0.552829921245575
doctor,2010,2010–19,internist,1,5,0.5803157091140747
doctor,2010,2010–19,propofol,1,5,0.5744834542274475
doctor,2010,2010–19,dentists,1,5,0.5477676391601562
doctor,2010,2010–19,endocrinology,1,5,0.5459060072898865
doctor,2010,2010–19,checkup,1,5,0.5422828197479248
doctor,2010,2010–19,anesthesia,1,5,0.5845217108726501
doctor,2010,2010–19,mammogram,1,5,0.5688796043395996
doctor,2010,2010–19,neurology,1,5,0.5673957467079163
doctor,2010,2010–19,balok,1,5,0.5661681890487671
doctor,2010,2010–19,gynecology,1,5,0.5660632252693176
doctor,2010,2010–19,icu,1,5,0.5524339079856873
doctor,2010,2010–19,mammograms,1,5,0.5438435673713684
doctor,2010,2010–19,obstetrician,1,5,0.5374857187271118
doctor,2010,2010–19,prescribing,1,5,0.5699386596679688
doctor,2010,2010–19,prognosis,1,5,0.5512698292732239
doctor,2010,2010–19,biopsy,1,5,0.5408886671066284
doctor,2010,2010–19,mri,1,5,0.5407935380935669
doctor,2010,2010–19,neonatal,1,5,0.5240943431854248
doctor,2010,2010–19,obstetrics,1,5,0.5231903791427612
doctor,2010,2010–19,medicine,1,5,0.5181381106376648
doctor,2010,2010–19,diagnoses,1,5,0.5570027828216553
doctor,2010,2010–19,castellanos,1,5,0.5538303256034851
doctor,2010,2010–19,pediatric,1,5,0.5443945527076721
doctor,2010,2010–19,cardiology,1,5,0.5399159789085388
executive,2010,2010–19,ceo,5,5,0.5464372098445892
executive,2010,2010–19,chairman,5,5,0.4870633542537689
executive,2010,2010–19,president,5,5,0.49019753336906435
executive,2010,2010–19,vice,5,5,0.497286856174469
executive,2010,2010–19,director,5,5,0.5057487249374389
executive,2010,2010–19,cfo,3,5,0.48090000947316486
executive,2010,2010–19,directors,2,5,0.46674691140651703
executive,2010,2010–19,coo,2,5,0.49559010565280914
executive,2010,2010–19,ceos,2,5,0.466617226600647
executive,2010,2010–19,prexy,1,5,0.5561731457710266
executive,2010,2010–19,exec,1,5,0.5358404517173767
executive,2010,2010–19,vinciquerra,1,5,0.5344616174697876
executive,2010,2010–19,krushel,1,5,0.5189412236213684
executive,2010,2010–19,calix,1,5,0.5078924298286438
executive,2010,2010–19,vp,1,5,0.5068315267562866
executive,2010,2010–19,otellini,1,5,0.5038641691207886
executive,2010,2010–19,chief,1,5,0.49038881063461304
executive,2010,2010–19,newsgathering,1,5,0.4900977909564972
executive,2010,2010–19,conexant,1,5,0.4900112450122833
executive,2010,2010–19,hein,1,5,0.5104103684425354
executive,2010,2010–19,marcum,1,5,0.4752189517021179
executive,2010,2010–19,marketing,1,5,0.4612915813922882
executive,2010,2010–19,napier,1,5,0.4551992416381836
executive,2010,2010–19,bny,1,5,0.4545341730117798
executive,2010,2010–19,svp,1,5,0.4448696970939636
executive,2010,2010–19,worthington,1,5,0.44420352578163147
executive,2010,2010–19,communications,1,5,0.4431847035884857
executive,2010,2010–19,acnb,1,5,0.48916107416152954
executive,2010,2010–19,appoints,1,5,0.4679880440235138
executive,2010,2010–19,operations,1,5,0.45147112011909485
executive,2010,2010–19,network,1,5,0.4493315815925598
executive,2010,2010–19,cnb,1,5,0.44659143686294556
executive,2010,2010–19,univest,1,5,0.444088339805603
executive,2010,2010–19,appointees,1,5,0.4411183297634125
executive,2010,2010–19,shareholder,1,5,0.47129276394844055
executive,2010,2010–19,arby,1,5,0.4457172155380249
executive,2010,2010–19,caterers,1,5,0.44354385137557983
executive,2010,2010–19,caresource,1,5,0.43252408504486084
executive,2010,2010–19,pbr,1,5,0.4230892062187195
executive,2010,2010–19,mendel,1,5,0.4220261573791504
executive,2010,2010–19,axelrod,1,5,0.42029622197151184
executive,2010,2010–19,perrotta,1,5,0.4186806380748749
executive,2010,2010–19,radioshack,1,5,0.5388991236686707
executive,2010,2010–19,bancshares,1,5,0.5340030789375305
executive,2010,2010–19,borderplex,1,5,0.48238593339920044
executive,2010,2010–19,weststar,1,5,0.4792488217353821
executive,2010,2010–19,eedc,1,5,0.4723511338233948
executive,2010,2010–19,shareholders,1,5,0.47121959924697876
executive,2010,2010–19,microsoft,1,5,0.46960359811782837
executive,2010,2010–19,partee,1,5,0.46932753920555115
family,2010,2010–19,relatives,5,5,0.5421602249145507
family,2010,2010–19,parents,5,5,0.5334465026855468
family,2010,2010–19,children,5,5,0.47680569887161256
family,2010,2010–19,friends,5,5,0.46571744680404664
family,2010,2010–19,mother,4,5,0.44287633150815964
family,2010,2010–19,grandparents,2,5,0.5316555500030518
family,2010,2010–19,siblings,2,5,0.4960103780031204
family,2010,2010–19,father,2,5,0.48309363424777985
family,2010,2010–19,uncles,2,5,0.4616163969039917
family,2010,2010–19,comforted,2,5,0.45147596299648285
family,2010,2010–19,sincerest,2,5,0.44445444643497467
family,2010,2010–19,underprivileged,2,5,0.4454730600118637
family,2010,2010–19,busalacchi,1,5,0.4839577376842499
family,2010,2010–19,tomasina,1,5,0.47496649622917175
family,2010,2010–19,community,1,5,0.46245279908180237
family,2010,2010–19,widower,1,5,0.45695871114730835
family,2010,2010–19,homebound,1,5,0.45593857765197754
family,2010,2010–19,kids,1,5,0.4527197480201721
family,2010,2010–19,grandmothers,1,5,0.4601207375526428
family,2010,2010–19,widows,1,5,0.4597557485103607
family,2010,2010–19,residents,1,5,0.4351543188095093
family,2010,2010–19,orphans,1,5,0.434556245803833
family,2010,2010–19,grieve,1,5,0.4543076157569885
family,2010,2010–19,costabile,1,5,0.43993866443634033
family,2010,2010–19,mckechnie,1,5,0.4342102110385895
family,2010,2010–19,bereavement,1,5,0.4266616404056549
family,2010,2010–19,grandparent,1,5,0.41764962673187256
family,2010,2010–19,childhoods,1,5,0.413507342338562
family,2010,2010–19,mitzvah,1,5,0.40989089012145996
family,2010,2010–19,caregivers,1,5,0.40249305963516235
family,2010,2010–19,sympathies,1,5,0.44552144408226013
family,2010,2010–19,cremated,1,5,0.44367435574531555
family,2010,2010–19,grieving,1,5,0.439073383808136
family,2010,2010–19,mourn,1,5,0.42717444896698
family,2010,2010–19,adoptive,1,5,0.4271409511566162
family,2010,2010–19,parishes,1,5,0.425190269947052
family,2010,2010–19,aunts,1,5,0.4232838749885559
family,2010,2010–19,prayers,1,5,0.4206651747226715
family,2010,2010–19,missionaries,1,5,0.41734933853149414
family,2010,2010–19,caretakers,1,5,0.48407450318336487
family,2010,2010–19,spouses,1,5,0.47087934613227844
family,2010,2010–19,grieved,1,5,0.4536607563495636
family,2010,2010–19,haiti,1,5,0.45331165194511414
family,2010,2010–19,solich,1,5,0.44117265939712524
family,2010,2010–19,manuela,1,5,0.4344522953033447
family,2010,2010–19,insure,1,5,0.43346452713012695
family,2010,2010–19,orphaned,1,5,0.43121400475502014
family,2010,2010–19,nurturing,1,5,0.42717787623405457
family,2010,2010–19,moms,1,5,0.42585062980651855
grandchildren,2010,2010–19,nieces,5,5,0.6987949967384338
grandchildren,2010,2010–19,granddaughters,5,5,0.6701502323150634
grandchildren,2010,2010–19,nephews,5,5,0.6798651456832886
grandchildren,2010,2010–19,grandsons,5,5,0.6645297408103943
grandchildren,2010,2010–19,granddaughter,5,5,0.6039809346199035
grandchildren,2010,2010–19,grandson,5,5,0.6138019680976867
grandchildren,2010,2010–19,predeceased,4,5,0.6414940357208252
grandchildren,2010,2010–19,stepchildren,4,5,0.6362920254468918
grandchildren,2010,2010–19,aunts,4,5,0.576408863067627
grandchildren,2010,2010–19,survived,3,5,0.5952162345250448
grandchildren,2010,2010–19,preceded,3,5,0.6185867786407471
grandchildren,2010,2010–19,niece,2,5,0.5955158472061157
grandchildren,2010,2010–19,daughter,2,5,0.570397287607193
grandchildren,2010,2010–19,daughters,2,5,0.5715431869029999
grandchildren,2010,2010–19,wife,2,5,0.5593953728675842
grandchildren,2010,2010–19,husband,2,5,0.5703985691070557
grandchildren,2010,2010–19,stepsons,1,5,0.5859813094139099
grandchildren,2010,2010–19,siblings,1,5,0.5515227317810059
grandchildren,2010,2010–19,schug,1,5,0.5850214958190918
grandchildren,2010,2010–19,blados,1,5,0.5623511672019958
grandchildren,2010,2010–19,stepson,1,5,0.5533607602119446
grandchildren,2010,2010–19,pidala,1,5,0.5494558811187744
grandchildren,2010,2010–19,stepgrandchildren,1,5,0.745339035987854
grandchildren,2010,2010–19,stepgreat,1,5,0.7332321405410767
grandchildren,2010,2010–19,stepdaughters,1,5,0.622617781162262
grandchildren,2010,2010–19,sister,1,5,0.6015219688415527
grandchildren,2010,2010–19,dupert,1,5,0.5943830013275146
grandchildren,2010,2010–19,grandparents,1,5,0.6110663414001465
grandchildren,2010,2010–19,sons,1,5,0.5650689005851746
grandchildren,2010,2010–19,loudermilk,1,5,0.5601241588592529
grandchildren,2010,2010–19,uncles,1,5,0.5916462540626526
grandchildren,2010,2010–19,sisters,1,5,0.5653650760650635
grandchildren,2010,2010–19,nephew,1,5,0.5593799352645874
grandparents,2010,2010–19,grandmother,5,5,0.5878468036651612
grandparents,2010,2010–19,parents,5,5,0.5798362731933594
grandparents,2010,2010–19,siblings,5,5,0.5444098949432373
grandparents,2010,2010–19,aunts,5,5,0.5494708895683289
grandparents,2010,2010–19,aunt,4,5,0.5560712367296219
grandparents,2010,2010–19,grandfather,4,5,0.5395595505833626
grandparents,2010,2010–19,mother,4,5,0.542866013944149
grandparents,2010,2010–19,paternal,4,5,0.6230344623327255
grandparents,2010,2010–19,maternal,4,5,0.5491130352020264
grandparents,2010,2010–19,uncle,3,5,0.5403912663459778
grandparents,2010,2010–19,sister,3,5,0.5354829629262289
grandparents,2010,2010–19,uncles,3,5,0.5478651722272238
grandparents,2010,2010–19,dad,2,5,0.5463066101074219
grandparents,2010,2010–19,mom,2,5,0.5344731956720352
grandparents,2010,2010–19,father,2,5,0.5313657075166702
grandparents,2010,2010–19,niece,2,5,0.5194677412509918
grandparents,2010,2010–19,family,2,5,0.5229743421077728
grandparents,2010,2010–19,granddaughter,2,5,0.5054464042186737
grandparents,2010,2010–19,daughter,1,5,0.5428435802459717
grandparents,2010,2010–19,stepsister,1,5,0.501394510269165
grandparents,2010,2010–19,grandma,1,5,0.49475547671318054
grandparents,2010,2010–19,grandchild,1,5,0.6131593585014343
grandparents,2010,2010–19,grandchildren,1,5,0.5425590872764587
grandparents,2010,2010–19,loudermilk,1,5,0.5084723830223083
grandparents,2010,2010–19,nieces,1,5,0.50489342212677
grandparents,2010,2010–19,nephews,1,5,0.5043901205062866
grandparents,2010,2010–19,grandmothers,1,5,0.5424543619155884
grandparents,2010,2010–19,grandfathers,1,5,0.5375231504440308
grandparents,2010,2010–19,stepmother,1,5,0.5197196006774902
grandparents,2010,2010–19,sisters,1,5,0.5065518021583557
grandparents,2010,2010–19,leona,1,5,0.4977160692214966
grandparents,2010,2010–19,brother,1,5,0.49460554122924805
home,2010,2010–19,houses,5,5,0.500896829366684
home,2010,2010–19,residences,4,5,0.48545827716588974
home,2010,2010–19,house,3,5,0.44976020852724713
home,2010,2010–19,residence,3,5,0.44294435779253644
home,2010,2010–19,apartment,2,5,0.4995899349451065
home,2010,2010–19,apartments,2,5,0.4924466162919998
home,2010,2010–19,townhouse,2,5,0.49159075319767
home,2010,2010–19,neighborhood,2,5,0.4573373347520828
home,2010,2010–19,mansions,2,5,0.4402678459882736
home,2010,2010–19,cottages,2,5,0.4372129440307617
home,2010,2010–19,crematory,2,5,0.4727465808391571
home,2010,2010–19,duplex,2,5,0.4414747953414917
home,2010,2010–19,condominium,2,5,0.42532509565353394
home,2010,2010–19,townhomes,1,5,0.5031999945640564
home,2010,2010–19,residents,1,5,0.502249538898468
home,2010,2010–19,neighborhoods,1,5,0.4966495931148529
home,2010,2010–19,residential,1,5,0.4964112937450409
home,2010,2010–19,homeowners,1,5,0.4917207360267639
home,2010,2010–19,property,1,5,0.48034265637397766
home,2010,2010–19,bedroom,1,5,0.47895297408103943
home,2010,2010–19,townhouses,1,5,0.47883570194244385
home,2010,2010–19,cobweb,1,5,0.4476792514324188
home,2010,2010–19,bungalows,1,5,0.44096025824546814
home,2010,2010–19,garages,1,5,0.4382784366607666
home,2010,2010–19,cottage,1,5,0.4314775764942169
home,2010,2010–19,dwellings,1,5,0.4304477274417877
home,2010,2010–19,multifamily,1,5,0.42480048537254333
home,2010,2010–19,trefz,1,5,0.4614264965057373
home,2010,2010–19,lochstampfor,1,5,0.45215967297554016
home,2010,2010–19,parthemore,1,5,0.45033830404281616
home,2010,2010–19,osage,1,5,0.4423372149467468
home,2010,2010–19,stonebridge,1,5,0.440360426902771
home,2010,2010–19,craley,1,5,0.43658703565597534
home,2010,2010–19,lisacul,1,5,0.4307573437690735
home,2010,2010–19,croxton,1,5,0.4269038140773773
home,2010,2010–19,malpezzi,1,5,0.42612338066101074
home,2010,2010–19,woodlawn,1,5,0.42577064037323
home,2010,2010–19,condos,1,5,0.4523673951625824
home,2010,2010–19,macroburst,1,5,0.44768229126930237
home,2010,2010–19,closets,1,5,0.4410618245601654
home,2010,2010–19,greenhouses,1,5,0.4324526786804199
home,2010,2010–19,farmhouse,1,5,0.41425979137420654
home,2010,2010–19,evacuees,1,5,0.41401422023773193
home,2010,2010–19,buildings,1,5,0.4137304127216339
home,2010,2010–19,properties,1,5,0.4096046984195709
home,2010,2010–19,waldrope,1,5,0.4562579393386841
home,2010,2010–19,pups,1,5,0.45475491881370544
home,2010,2010–19,condominiums,1,5,0.45125195384025574
home,2010,2010–19,sandstone,1,5,0.4505508244037628
home,2010,2010–19,chapels,1,5,0.44733062386512756
home,2010,2010–19,gated,1,5,0.43586796522140503
home,2010,2010–19,triska,1,5,0.4342866539955139
home,2010,2010–19,lakewood,1,5,0.4303826093673706
home,2010,2010–19,estates,1,5,0.4244726002216339
home,2010,2010–19,roofs,1,5,0.4239158630371094
infant,2010,2010–19,babies,5,5,0.5237098395824432
infant,2010,2010–19,children,5,5,0.5117906868457794
infant,2010,2010–19,baby,5,5,0.4960387170314789
infant,2010,2010–19,newborn,5,5,0.5184055089950561
infant,2010,2010–19,toddlers,4,5,0.5185514464974403
infant,2010,2010–19,child,3,5,0.5141408840815226
infant,2010,2010–19,newborns,3,5,0.5195196270942688
infant,2010,2010–19,unborn,3,5,0.4902063806851705
infant,2010,2010–19,prenatal,2,5,0.49362798035144806
infant,2010,2010–19,congenital,2,5,0.4956433027982712
infant,2010,2010–19,pregnancies,2,5,0.48436035215854645
infant,2010,2010–19,womb,2,5,0.5059389173984528
infant,2010,2010–19,defects,2,5,0.5007626712322235
infant,2010,2010–19,toddler,2,5,0.4615083783864975
infant,2010,2010–19,nicu,2,5,0.5345258861780167
infant,2010,2010–19,neonatal,2,5,0.531287893652916
infant,2010,2010–19,expectant,1,5,0.5632109642028809
infant,2010,2010–19,postpartum,1,5,0.5358795523643494
infant,2010,2010–19,maltreatment,1,5,0.5342638492584229
infant,2010,2010–19,colic,1,5,0.5273870825767517
infant,2010,2010–19,bifida,1,5,0.5083800554275513
infant,2010,2010–19,herpes,1,5,0.5219838619232178
infant,2010,2010–19,adults,1,5,0.4499221742153168
infant,2010,2010–19,fetus,1,5,0.449055939912796
infant,2010,2010–19,malnutrition,1,5,0.5156388282775879
infant,2010,2010–19,childbirth,1,5,0.4944237470626831
infant,2010,2010–19,orphaned,1,5,0.4892027676105499
infant,2010,2010–19,autoimmune,1,5,0.47292226552963257
infant,2010,2010–19,manger,1,5,0.5056843757629395
infant,2010,2010–19,ysccc,1,5,0.4756298065185547
infant,2010,2010–19,pregnant,1,5,0.4746822118759155
infant,2010,2010–19,diapers,1,5,0.45118290185928345
infant,2010,2010–19,adoptive,1,5,0.45114025473594666
infant,2010,2010–19,inpatient,1,5,0.45051109790802
infant,2010,2010–19,breyla,1,5,0.5842061042785645
infant,2010,2010–19,births,1,5,0.5528618097305298
infant,2010,2010–19,benadryl,1,5,0.5447269082069397
infant,2010,2010–19,hospitalization,1,5,0.5080505609512329
infant,2010,2010–19,mattresses,1,5,0.49733883142471313
infant,2010,2010–19,adolescents,1,5,0.4964959919452667
infant,2010,2010–19,premature,1,5,0.49537116289138794
infant,2010,2010–19,kitten,1,5,0.4842609465122223
inspector,2010,2010–19,inspection,5,5,0.5214049935340881
inspector,2010,2010–19,inspections,5,5,0.5307697415351867
inspector,2010,2010–19,inspected,5,5,0.48501173257827757
inspector,2010,2010–19,osha,2,5,0.46769915521144867
inspector,2010,2010–19,oig,2,5,0.46071143448352814
inspector,2010,2010–19,violations,2,5,0.4337496757507324
inspector,2010,2010–19,compliance,2,5,0.47138166427612305
inspector,2010,2010–19,inspect,1,5,0.4672640264034271
inspector,2010,2010–19,noncompliance,1,5,0.4571739733219147
inspector,2010,2010–19,investigators,1,5,0.44602352380752563
inspector,2010,2010–19,unannounced,1,5,0.4416370987892151
inspector,2010,2010–19,deq,1,5,0.43832603096961975
inspector,2010,2010–19,ccpd,1,5,0.43716612458229065
inspector,2010,2010–19,surveyors,1,5,0.4281865358352661
inspector,2010,2010–19,dhec,1,5,0.42749035358428955
inspector,2010,2010–19,flatiron,1,5,0.42621684074401855
inspector,2010,2010–19,deputy,1,5,0.467477023601532
inspector,2010,2010–19,dob,1,5,0.46440908312797546
inspector,2010,2010–19,secreto,1,5,0.45458245277404785
inspector,2010,2010–19,commanding,1,5,0.44733181595802307
inspector,2010,2010–19,department,1,5,0.441142737865448
inspector,2010,2010–19,marmara,1,5,0.43248504400253296
inspector,2010,2010–19,falconite,1,5,0.42552921175956726
inspector,2010,2010–19,nilda,1,5,0.42350247502326965
inspector,2010,2010–19,uninhabitable,1,5,0.4229108691215515
inspector,2010,2010–19,directives,1,5,0.41871899366378784
inspector,2010,2010–19,doh,1,5,0.4169560968875885
inspector,2010,2010–19,inspecting,1,5,0.4826849699020386
inspector,2010,2010–19,audits,1,5,0.4751831889152527
inspector,2010,2010–19,minuteman,1,5,0.45638513565063477
inspector,2010,2010–19,auditors,1,5,0.45264387130737305
inspector,2010,2010–19,interfering,1,5,0.44841712713241577
inspector,2010,2010–19,auditor,1,5,0.4405476748943329
inspector,2010,2010–19,containment,1,5,0.4341140687465668
inspector,2010,2010–19,nrc,1,5,0.4335821568965912
inspector,2010,2010–19,odors,1,5,0.4298035204410553
inspector,2010,2010–19,pfbc,1,5,0.4290073812007904
inspector,2010,2010–19,reactors,1,5,0.42670440673828125
inspector,2010,2010–19,oepa,1,5,0.5143992900848389
inspector,2010,2010–19,epa,1,5,0.46012887358665466
inspector,2010,2010–19,dededo,1,5,0.44909247756004333
inspector,2010,2010–19,zoning,1,5,0.44688254594802856
inspector,2010,2010–19,occupational,1,5,0.4407769441604614
inspector,2010,2010–19,postal,1,5,0.44033199548721313
inspector,2010,2010–19,procurement,1,5,0.436434268951416
inspector,2010,2010–19,ntsb,1,5,0.4361528754234314
inspector,2010,2010–19,perrotta,1,5,0.4347096085548401
inspector,2010,2010–19,ghura,1,5,0.4324847161769867
inspector,2010,2010–19,regulates,1,5,0.4954891502857208
inspector,2010,2010–19,sanitation,1,5,0.4717441499233246
inspector,2010,2010–19,deficiencies,1,5,0.47026169300079346
inspector,2010,2010–19,ombudsman,1,5,0.4634357988834381
inspector,2010,2010–19,hazards,1,5,0.44854798913002014
inspector,2010,2010–19,escajeda,1,5,0.4484890103340149
inspector,2010,2010–19,asbestos,1,5,0.4455975592136383
inspector,2010,2010–19,franchini,1,5,0.43819940090179443
inspector,2010,2010–19,atmos,1,5,0.4372790455818176
inspector,2010,2010–19,agency,1,5,0.42983660101890564
inspector,2010,2010–19,remediation,1,5,0.42678654193878174
married,2010,2010–19,divorced,5,5,0.5796823859214782
married,2010,2010–19,wife,5,5,0.5859946846961975
married,2010,2010–19,husband,5,5,0.5585183918476104
married,2010,2010–19,remarried,5,5,0.5573793530464173
married,2010,2010–19,marrying,5,5,0.5442050039768219
married,2010,2010–19,marry,5,5,0.5076186001300812
married,2010,2010–19,marriage,4,5,0.5319711863994598
married,2010,2010–19,born,4,5,0.4977705180644989
married,2010,2010–19,graduated,3,5,0.5282964011033376
married,2010,2010–19,daughter,3,5,0.49656057357788086
married,2010,2010–19,stepchildren,2,5,0.5409327447414398
married,2010,2010–19,lived,2,5,0.49014486372470856
married,2010,2010–19,predeceased,2,5,0.5018652379512787
married,2010,2010–19,nee,2,5,0.48351171612739563
married,2010,2010–19,sweetheart,1,5,0.5912405252456665
married,2010,2010–19,met,1,5,0.572981595993042
married,2010,2010–19,helga,1,5,0.5189435482025146
married,2010,2010–19,daughters,1,5,0.5079610347747803
married,2010,2010–19,amis,1,5,0.499801903963089
married,2010,2010–19,baptized,1,5,0.5183371901512146
married,2010,2010–19,widowed,1,5,0.5158061385154724
married,2010,2010–19,surviving,1,5,0.49720996618270874
married,2010,2010–19,wed,1,5,0.49026286602020264
married,2010,2010–19,survives,1,5,0.4754828214645386
married,2010,2010–19,newlyweds,1,5,0.4602358341217041
married,2010,2010–19,mildred,1,5,0.45964959263801575
married,2010,2010–19,son,1,5,0.4543677270412445
married,2010,2010–19,leeper,1,5,0.45947903394699097
married,2010,2010–19,genevieve,1,5,0.4567301571369171
married,2010,2010–19,honeymooned,1,5,0.45638135075569153
married,2010,2010–19,maryann,1,5,0.45579835772514343
married,2010,2010–19,survived,1,5,0.5104609131813049
married,2010,2010–19,barlow,1,5,0.4755377769470215
married,2010,2010–19,nm,1,5,0.47320663928985596
married,2010,2010–19,eldest,1,5,0.47246772050857544
married,2010,2010–19,immigrated,1,5,0.46882739663124084
married,2010,2010–19,reared,1,5,0.45584920048713684
nurse,2010,2010–19,doctors,5,5,0.5687334299087524
nurse,2010,2010–19,physicians,5,5,0.5576687574386596
nurse,2010,2010–19,patients,5,5,0.5415822386741638
nurse,2010,2010–19,nursing,4,5,0.5193096548318863
nurse,2010,2010–19,patient,4,5,0.5236475393176079
nurse,2010,2010–19,practitioner,4,5,0.5623881667852402
nurse,2010,2010–19,icu,4,5,0.5189104750752449
nurse,2010,2010–19,neonatal,4,5,0.5149284899234772
nurse,2010,2010–19,hospital,3,5,0.4994731545448303
nurse,2010,2010–19,medical,3,5,0.5040922164916992
nurse,2010,2010–19,rn,3,5,0.5231907367706299
nurse,2010,2010–19,midwife,2,5,0.5648386180400848
nurse,2010,2010–19,lvn,2,5,0.5330578684806824
nurse,2010,2010–19,physician,2,5,0.5517048239707947
nurse,2010,2010–19,anesthesia,2,5,0.5470079481601715
nurse,2010,2010–19,practitioners,2,5,0.5145353674888611
nurse,2010,2010–19,midwives,1,5,0.6105351448059082
nurse,2010,2010–19,cna,1,5,0.5986350178718567
nurse,2010,2010–19,svmh,1,5,0.5512994527816772
nurse,2010,2010–19,psychiatrists,1,5,0.529495894908905
nurse,2010,2010–19,svmc,1,5,0.5105819702148438
nurse,2010,2010–19,hospice,1,5,0.5091646909713745
nurse,2010,2010–19,vanhorne,1,5,0.5551907420158386
nurse,2010,2010–19,hospitalist,1,5,0.5444373488426208
nurse,2010,2010–19,care,1,5,0.49234625697135925
nurse,2010,2010–19,geriatrics,1,5,0.4899546802043915
nurse,2010,2010–19,obstetrician,1,5,0.5443075299263
nurse,2010,2010–19,neurology,1,5,0.5126497149467468
nurse,2010,2010–19,gynecology,1,5,0.49369722604751587
nurse,2010,2010–19,nicu,1,5,0.48631033301353455
nurse,2010,2010–19,oncology,1,5,0.5475304126739502
nurse,2010,2010–19,hospitals,1,5,0.4636269211769104
nurse,2010,2010–19,pediatric,1,5,0.5883265137672424
nurse,2010,2010–19,oncologist,1,5,0.5519222617149353
nurse,2010,2010–19,pediatrician,1,5,0.5006131529808044
nurse,2010,2010–19,clinical,1,5,0.49585410952568054
nurse,2010,2010–19,surgeons,1,5,0.493376225233078
parents,2010,2010–19,mother,5,5,0.5247308909893036
parents,2010,2010–19,families,5,5,0.46522587537765503
parents,2010,2010–19,kids,5,5,0.4808113515377045
parents,2010,2010–19,grandparents,5,5,0.479206907749176
parents,2010,2010–19,children,5,5,0.48229616284370425
parents,2010,2010–19,sibling,5,5,0.4698731184005737
parents,2010,2010–19,mom,4,5,0.47727053612470627
parents,2010,2010–19,adoptive,4,5,0.4798578470945358
parents,2010,2010–19,father,4,5,0.45708904415369034
parents,2010,2010–19,siblings,3,5,0.5039670368035635
parents,2010,2010–19,daughter,3,5,0.4599836866060893
parents,2010,2010–19,teachers,2,5,0.500547245144844
parents,2010,2010–19,parental,2,5,0.4889438599348068
parents,2010,2010–19,chaperones,2,5,0.48621727526187897
parents,2010,2010–19,child,2,5,0.47737281024456024
parents,2010,2010–19,grandparent,2,5,0.4558984935283661
parents,2010,2010–19,landels,1,5,0.4866490960121155
parents,2010,2010–19,administrators,1,5,0.4823880195617676
parents,2010,2010–19,deutermann,1,5,0.45547905564308167
parents,2010,2010–19,developmentally,1,5,0.46123242378234863
parents,2010,2010–19,dads,1,5,0.4429713785648346
parents,2010,2010–19,cuccia,1,5,0.4337330758571625
parents,2010,2010–19,husband,1,5,0.4800000786781311
parents,2010,2010–19,son,1,5,0.4744004011154175
parents,2010,2010–19,novia,1,5,0.455375611782074
parents,2010,2010–19,weinberger,1,5,0.44901904463768005
parents,2010,2010–19,sister,1,5,0.4380355179309845
parents,2010,2010–19,breedlove,1,5,0.4602065086364746
parents,2010,2010–19,dyslexia,1,5,0.45541688799858093
parents,2010,2010–19,schooled,1,5,0.4530617296695709
parents,2010,2010–19,alders,1,5,0.4350462555885315
parents,2010,2010–19,brother,1,5,0.4310883581638336
parents,2010,2010–19,chassidie,1,5,0.43073490262031555
pastor,2010,2010–19,church,5,5,0.652106511592865
pastor,2010,2010–19,rev,5,5,0.6507809042930603
pastor,2010,2010–19,congregation,4,5,0.5795641988515854
pastor,2010,2010–19,baptist,4,5,0.5520201325416565
pastor,2010,2010–19,parishioners,3,5,0.5500893592834473
pastor,2010,2010–19,reverend,3,5,0.5730130672454834
pastor,2010,2010–19,ordained,3,5,0.5455673336982727
pastor,2010,2010–19,deacon,2,5,0.5400756597518921
pastor,2010,2010–19,redeemer,2,5,0.5271751582622528
pastor,2010,2010–19,episcopal,2,5,0.5324554145336151
pastor,2010,2010–19,msgr,2,5,0.5488084554672241
pastor,2010,2010–19,churches,2,5,0.5416103303432465
pastor,2010,2010–19,tabernacle,2,5,0.544546365737915
pastor,2010,2010–19,officiating,2,5,0.6084788739681244
pastor,2010,2010–19,officiate,2,5,0.5642112493515015
pastor,2010,2010–19,congregants,1,5,0.5542544722557068
pastor,2010,2010–19,sermon,1,5,0.5337996482849121
pastor,2010,2010–19,eucharist,1,5,0.5333529114723206
pastor,2010,2010–19,presbyterian,1,5,0.533024251461029
pastor,2010,2010–19,methodist,1,5,0.5316506028175354
pastor,2010,2010–19,evangelical,1,5,0.5275725722312927
pastor,2010,2010–19,ministries,1,5,0.5251721739768982
pastor,2010,2010–19,pentecostal,1,5,0.6105539202690125
pastor,2010,2010–19,congregations,1,5,0.5755971670150757
pastor,2010,2010–19,ame,1,5,0.570644736289978
pastor,2010,2010–19,anglican,1,5,0.5689727663993835
pastor,2010,2010–19,eucharistic,1,5,0.5467556118965149
pastor,2010,2010–19,celebrant,1,5,0.575386643409729
pastor,2010,2010–19,burial,1,5,0.5701382756233215
pastor,2010,2010–19,eshcol,1,5,0.5615208148956299
pastor,2010,2010–19,revs,1,5,0.5460060834884644
pastor,2010,2010–19,entombment,1,5,0.535205602645874
pastor,2010,2010–19,vicar,1,5,0.5336717963218689
pastor,2010,2010–19,archangel,1,5,0.5267536640167236
pastor,2010,2010–19,olivet,1,5,0.5664762854576111
pastor,2010,2010–19,pastoral,1,5,0.5372185707092285
pastor,2010,2010–19,apostolic,1,5,0.51911461353302
pastor,2010,2010–19,reformed,1,5,0.5169415473937988
pastor,2010,2010–19,saari,1,5,0.5024526119232178
pastor,2010,2010–19,minister,1,5,0.5890098214149475
pastor,2010,2010–19,missionary,1,5,0.5468135476112366
pastor,2010,2010–19,donaldson,1,5,0.5246148109436035
pastor,2010,2010–19,kenebrew,1,5,0.5222491025924683
pastor,2010,2010–19,denominations,1,5,0.5194686651229858
pastor,2010,2010–19,worship,1,5,0.519298255443573
pastor,2010,2010–19,sitton,1,5,0.5190412402153015
pastor,2010,2010–19,ministry,1,5,0.5183730721473694
physician,2010,2010–19,patients,5,5,0.6371610164642334
physician,2010,2010–19,doctors,5,5,0.6127654671669006
physician,2010,2010–19,medical,4,5,0.5860251486301422
physician,2010,2010–19,cardiology,4,5,0.5842813849449158
physician,2010,2010–19,medicine,3,5,0.5827444990475973
physician,2010,2010–19,gynecology,3,5,0.6025528113047282
physician,2010,2010–19,obstetrics,3,5,0.588641365369161
physician,2010,2010–19,doctor,2,5,0.5633857250213623
physician,2010,2010–19,anesthesiology,2,5,0.5799092054367065
physician,2010,2010–19,palliative,2,5,0.5833340585231781
physician,2010,2010–19,orthopaedic,2,5,0.5866056978702545
physician,2010,2010–19,interventional,2,5,0.59082892537117
physician,2010,2010–19,pediatrics,2,5,0.5857687890529633
physician,2010,2010–19,neurology,2,5,0.6197136044502258
physician,2010,2010–19,orthopedic,2,5,0.6231438517570496
physician,2010,2010–19,urology,2,5,0.5794965624809265
physician,2010,2010–19,orthopedics,2,5,0.5647224187850952
physician,2010,2010–19,practitioners,2,5,0.5762656331062317
physician,2010,2010–19,pharmacists,1,5,0.592993974685669
physician,2010,2010–19,midwives,1,5,0.5826796293258667
physician,2010,2010–19,pediatricians,1,5,0.5797159671783447
physician,2010,2010–19,sfgh,1,5,0.5678907036781311
physician,2010,2010–19,psychiatrists,1,5,0.5644453167915344
physician,2010,2010–19,clinicians,1,5,0.5638774037361145
physician,2010,2010–19,obstetrician,1,5,0.5588451623916626
physician,2010,2010–19,oncologists,1,5,0.556232750415802
physician,2010,2010–19,hospitalist,1,5,0.6327688694000244
physician,2010,2010–19,nephrology,1,5,0.6014506816864014
physician,2010,2010–19,patient,1,5,0.5958549380302429
physician,2010,2010–19,internist,1,5,0.5951940417289734
physician,2010,2010–19,surgical,1,5,0.5884572863578796
physician,2010,2010–19,gyn,1,5,0.5842271447181702
physician,2010,2010–19,practitioner,1,5,0.6065871119499207
physician,2010,2010–19,prescribing,1,5,0.5504629611968994
physician,2010,2010–19,pediatrician,1,5,0.5480502843856812
physician,2010,2010–19,oncology,1,5,0.5306406021118164
physician,2010,2010–19,anesthesia,1,5,0.5224918723106384
physician,2010,2010–19,pediatric,1,5,0.5921143889427185
physician,2010,2010–19,dermatology,1,5,0.5629980564117432
physician,2010,2010–19,dentists,1,5,0.5504164695739746
physician,2010,2010–19,icu,1,5,0.5479643940925598
physician,2010,2010–19,surgeons,1,5,0.54740971326828
physician,2010,2010–19,nurses,1,5,0.5451732277870178
physician,2010,2010–19,brmc,1,5,0.5432230830192566
police,2010,2010–19,officers,5,5,0.6808327794075012
police,2010,2010–19,officer,5,5,0.5562918424606323
police,2010,2010–19,detectives,4,5,0.5731542110443115
police,2010,2010–19,detective,4,5,0.521848164498806
police,2010,2010–19,deputies,3,5,0.5321375926335653
police,2010,2010–19,patrol,3,5,0.5093006193637848
police,2010,2010–19,patrolman,3,5,0.509897361199061
police,2010,2010–19,lbpd,2,5,0.5418088734149933
police,2010,2010–19,sheriff,2,5,0.545479953289032
police,2010,2010–19,pd,2,5,0.5470654666423798
police,2010,2010–19,sgt,2,5,0.5193487703800201
police,2010,2010–19,troopers,2,5,0.6161170601844788
police,2010,2010–19,det,2,5,0.5078562498092651
police,2010,2010–19,policeman,2,5,0.4989858567714691
police,2010,2010–19,enforcement,1,5,0.5512565970420837
police,2010,2010–19,lapd,1,5,0.5502698421478271
police,2010,2010–19,fbpd,1,5,0.5477293133735657
police,2010,2010–19,ccpd,1,5,0.5449902415275574
police,2010,2010–19,collender,1,5,0.539053201675415
police,2010,2010–19,upd,1,5,0.5323346853256226
police,2010,2010–19,smpd,1,5,0.5320970416069031
police,2010,2010–19,authorities,1,5,0.602837860584259
police,2010,2010–19,cops,1,5,0.5942347049713135
police,2010,2010–19,nypd,1,5,0.5581400990486145
police,2010,2010–19,nysp,1,5,0.5354644060134888
police,2010,2010–19,opd,1,5,0.5292869806289673
police,2010,2010–19,arrest,1,5,0.5232180953025818
police,2010,2010–19,trooper,1,5,0.5474181771278381
police,2010,2010–19,deandrea,1,5,0.5061094164848328
police,2010,2010–19,investigators,1,5,0.5005431771278381
police,2010,2010–19,fairman,1,5,0.4979938566684723
police,2010,2010–19,buglio,1,5,0.4968443810939789
police,2010,2010–19,cpl,1,5,0.49231263995170593
police,2010,2010–19,apd,1,5,0.5531541705131531
police,2010,2010–19,coontz,1,5,0.5281853079795837
police,2010,2010–19,gladis,1,5,0.509849488735199
police,2010,2010–19,cpd,1,5,0.5080074667930603
police,2010,2010–19,pijanowski,1,5,0.5045189261436462
police,2010,2010–19,bokovitz,1,5,0.49223819375038147
police,2010,2010–19,kpd,1,5,0.5741530060768127
police,2010,2010–19,department,1,5,0.5472986698150635
police,2010,2010–19,ppd,1,5,0.5343427658081055
police,2010,2010–19,jpd,1,5,0.5266423225402832
police,2010,2010–19,ure,1,5,0.5194764733314514
police,2010,2010–19,papd,1,5,0.5132853984832764
police,2010,2010–19,npd,1,5,0.49898761510849
police,2010,2010–19,arrested,1,5,0.49879366159439087
police,2010,2010–19,chief,1,5,0.49807265400886536
prosecutor,2010,2010–19,attorney,5,5,0.6403246402740479
prosecutor,2010,2010–19,prosecution,5,5,0.6040322661399842
prosecutor,2010,2010–19,attorneys,4,5,0.5883480161428452
prosecutor,2010,2010–19,trial,4,5,0.5838206708431244
prosecutor,2010,2010–19,prosecuting,4,5,0.5885232985019684
prosecutor,2010,2010–19,prosecuted,3,5,0.5684466163317362
prosecutor,2010,2010–19,jury,3,5,0.5672184228897095
prosecutor,2010,2010–19,mistrial,2,5,0.5482248961925507
prosecutor,2010,2010–19,prosecutorial,2,5,0.6140591204166412
prosecutor,2010,2010–19,retrial,2,5,0.5535606443881989
prosecutor,2010,2010–19,indictment,2,5,0.5443642735481262
prosecutor,2010,2010–19,judge,1,5,0.5788173079490662
prosecutor,2010,2010–19,eyster,1,5,0.5734686255455017
prosecutor,2010,2010–19,lawyer,1,5,0.5682498812675476
prosecutor,2010,2010–19,ocda,1,5,0.5650352239608765
prosecutor,2010,2010–19,defendant,1,5,0.5621055960655212
prosecutor,2010,2010–19,charges,1,5,0.5596577525138855
prosecutor,2010,2010–19,defendants,1,5,0.5566085577011108
prosecutor,2010,2010–19,sentencing,1,5,0.5529704093933105
prosecutor,2010,2010–19,prosecute,1,5,0.5670105218887329
prosecutor,2010,2010–19,rakoff,1,5,0.5647510886192322
prosecutor,2010,2010–19,prosecutions,1,5,0.5624189376831055
prosecutor,2010,2010–19,arcara,1,5,0.552383542060852
prosecutor,2010,2010–19,extortion,1,5,0.5420471429824829
prosecutor,2010,2010–19,centini,1,5,0.5918952822685242
prosecutor,2010,2010–19,pavlico,1,5,0.5662044286727905
prosecutor,2010,2010–19,fannick,1,5,0.5642997622489929
prosecutor,2010,2010–19,testify,1,5,0.5588955283164978
prosecutor,2010,2010–19,acquittal,1,5,0.5492323040962219
prosecutor,2010,2010–19,subpoenaed,1,5,0.547606348991394
prosecutor,2010,2010–19,shargel,1,5,0.5466455817222595
prosecutor,2010,2010–19,consiglio,1,5,0.5390971302986145
prosecutor,2010,2010–19,jarbola,1,5,0.5387778282165527
prosecutor,2010,2010–19,leniency,1,5,0.5369148254394531
prosecutor,2010,2010–19,gebers,1,5,0.6032365560531616
prosecutor,2010,2010–19,bove,1,5,0.5499861836433411
prosecutor,2010,2010–19,zhao,1,5,0.5451488494873047
prosecutor,2010,2010–19,scarsella,1,5,0.544538676738739
prosecutor,2010,2010–19,waldick,1,5,0.5441694259643555
prosecutor,2010,2010–19,schiffel,1,5,0.5405546426773071
prosecutor,2010,2010–19,plea,1,5,0.539467990398407
prosecutor,2010,2010–19,tunnell,1,5,0.5367826223373413
prosecutor,2010,2010–19,vigluicci,1,5,0.5302065014839172
prosecutor,2010,2010–19,murder,1,5,0.5681991577148438
prosecutor,2010,2010–19,case,1,5,0.5632411241531372
prosecutor,2010,2010–19,hartfield,1,5,0.5628897547721863
prosecutor,2010,2010–19,laborde,1,5,0.5610891580581665
prosecutor,2010,2010–19,jurors,1,5,0.5543172955513
prosecutor,2010,2010–19,mclelland,1,5,0.5355432033538818
prosecutor,2010,2010–19,recused,1,5,0.531906247138977
relatives,2010,2010–19,family,5,5,0.45586504340171813
relatives,2010,2010–19,families,3,5,0.460956205924352
relatives,2010,2010–19,parents,3,5,0.42800173163414
relatives,2010,2010–19,friends,3,5,0.42798959215482074
relatives,2010,2010–19,mother,3,5,0.4149385690689087
relatives,2010,2010–19,grandparents,3,5,0.41358282168706256
relatives,2010,2010–19,acquaintances,3,5,0.423004408677419
relatives,2010,2010–19,tsarnaev,2,5,0.40383976697921753
relatives,2010,2010–19,adoptive,2,5,0.40810149908065796
relatives,2010,2010–19,cousins,2,5,0.45321880280971527
relatives,2010,2010–19,widowed,2,5,0.43396589159965515
relatives,2010,2010–19,uncles,2,5,0.40174850821495056
relatives,2010,2010–19,cremated,2,5,0.42857952415943146
relatives,2010,2010–19,cousin,1,5,0.46253541111946106
relatives,2010,2010–19,siblings,1,5,0.43260496854782104
relatives,2010,2010–19,jackee,1,5,0.4140371084213257
relatives,2010,2010–19,brother,1,5,0.41351673007011414
relatives,2010,2010–19,uncle,1,5,0.41151246428489685
relatives,2010,2010–19,steppuhn,1,5,0.40594470500946045
relatives,2010,2010–19,distant,1,5,0.4014197289943695
relatives,2010,2010–19,unaccounted,1,5,0.447470486164093
relatives,2010,2010–19,wacek,1,5,0.4403018057346344
relatives,2010,2010–19,grandparent,1,5,0.4306938946247101
relatives,2010,2010–19,sherese,1,5,0.4234037697315216
relatives,2010,2010–19,shellard,1,5,0.416747510433197
relatives,2010,2010–19,comforted,1,5,0.41296762228012085
relatives,2010,2010–19,neighbors,1,5,0.4124087989330292
relatives,2010,2010–19,blanchet,1,5,0.4435654580593109
relatives,2010,2010–19,berdick,1,5,0.4035307765007019
relatives,2010,2010–19,aunts,1,5,0.3969290554523468
relatives,2010,2010–19,nai,1,5,0.3925051987171173
relatives,2010,2010–19,sister,1,5,0.3911674916744232
relatives,2010,2010–19,sipala,1,5,0.39003244042396545
relatives,2010,2010–19,ancestors,1,5,0.38855409622192383
relatives,2010,2010–19,perished,1,5,0.3870480954647064
relatives,2010,2010–19,orphaned,1,5,0.3854983448982239
relatives,2010,2010–19,joughin,1,5,0.4118719696998596
relatives,2010,2010–19,distraught,1,5,0.4064626395702362
relatives,2010,2010–19,zeljka,1,5,0.39249321818351746
relatives,2010,2010–19,wendling,1,5,0.3923972547054291
relatives,2010,2010–19,townspeople,1,5,0.39066895842552185
relatives,2010,2010–19,cornfield,1,5,0.3889316916465759
relatives,2010,2010–19,blackthorne,1,5,0.3887485861778259
relatives,2010,2010–19,eugenia,1,5,0.43013235926628113
relatives,2010,2010–19,nieces,1,5,0.42596879601478577
relatives,2010,2010–19,bennetts,1,5,0.40503793954849243
relatives,2010,2010–19,niece,1,5,0.40409404039382935
relatives,2010,2010–19,grieved,1,5,0.3976658880710602
relatives,2010,2010–19,nephews,1,5,0.3975420892238617
relatives,2010,2010–19,molested,1,5,0.3965924382209778
relatives,2010,2010–19,poisoned,1,5,0.39648979902267456
relatives,2010,2010–19,sonnier,1,5,0.3964167535305023
relatives,2010,2010–19,malpractice,1,5,0.39076074957847595
secretary,2010,2010–19,president,5,5,0.45986204147338866
secretary,2010,2010–19,treasurer,5,5,0.4916391491889954
secretary,2010,2010–19,aides,4,5,0.469894178211689
secretary,2010,2010–19,vice,4,5,0.4595365971326828
secretary,2010,2010–19,kissinger,2,5,0.5000810921192169
secretary,2010,2010–19,aide,2,5,0.48377442359924316
secretary,2010,2010–19,pompeo,2,5,0.44813983142375946
secretary,2010,2010–19,adviser,2,5,0.4761934131383896
secretary,2010,2010–19,delegate,2,5,0.4348471909761429
secretary,2010,2010–19,representative,2,5,0.41504935920238495
secretary,2010,2010–19,huckabee,2,5,0.4262448102235794
secretary,2010,2010–19,appointee,2,5,0.4340495318174362
secretary,2010,2010–19,rodham,1,5,0.5121416449546814
secretary,2010,2010–19,mayorkas,1,5,0.4731161892414093
secretary,2010,2010–19,advisor,1,5,0.46703171730041504
secretary,2010,2010–19,crowfoot,1,5,0.4627399742603302
secretary,2010,2010–19,bernhardt,1,5,0.45605960488319397
secretary,2010,2010–19,legislative,1,5,0.4503971338272095
secretary,2010,2010–19,adjutant,1,5,0.4474765956401825
secretary,2010,2010–19,supervisory,1,5,0.445302814245224
secretary,2010,2010–19,corresponding,1,5,0.42056378722190857
secretary,2010,2010–19,assistant,1,5,0.4156935214996338
secretary,2010,2010–19,member,1,5,0.4156917631626129
secretary,2010,2010–19,presidents,1,5,0.4155973792076111
secretary,2010,2010–19,ptsa,1,5,0.4154229164123535
secretary,2010,2010–19,appointees,1,5,0.4584295153617859
secretary,2010,2010–19,administrations,1,5,0.4516580104827881
secretary,2010,2010–19,nauert,1,5,0.4495791792869568
secretary,2010,2010–19,thornburgh,1,5,0.4418807923793793
secretary,2010,2010–19,mediator,1,5,0.4323667585849762
secretary,2010,2010–19,tillerson,1,5,0.4290347397327423
secretary,2010,2010–19,governor,1,5,0.42836859822273254
secretary,2010,2010–19,mcginty,1,5,0.42608439922332764
secretary,2010,2010–19,reappointed,1,5,0.41553255915641785
secretary,2010,2010–19,greitens,1,5,0.4888768494129181
secretary,2010,2010–19,directive,1,5,0.48780542612075806
secretary,2010,2010–19,khalsa,1,5,0.47628021240234375
secretary,2010,2010–19,legislator,1,5,0.44839268922805786
secretary,2010,2010–19,advisers,1,5,0.44707798957824707
secretary,2010,2010–19,prof,1,5,0.4368324875831604
secretary,2010,2010–19,petraeus,1,5,0.43612638115882874
secretary,2010,2010–19,veselnitskaya,1,5,0.43284210562705994
secretary,2010,2010–19,moderated,1,5,0.4313543438911438
secretary,2010,2010–19,panhellenic,1,5,0.4266761243343353
secretary,2010,2010–19,treasury,1,5,0.47571074962615967
secretary,2010,2010–19,solicitor,1,5,0.42787885665893555
secretary,2010,2010–19,devos,1,5,0.4247056245803833
secretary,2010,2010–19,appointed,1,5,0.4193250238895416
secretary,2010,2010–19,registrar,1,5,0.4183451235294342
secretary,2010,2010–19,regent,1,5,0.4116916358470917
secretary,2010,2010–19,seconded,1,5,0.411583811044693
secretary,2010,2010–19,postmaster,1,5,0.40759357810020447
secretary,2010,2010–19,custodian,1,5,0.40455394983291626
siblings,2010,2010–19,sister,5,5,0.5992020487785339
siblings,2010,2010–19,brother,5,5,0.6157666206359863
siblings,2010,2010–19,sisters,5,5,0.5535123109817505
siblings,2010,2010–19,mother,5,5,0.5470017790794373
siblings,2010,2010–19,grandparents,5,5,0.5419308185577393
siblings,2010,2010–19,parents,4,5,0.5716704875230789
siblings,2010,2010–19,brothers,4,5,0.5298865735530853
siblings,2010,2010–19,father,3,5,0.5284780462582906
siblings,2010,2010–19,daughter,3,5,0.5227222343285879
siblings,2010,2010–19,sons,3,5,0.5237011909484863
siblings,2010,2010–19,uncles,3,5,0.4918076992034912
siblings,2010,2010–19,son,3,5,0.5058825115362803
siblings,2010,2010–19,adoptive,3,5,0.5169034600257874
siblings,2010,2010–19,eldest,2,5,0.5348713397979736
siblings,2010,2010–19,nieces,2,5,0.5213506519794464
siblings,2010,2010–19,older,2,5,0.5012757629156113
siblings,2010,2010–19,children,2,5,0.4974726736545563
siblings,2010,2010–19,aunts,2,5,0.5325244963169098
siblings,2010,2010–19,grandchild,2,5,0.49466200172901154
siblings,2010,2010–19,cousin,1,5,0.5710992217063904
siblings,2010,2010–19,mom,1,5,0.5413120985031128
siblings,2010,2010–19,stepchildren,1,5,0.5407704710960388
siblings,2010,2010–19,stepfather,1,5,0.5093919038772583
siblings,2010,2010–19,widowed,1,5,0.5078026056289673
siblings,2010,2010–19,stepsister,1,5,0.49800950288772583
siblings,2010,2010–19,stepbrother,1,5,0.49037137627601624
siblings,2010,2010–19,stepmother,1,5,0.5404973030090332
siblings,2010,2010–19,nephews,1,5,0.5158262848854065
siblings,2010,2010–19,granddaughters,1,5,0.5024394392967224
siblings,2010,2010–19,triplets,1,5,0.5036965012550354
siblings,2010,2010–19,breedlove,1,5,0.4679868817329407
soldier,2010,2010–19,army,5,5,0.5539197325706482
soldier,2010,2010–19,troops,5,5,0.5532769680023193
soldier,2010,2010–19,war,4,5,0.5436712503433228
soldier,2010,2010–19,regiment,4,5,0.5220545828342438
soldier,2010,2010–19,military,3,5,0.5489836931228638
soldier,2010,2010–19,servicemen,3,5,0.5803582866986593
soldier,2010,2010–19,comrades,3,5,0.5351001024246216
soldier,2010,2010–19,afghanistan,3,5,0.5339429974555969
soldier,2010,2010–19,civilians,3,5,0.5123337507247925
soldier,2010,2010–19,viet,3,5,0.5278783837954203
soldier,2010,2010–19,marines,2,5,0.5422699749469757
soldier,2010,2010–19,vietnam,2,5,0.5287276208400726
soldier,2010,2010–19,paratrooper,2,5,0.5555367469787598
soldier,2010,2010–19,battlefields,2,5,0.5514484345912933
soldier,2010,2010–19,cavalry,2,5,0.5203215479850769
soldier,2010,2010–19,infantry,2,5,0.5211093127727509
soldier,2010,2010–19,confederate,2,5,0.5181164443492889
soldier,2010,2010–19,battlefield,2,5,0.5123447477817535
soldier,2010,2010–19,infantryman,1,5,0.5831910967826843
soldier,2010,2010–19,guardsmen,1,5,0.5389805436134338
soldier,2010,2010–19,guadalcanal,1,5,0.5291063785552979
soldier,2010,2010–19,countrymen,1,5,0.540307879447937
soldier,2010,2010–19,gunner,1,5,0.5354787707328796
soldier,2010,2010–19,iraq,1,5,0.5350540280342102
soldier,2010,2010–19,khe,1,5,0.5276488065719604
soldier,2010,2010–19,pows,1,5,0.5226941108703613
soldier,2010,2010–19,airmen,1,5,0.5441729426383972
soldier,2010,2010–19,mortally,1,5,0.5154509544372559
soldier,2010,2010–19,hoefling,1,5,0.4943580627441406
soldier,2010,2010–19,airey,1,5,0.489981085062027
soldier,2010,2010–19,sailors,1,5,0.5147095918655396
soldier,2010,2010–19,barracks,1,5,0.4985385239124298
soldier,2010,2010–19,germans,1,5,0.4960212707519531
soldier,2010,2010–19,peshmerga,1,5,0.5851679444313049
soldier,2010,2010–19,carde,1,5,0.5641369223594666
soldier,2010,2010–19,sniper,1,5,0.5199518203735352
soldier,2010,2010–19,okinawa,1,5,0.5176635384559631
soldier,2010,2010–19,anwar,1,5,0.5142052173614502
soldier,2010,2010–19,grenada,1,5,0.5093146562576294
soldier,2010,2010–19,deployments,1,5,0.5039494633674622
soldier,2010,2010–19,wwii,1,5,0.4985758364200592
surgeon,2010,2010–19,orthopedic,5,5,0.6661920428276062
surgeon,2010,2010–19,surgery,5,5,0.5918171644210816
surgeon,2010,2010–19,doctors,5,5,0.5761194348335266
surgeon,2010,2010–19,physicians,4,5,0.5503822267055511
surgeon,2010,2010–19,cardiology,3,5,0.5366721153259277
surgeon,2010,2010–19,urology,3,5,0.5990433891614279
surgeon,2010,2010–19,gynecology,3,5,0.6098548571268717
surgeon,2010,2010–19,orthopedics,3,5,0.5804853836695353
surgeon,2010,2010–19,reconstructive,2,5,0.5888193845748901
surgeon,2010,2010–19,neurosurgery,2,5,0.5434379279613495
surgeon,2010,2010–19,surgical,2,5,0.5347276031970978
surgeon,2010,2010–19,neurology,2,5,0.6053048074245453
surgeon,2010,2010–19,orthopaedic,2,5,0.5982664823532104
surgeon,2010,2010–19,interventional,2,5,0.5485852062702179
surgeon,2010,2010–19,vascular,2,5,0.6033234894275665
surgeon,2010,2010–19,obstetrics,2,5,0.582609087228775
surgeon,2010,2010–19,physician,2,5,0.5505419671535492
surgeon,2010,2010–19,ophthalmology,1,5,0.5444735288619995
surgeon,2010,2010–19,bariatric,1,5,0.5315170884132385
surgeon,2010,2010–19,anesthesiologist,1,5,0.5286415219306946
surgeon,2010,2010–19,neurosurgeon,1,5,0.5235312581062317
surgeon,2010,2010–19,dermatologist,1,5,0.5148736834526062
surgeon,2010,2010–19,rheumatology,1,5,0.5107547044754028
surgeon,2010,2010–19,surgeries,1,5,0.5067722797393799
surgeon,2010,2010–19,endocrinology,1,5,0.5777451395988464
surgeon,2010,2010–19,nephrology,1,5,0.5682834982872009
surgeon,2010,2010–19,gastroenterology,1,5,0.5568087697029114
surgeon,2010,2010–19,gyn,1,5,0.6094030141830444
surgeon,2010,2010–19,transplantation,1,5,0.5985271334648132
surgeon,2010,2010–19,spine,1,5,0.593477189540863
surgeon,2010,2010–19,implants,1,5,0.5741164088249207
surgeon,2010,2010–19,oncologist,1,5,0.5570604205131531
surgeon,2010,2010–19,medicine,1,5,0.5116121768951416
surgeon,2010,2010–19,pediatrics,1,5,0.5109183192253113
surgeon,2010,2010–19,cardiovascular,1,5,0.5069258213043213
surgeon,2010,2010–19,oncology,1,5,0.5044512748718262
surgeon,2010,2010–19,neurologist,1,5,0.5672489404678345
surgeon,2010,2010–19,diagnostic,1,5,0.5532280206680298
surgeon,2010,2010–19,pediatric,1,5,0.5527936220169067
surgeon,2010,2010–19,dermatology,1,5,0.549534261226654
surgeon,2010,2010–19,patients,1,5,0.5409615635871887
surgeon,2010,2010–19,cardiologist,1,5,0.5395093560218811
surgeon,2010,2010–19,gottschalk,1,5,0.533984899520874
veterinarian,2010,2010–19,veterinary,4,5,0.5857523158192635
veterinarian,2010,2010–19,animals,4,5,0.49351734668016434
veterinarian,2010,2010–19,euthanized,4,5,0.5137908607721329
veterinarian,2010,2010–19,animal,3,5,0.501692920923233
veterinarian,2010,2010–19,vaccinations,3,5,0.48979472120602924
veterinarian,2010,2010–19,spayed,3,5,0.5233580072720846
veterinarian,2010,2010–19,antibiotics,3,5,0.518266886472702
veterinarian,2010,2010–19,vet,2,5,0.5223170071840286
veterinarian,2010,2010–19,anesthesia,2,5,0.5221401154994965
veterinarian,2010,2010–19,equine,2,5,0.5140119791030884
veterinarian,2010,2010–19,emaciated,2,5,0.5015005320310593
veterinarian,2010,2010–19,rabies,2,5,0.47840307652950287
veterinarian,2010,2010–19,neutered,2,5,0.490631103515625
veterinarian,2010,2010–19,neuter,2,5,0.45810461044311523
veterinarian,2010,2010–19,vaccines,2,5,0.5178683251142502
veterinarian,2010,2010–19,microchipped,1,5,0.5502266883850098
veterinarian,2010,2010–19,euthanize,1,5,0.5074195265769958
veterinarian,2010,2010–19,gratteau,1,5,0.5061951279640198
veterinarian,2010,2010–19,spaying,1,5,0.49873775243759155
veterinarian,2010,2010–19,neutering,1,5,0.4931848347187042
veterinarian,2010,2010–19,doctors,1,5,0.48549318313598633
veterinarian,2010,2010–19,nutritionist,1,5,0.4836239814758301
veterinarian,2010,2010–19,dogs,1,5,0.48014524579048157
veterinarian,2010,2010–19,cats,1,5,0.46601566672325134
veterinarian,2010,2010–19,breeder,1,5,0.4477161169052124
veterinarian,2010,2010–19,uechi,1,5,0.4426344633102417
veterinarian,2010,2010–19,calves,1,5,0.44166484475135803
veterinarian,2010,2010–19,parvo,1,5,0.5552801489830017
veterinarian,2010,2010–19,harthorn,1,5,0.5357717871665955
veterinarian,2010,2010–19,spong,1,5,0.534684956073761
veterinarian,2010,2010–19,papp,1,5,0.5158061981201172
veterinarian,2010,2010–19,digestive,1,5,0.5018483996391296
veterinarian,2010,2010–19,prescribe,1,5,0.4896252155303955
veterinarian,2010,2010–19,kennels,1,5,0.5193576812744141
veterinarian,2010,2010–19,dondorfer,1,5,0.5030503273010254
veterinarian,2010,2010–19,breeders,1,5,0.4975478947162628
veterinarian,2010,2010–19,spay,1,5,0.49229520559310913
veterinarian,2010,2010–19,opie,1,5,0.4910162687301636
veterinarian,2010,2010–19,preventive,1,5,0.48633047938346863
veterinarian,2010,2010–19,infection,1,5,0.47458747029304504
veterinarian,2010,2010–19,abnormalities,1,5,0.5638167858123779
veterinarian,2010,2010–19,equines,1,5,0.5201892852783203
veterinarian,2010,2010–19,vaccine,1,5,0.5152168273925781
veterinarian,2010,2010–19,orthopedic,1,5,0.5109291672706604
veterinarian,2010,2010–19,pulmonary,1,5,0.5106773376464844
veterinarian,2010,2010–19,fertility,1,5,0.5038467049598694
veterinarian,2010,2010–19,pancreas,1,5,0.49718862771987915
veterinarian,2010,2010–19,diagnostic,1,5,0.4955304265022278
veterinarian,2010,2010–19,patients,1,5,0.4938768446445465
veterinarian,2010,2010–19,neurologist,1,5,0.4937642514705658
accountant,2015,2015–24,cpa,5,5,0.4887568950653076
accountant,2015,2015–24,bookkeeper,4,5,0.44152069091796875
accountant,2015,2015–24,accounting,4,5,0.458931639790535
accountant,2015,2015–24,certified,4,5,0.4357636794447899
accountant,2015,2015–24,lawyers,2,5,0.4585102051496506
accountant,2015,2015–24,hired,2,5,0.4519340693950653
accountant,2015,2015–24,firm,2,5,0.4428047388792038
accountant,2015,2015–24,auditing,2,5,0.4978780448436737
accountant,2015,2015–24,paralegal,2,5,0.45164933800697327
accountant,2015,2015–24,machinist,2,5,0.39029374718666077
accountant,2015,2015–24,employed,2,5,0.3821651190519333
accountant,2015,2015–24,electrician,2,5,0.3842700868844986
accountant,2015,2015–24,notary,1,5,0.48698821663856506
accountant,2015,2015–24,salaried,1,5,0.4757474660873413
accountant,2015,2015–24,lawyer,1,5,0.4544016718864441
accountant,2015,2015–24,professionals,1,5,0.4488060176372528
accountant,2015,2015–24,pricewaterhousecoopers,1,5,0.43527016043663025
accountant,2015,2015–24,firms,1,5,0.42958003282546997
accountant,2015,2015–24,consulting,1,5,0.42879655957221985
accountant,2015,2015–24,overpaid,1,5,0.4273954927921295
accountant,2015,2015–24,skadden,1,5,0.46650031208992004
accountant,2015,2015–24,auditor,1,5,0.4442194104194641
accountant,2015,2015–24,advisors,1,5,0.44413089752197266
accountant,2015,2015–24,salespeople,1,5,0.4330286681652069
accountant,2015,2015–24,citibank,1,5,0.42787930369377136
accountant,2015,2015–24,deloitte,1,5,0.42716220021247864
accountant,2015,2015–24,consultancy,1,5,0.42270055413246155
accountant,2015,2015–24,accountancy,1,5,0.41886162757873535
accountant,2015,2015–24,mechanic,1,5,0.4131907820701599
accountant,2015,2015–24,receptionist,1,5,0.40444496273994446
accountant,2015,2015–24,welder,1,5,0.40156465768814087
accountant,2015,2015–24,stna,1,5,0.400441974401474
accountant,2015,2015–24,seresun,1,5,0.3920539617538452
accountant,2015,2015–24,smalley,1,5,0.38728684186935425
accountant,2015,2015–24,technician,1,5,0.38247939944267273
accountant,2015,2015–24,walder,1,5,0.3763195872306824
accountant,2015,2015–24,programmer,1,5,0.4396240711212158
accountant,2015,2015–24,plumber,1,5,0.4062193036079407
accountant,2015,2015–24,charters,1,5,0.40237927436828613
accountant,2015,2015–24,consultant,1,5,0.40110349655151367
accountant,2015,2015–24,worked,1,5,0.3873728811740875
accountant,2015,2015–24,homemaker,1,5,0.38650572299957275
accountant,2015,2015–24,broker,1,5,0.3840365707874298
accountant,2015,2015–24,mba,1,5,0.38013288378715515
accountant,2015,2015–24,finance,1,5,0.37769585847854614
accountant,2015,2015–24,custodian,1,5,0.3669090270996094
accountant,2015,2015–24,llp,1,5,0.4749915301799774
accountant,2015,2015–24,taxation,1,5,0.45392531156539917
accountant,2015,2015–24,sklanka,1,5,0.4504891633987427
accountant,2015,2015–24,mckiernan,1,5,0.44835031032562256
accountant,2015,2015–24,juris,1,5,0.44753745198249817
accountant,2015,2015–24,brokerage,1,5,0.4386022984981537
accountant,2015,2015–24,wevodau,1,5,0.4362141191959381
accountant,2015,2015–24,yass,1,5,0.4332044720649719
attendant,2015,2015–24,flight,4,5,0.4519955888390541
attendant,2015,2015–24,passengers,3,5,0.4303172727425893
attendant,2015,2015–24,nurse,3,5,0.39569661021232605
attendant,2015,2015–24,airlines,2,5,0.442812517285347
attendant,2015,2015–24,airline,2,5,0.3979063630104065
attendant,2015,2015–24,disembark,2,5,0.4129550904035568
attendant,2015,2015–24,takeoff,2,5,0.41251397132873535
attendant,2015,2015–24,cashiers,1,5,0.44004905223846436
attendant,2015,2015–24,waitress,1,5,0.43371352553367615
attendant,2015,2015–24,waited,1,5,0.4292888939380646
attendant,2015,2015–24,dishwashers,1,5,0.4129706919193268
attendant,2015,2015–24,galley,1,5,0.41023263335227966
attendant,2015,2015–24,bodyguards,1,5,0.3980666697025299
attendant,2015,2015–24,chauffeur,1,5,0.39684557914733887
attendant,2015,2015–24,lgb,1,5,0.3879185616970062
attendant,2015,2015–24,riveter,1,5,0.3835447430610657
attendant,2015,2015–24,trento,1,5,0.42634522914886475
attendant,2015,2015–24,fusco,1,5,0.4225159287452698
attendant,2015,2015–24,driver,1,5,0.414183646440506
attendant,2015,2015–24,tarmac,1,5,0.41205403208732605
attendant,2015,2015–24,bus,1,5,0.40394556522369385
attendant,2015,2015–24,lidge,1,5,0.39889511466026306
attendant,2015,2015–24,strollers,1,5,0.39351820945739746
attendant,2015,2015–24,exited,1,5,0.39065617322921753
attendant,2015,2015–24,backseat,1,5,0.38439038395881653
attendant,2015,2015–24,taxi,1,5,0.37105488777160645
attendant,2015,2015–24,lifenet,1,5,0.3701367974281311
attendant,2015,2015–24,mikayla,1,5,0.5341173410415649
attendant,2015,2015–24,kassidy,1,5,0.5294071435928345
attendant,2015,2015–24,mickenzie,1,5,0.5203487873077393
attendant,2015,2015–24,alayna,1,5,0.4884571433067322
attendant,2015,2015–24,queen,1,5,0.4819391667842865
attendant,2015,2015–24,rohrs,1,5,0.47789862751960754
attendant,2015,2015–24,lilah,1,5,0.4772338569164276
attendant,2015,2015–24,joslynn,1,5,0.47627750039100647
attendant,2015,2015–24,zoey,1,5,0.47051116824150085
attendant,2015,2015–24,capehart,1,5,0.4591871500015259
attendant,2015,2015–24,madyson,1,5,0.45776084065437317
attendant,2015,2015–24,brooklynn,1,5,0.457530677318573
attendant,2015,2015–24,alivia,1,5,0.45184600353240967
attendant,2015,2015–24,brylee,1,5,0.4489732086658478
attendant,2015,2015–24,karsyn,1,5,0.4471157491207123
attendant,2015,2015–24,valet,1,5,0.48652008175849915
attendant,2015,2015–24,baggage,1,5,0.4625200629234314
attendant,2015,2015–24,hovering,1,5,0.43444961309432983
attendant,2015,2015–24,onboard,1,5,0.4263026714324951
attendant,2015,2015–24,bombed,1,5,0.4259282350540161
attendant,2015,2015–24,medics,1,5,0.4199669361114502
attendant,2015,2015–24,unloading,1,5,0.4150865972042084
attendant,2015,2015–24,emts,1,5,0.41286084055900574
attendant,2015,2015–24,stretcher,1,5,0.41130125522613525
attendant,2015,2015–24,serviced,1,5,0.4085334241390228
attendant,2015,2015–24,kaylor,1,5,0.4069291055202484
attendant,2015,2015–24,hodgson,1,5,0.40535950660705566
attendant,2015,2015–24,speakeasy,1,5,0.398080438375473
attendant,2015,2015–24,hijackers,1,5,0.4987921118736267
attendant,2015,2015–24,twa,1,5,0.43361151218414307
attendant,2015,2015–24,stairwell,1,5,0.42014992237091064
attendant,2015,2015–24,hijacked,1,5,0.41945749521255493
attendant,2015,2015–24,extricate,1,5,0.4168243110179901
attendant,2015,2015–24,frantically,1,5,0.4148692786693573
attendant,2015,2015–24,crew,1,5,0.4080144762992859
attendant,2015,2015–24,plane,1,5,0.40776947140693665
attendant,2015,2015–24,hurried,1,5,0.40581464767456055
attorney,2015,2015–24,lawyer,5,5,0.637681496143341
attorney,2015,2015–24,counsel,5,5,0.5827166795730591
attorney,2015,2015–24,lawyers,5,5,0.6089316964149475
attorney,2015,2015–24,prosecutor,5,5,0.6123749136924743
attorney,2015,2015–24,prosecutors,5,5,0.5828843116760254
attorney,2015,2015–24,judge,4,5,0.5632389932870865
attorney,2015,2015–24,prosecuted,4,5,0.5455240905284882
attorney,2015,2015–24,prosecution,4,5,0.5545848906040192
attorney,2015,2015–24,prosecuting,3,5,0.5773376226425171
attorney,2015,2015–24,solicitor,2,5,0.5843693017959595
attorney,2015,2015–24,sarsfield,1,5,0.5897476673126221
attorney,2015,2015–24,litigation,1,5,0.588690996170044
attorney,2015,2015–24,libman,1,5,0.5762704014778137
attorney,2015,2015–24,litigator,1,5,0.5757179260253906
attorney,2015,2015–24,plaintiffs,1,5,0.5599533319473267
attorney,2015,2015–24,burum,1,5,0.5582593679428101
attorney,2015,2015–24,habba,1,5,0.5727391242980957
attorney,2015,2015–24,sdny,1,5,0.5695729851722717
attorney,2015,2015–24,pulizotto,1,5,0.5430909395217896
attorney,2015,2015–24,crotty,1,5,0.5404310822486877
attorney,2015,2015–24,magistrate,1,5,0.5395987033843994
attorney,2015,2015–24,litigated,1,5,0.5313568115234375
attorney,2015,2015–24,nowicki,1,5,0.5640619397163391
attorney,2015,2015–24,mangone,1,5,0.5482938885688782
attorney,2015,2015–24,galvez,1,5,0.5383954644203186
attorney,2015,2015–24,dann,1,5,0.5322272777557373
attorney,2015,2015–24,continuance,1,5,0.5304021835327148
attorney,2015,2015–24,appellate,1,5,0.5261595249176025
attorney,2015,2015–24,rolf,1,5,0.5212052464485168
attorney,2015,2015–24,ruehlman,1,5,0.5205621123313904
attorney,2015,2015–24,recused,1,5,0.5576723217964172
attorney,2015,2015–24,recuse,1,5,0.5504146218299866
attorney,2015,2015–24,earthjustice,1,5,0.5401034355163574
attorney,2015,2015–24,court,1,5,0.5158767104148865
attorney,2015,2015–24,kenda,1,5,0.5057885050773621
attorney,2015,2015–24,writ,1,5,0.5051754117012024
attorney,2015,2015–24,arguments,1,5,0.5039808750152588
attorney,2015,2015–24,peruto,1,5,0.5469703674316406
attorney,2015,2015–24,vettenburg,1,5,0.5382441282272339
attorney,2015,2015–24,shargel,1,5,0.5300796627998352
attorney,2015,2015–24,case,1,5,0.5265304446220398
attorney,2015,2015–24,consiglio,1,5,0.5261632800102234
attorney,2015,2015–24,lupas,1,5,0.519403874874115
author,2015,2015–24,book,5,5,0.519666063785553
author,2015,2015–24,authored,5,5,0.4829204440116882
author,2015,2015–24,nonfiction,4,5,0.4704977571964264
author,2015,2015–24,novelist,3,5,0.4972550670305888
author,2015,2015–24,bestselling,3,5,0.5531212687492371
author,2015,2015–24,books,3,5,0.4829710324605306
author,2015,2015–24,novels,3,5,0.5009093185265859
author,2015,2015–24,writers,2,5,0.4379550814628601
author,2015,2015–24,illustrator,2,5,0.5062209218740463
author,2015,2015–24,coauthors,1,5,0.537261426448822
author,2015,2015–24,neuroscientist,1,5,0.5267510414123535
author,2015,2015–24,phd,1,5,0.5163081884384155
author,2015,2015–24,zavaleta,1,5,0.5127537250518799
author,2015,2015–24,coauthor,1,5,0.5051606297492981
author,2015,2015–24,scd,1,5,0.5018695592880249
author,2015,2015–24,glantz,1,5,0.49112436175346375
author,2015,2015–24,researcher,1,5,0.4874780476093292
author,2015,2015–24,md,1,5,0.4867610037326813
author,2015,2015–24,study,1,5,0.4753064513206482
author,2015,2015–24,postdoctoral,1,5,0.4700981378555298
author,2015,2015–24,burchard,1,5,0.47002342343330383
author,2015,2015–24,essayist,1,5,0.493024617433548
author,2015,2015–24,illustrators,1,5,0.4817889630794525
author,2015,2015–24,bronxtimes,1,5,0.46914994716644287
author,2015,2015–24,ethnics,1,5,0.46378979086875916
author,2015,2015–24,written,1,5,0.45344436168670654
author,2015,2015–24,llywelyn,1,5,0.4522344768047333
author,2015,2015–24,rowling,1,5,0.4487003982067108
author,2015,2015–24,pantorno,1,5,0.4485096037387848
author,2015,2015–24,bestseller,1,5,0.5150170922279358
author,2015,2015–24,acclaimed,1,5,0.46932539343833923
author,2015,2015–24,fiction,1,5,0.4690457284450531
author,2015,2015–24,edits,1,5,0.46116870641708374
author,2015,2015–24,perrier,1,5,0.4610307812690735
author,2015,2015–24,filmmaker,1,5,0.45456117391586304
author,2015,2015–24,literary,1,5,0.45269304513931274
author,2015,2015–24,crockford,1,5,0.47444677352905273
author,2015,2015–24,byline,1,5,0.45602336525917053
author,2015,2015–24,rumbley,1,5,0.45458686351776123
author,2015,2015–24,philosopher,1,5,0.44758832454681396
author,2015,2015–24,anthology,1,5,0.4294871687889099
author,2015,2015–24,playwright,1,5,0.42160120606422424
author,2015,2015–24,cookbook,1,5,0.42112743854522705
author,2015,2015–24,klostermann,1,5,0.4183264374732971
author,2015,2015–24,misogyny,1,5,0.41760778427124023
author,2015,2015–24,screenwriter,1,5,0.5273234844207764
author,2015,2015–24,maulik,1,5,0.46050015091896057
author,2015,2015–24,historian,1,5,0.4599093794822693
author,2015,2015–24,pward,1,5,0.44535374641418457
author,2015,2015–24,scholarly,1,5,0.4435480237007141
author,2015,2015–24,laureate,1,5,0.4425621032714844
author,2015,2015–24,mowday,1,5,0.44200488924980164
author,2015,2015–24,lecturer,1,5,0.44098615646362305
author,2015,2015–24,diaries,1,5,0.4394993185997009
baby,2015,2015–24,newborn,5,5,0.5496834754943848
baby,2015,2015–24,infant,5,5,0.457098251581192
baby,2015,2015–24,newborns,4,5,0.5356801822781563
baby,2015,2015–24,infants,3,5,0.5422824919223785
baby,2015,2015–24,children,3,5,0.4580839474995931
baby,2015,2015–24,momma,3,5,0.45523617664972943
baby,2015,2015–24,fawns,2,5,0.4884064942598343
baby,2015,2015–24,adorable,2,5,0.48681943118572235
baby,2015,2015–24,nicu,2,5,0.5147219896316528
baby,2015,2015–24,toddler,2,5,0.48780010640621185
baby,2015,2015–24,birth,2,5,0.47883129119873047
baby,2015,2015–24,mother,2,5,0.48269012570381165
baby,2015,2015–24,womb,2,5,0.4857010245323181
baby,2015,2015–24,mommy,2,5,0.46565617620944977
baby,2015,2015–24,ducklings,2,5,0.45761363208293915
baby,2015,2015–24,crib,2,5,0.47380979359149933
baby,2015,2015–24,kitten,2,5,0.4606776535511017
baby,2015,2015–24,toddlers,2,5,0.45036281645298004
baby,2015,2015–24,kittens,2,5,0.47563889622688293
baby,2015,2015–24,diaper,2,5,0.45114846527576447
baby,2015,2015–24,litters,1,5,0.50458163022995
baby,2015,2015–24,mothers,1,5,0.5038607120513916
baby,2015,2015–24,foals,1,5,0.49170365929603577
baby,2015,2015–24,eaglet,1,5,0.48580336570739746
baby,2015,2015–24,expectant,1,5,0.4781256318092346
baby,2015,2015–24,chicks,1,5,0.4781084358692169
baby,2015,2015–24,births,1,5,0.45137858390808105
baby,2015,2015–24,neonatal,1,5,0.46099427342414856
baby,2015,2015–24,unborn,1,5,0.4393344521522522
baby,2015,2015–24,birthing,1,5,0.43543484807014465
baby,2015,2015–24,saver,1,5,0.4266093671321869
baby,2015,2015–24,diapers,1,5,0.4236595928668976
baby,2015,2015–24,girl,1,5,0.4228241443634033
baby,2015,2015–24,gorilla,1,5,0.4758940637111664
baby,2015,2015–24,jameela,1,5,0.4753727614879608
baby,2015,2015–24,breyla,1,5,0.46841078996658325
baby,2015,2015–24,premature,1,5,0.46603623032569885
baby,2015,2015–24,mom,1,5,0.45098286867141724
baby,2015,2015–24,pregnant,1,5,0.4758131802082062
baby,2015,2015–24,frail,1,5,0.4723066985607147
baby,2015,2015–24,boomers,1,5,0.4584512412548065
baby,2015,2015–24,puppies,1,5,0.45565882325172424
baby,2015,2015–24,midwife,1,5,0.4396122097969055
baby,2015,2015–24,miscarriage,1,5,0.43390169739723206
biologist,2015,2015–24,wildlife,5,5,0.611587381362915
biologist,2015,2015–24,fisheries,5,5,0.5937625885009765
biologist,2015,2015–24,species,5,5,0.5337819576263427
biologist,2015,2015–24,ecologist,2,5,0.6146600246429443
biologist,2015,2015–24,scientists,2,5,0.5017838180065155
biologist,2015,2015–24,freshwater,2,5,0.5625753700733185
biologist,2015,2015–24,waterfowl,2,5,0.5755532085895538
biologist,2015,2015–24,biodiversity,2,5,0.5418061912059784
biologist,2015,2015–24,sikich,1,5,0.619503915309906
biologist,2015,2015–24,carnivores,1,5,0.5496131777763367
biologist,2015,2015–24,oceanographer,1,5,0.5273865461349487
biologist,2015,2015–24,researcher,1,5,0.5249893665313721
biologist,2015,2015–24,estuarine,1,5,0.5157902836799622
biologist,2015,2015–24,fwp,1,5,0.506577730178833
biologist,2015,2015–24,vertebrate,1,5,0.5047780275344849
biologist,2015,2015–24,janiger,1,5,0.5019000768661499
biologist,2015,2015–24,seabird,1,5,0.49981066584587097
biologist,2015,2015–24,dfw,1,5,0.4944237768650055
biologist,2015,2015–24,naturalist,1,5,0.5287794470787048
biologist,2015,2015–24,ornithology,1,5,0.5111051201820374
biologist,2015,2015–24,aquaculture,1,5,0.5052803158760071
biologist,2015,2015–24,eurasian,1,5,0.4966450333595276
biologist,2015,2015–24,habitats,1,5,0.49619194865226746
biologist,2015,2015–24,gobler,1,5,0.49254703521728516
biologist,2015,2015–24,forage,1,5,0.49130716919898987
biologist,2015,2015–24,grouse,1,5,0.4910242259502411
biologist,2015,2015–24,organisms,1,5,0.49015089869499207
biologist,2015,2015–24,migratory,1,5,0.4760923385620117
biologist,2015,2015–24,popescu,1,5,0.6458327174186707
biologist,2015,2015–24,emmert,1,5,0.592481791973114
biologist,2015,2015–24,wildohio,1,5,0.5784968137741089
biologist,2015,2015–24,smallmouth,1,5,0.5758287906646729
biologist,2015,2015–24,muskie,1,5,0.5717676877975464
biologist,2015,2015–24,geological,1,5,0.5606964826583862
biologist,2015,2015–24,snails,1,5,0.5564910173416138
biologist,2015,2015–24,nests,1,5,0.5511091351509094
biologist,2015,2015–24,odnr,1,5,0.5505943894386292
biologist,2015,2015–24,tpwd,1,5,0.5706607103347778
biologist,2015,2015–24,seagrass,1,5,0.5699886083602905
biologist,2015,2015–24,salvinia,1,5,0.5511462092399597
biologist,2015,2015–24,manatees,1,5,0.5494163632392883
biologist,2015,2015–24,flamingos,1,5,0.5437362194061279
biologist,2015,2015–24,mammoths,1,5,0.5399966835975647
biologist,2015,2015–24,marshes,1,5,0.5398983955383301
biologist,2015,2015–24,wasps,1,5,0.5388040542602539
biologist,2015,2015–24,boater,1,5,0.5323501825332642
biologist,2015,2015–24,carcass,1,5,0.5305922031402588
biologist,2015,2015–24,fishery,1,5,0.6217995285987854
biologist,2015,2015–24,amphibians,1,5,0.5944902896881104
biologist,2015,2015–24,ecology,1,5,0.5761569738388062
biologist,2015,2015–24,gobies,1,5,0.5652012825012207
biologist,2015,2015–24,entomology,1,5,0.5485619306564331
biologist,2015,2015–24,pgc,1,5,0.5475862622261047
biologist,2015,2015–24,mange,1,5,0.5454381108283997
biologist,2015,2015–24,tailed,1,5,0.5427252650260925
biologist,2015,2015–24,fishers,1,5,0.537206768989563
biologist,2015,2015–24,fish,1,5,0.5370554327964783
biologist,2015,2015–24,massasauga,1,5,0.5337265133857727
broker,2015,2015–24,brokerage,5,5,0.58839910030365
broker,2015,2015–24,estate,5,5,0.5499556660652161
broker,2015,2015–24,coldwell,2,5,0.5322741270065308
broker,2015,2015–24,cushman,2,5,0.48455770313739777
broker,2015,2015–24,cbre,2,5,0.5035209357738495
broker,2015,2015–24,realty,2,5,0.47838497161865234
broker,2015,2015–24,investor,2,5,0.47068753838539124
broker,2015,2015–24,real,2,5,0.469150573015213
broker,2015,2015–24,transactions,2,5,0.46777109801769257
broker,2015,2015–24,lender,2,5,0.5177636295557022
broker,2015,2015–24,buyer,2,5,0.5012086629867554
broker,2015,2015–24,companies,2,5,0.4628208130598068
broker,2015,2015–24,lenders,2,5,0.4783290773630142
broker,2015,2015–24,colliers,1,5,0.586110532283783
broker,2015,2015–24,voit,1,5,0.5019426345825195
broker,2015,2015–24,jll,1,5,0.49809530377388
broker,2015,2015–24,brokered,1,5,0.4896712601184845
broker,2015,2015–24,banker,1,5,0.4890817105770111
broker,2015,2015–24,newmark,1,5,0.4781111180782318
broker,2015,2015–24,browman,1,5,0.47671857476234436
broker,2015,2015–24,belleci,1,5,0.47137293219566345
broker,2015,2015–24,elliman,1,5,0.5303792953491211
broker,2015,2015–24,salespeople,1,5,0.5205911993980408
broker,2015,2015–24,laffey,1,5,0.4978891611099243
broker,2015,2015–24,sotheby,1,5,0.4964718520641327
broker,2015,2015–24,plyam,1,5,0.485995888710022
broker,2015,2015–24,levack,1,5,0.4833223819732666
broker,2015,2015–24,realtors,1,5,0.4660959839820862
broker,2015,2015–24,lorber,1,5,0.45581454038619995
broker,2015,2015–24,llcs,1,5,0.5147121548652649
broker,2015,2015–24,reputable,1,5,0.4970877468585968
broker,2015,2015–24,glockner,1,5,0.47121289372444153
broker,2015,2015–24,weiler,1,5,0.46491801738739014
broker,2015,2015–24,buyers,1,5,0.46235784888267517
broker,2015,2015–24,craigslist,1,5,0.4622800052165985
broker,2015,2015–24,lpa,1,5,0.4602930545806885
broker,2015,2015–24,appraisal,1,5,0.4586782455444336
broker,2015,2015–24,eyton,1,5,0.458276629447937
broker,2015,2015–24,magnate,1,5,0.5077216625213623
broker,2015,2015–24,insured,1,5,0.4799507260322571
broker,2015,2015–24,conglomerate,1,5,0.47590574622154236
broker,2015,2015–24,company,1,5,0.46844032406806946
broker,2015,2015–24,realtor,1,5,0.46612462401390076
broker,2015,2015–24,firms,1,5,0.46594592928886414
broker,2015,2015–24,valuation,1,5,0.5408203601837158
broker,2015,2015–24,haulers,1,5,0.512958824634552
broker,2015,2015–24,creditors,1,5,0.4814451038837433
broker,2015,2015–24,pennmark,1,5,0.4792076647281647
broker,2015,2015–24,hauler,1,5,0.47695741057395935
broker,2015,2015–24,antitrust,1,5,0.47556036710739136
broker,2015,2015–24,penske,1,5,0.4749084711074829
broker,2015,2015–24,appraisals,1,5,0.455308198928833
broker,2015,2015–24,buying,1,5,0.4500972032546997
broker,2015,2015–24,owners,1,5,0.4500752091407776
broker,2015,2015–24,procurement,1,5,0.449733704328537
broker,2015,2015–24,pharma,1,5,0.4488120973110199
chef,2015,2015–24,pastry,5,5,0.5485512733459472
chef,2015,2015–24,restaurant,5,5,0.5318865895271301
chef,2015,2015–24,cuisine,4,5,0.5415730252861977
chef,2015,2015–24,culinary,4,5,0.5459957644343376
chef,2015,2015–24,michelin,3,5,0.5221145947774252
chef,2015,2015–24,gourmet,3,5,0.49765365322430927
chef,2015,2015–24,sous,2,5,0.5807905793190002
chef,2015,2015–24,dishes,2,5,0.5276837944984436
chef,2015,2015–24,kitchen,2,5,0.5125466883182526
chef,2015,2015–24,restaurants,2,5,0.502491757273674
chef,2015,2015–24,menus,2,5,0.5040125250816345
chef,2015,2015–24,endy,1,5,0.547807514667511
chef,2015,2015–24,cooks,1,5,0.5433624982833862
chef,2015,2015–24,brasserie,1,5,0.5429841876029968
chef,2015,2015–24,restaurateurs,1,5,0.5397111773490906
chef,2015,2015–24,ando,1,5,0.5369387269020081
chef,2015,2015–24,recipes,1,5,0.5328354239463806
chef,2015,2015–24,boulud,1,5,0.5653815269470215
chef,2015,2015–24,chebotar,1,5,0.5069160461425781
chef,2015,2015–24,uliano,1,5,0.49027565121650696
chef,2015,2015–24,cooked,1,5,0.47654402256011963
chef,2015,2015–24,schenker,1,5,0.47407764196395874
chef,2015,2015–24,cooking,1,5,0.46904659271240234
chef,2015,2015–24,dudek,1,5,0.5442985892295837
chef,2015,2015–24,homestyle,1,5,0.49732351303100586
chef,2015,2015–24,dishwasher,1,5,0.48810866475105286
chef,2015,2015–24,bistro,1,5,0.4861184358596802
chef,2015,2015–24,bakers,1,5,0.48061326146125793
chef,2015,2015–24,quagliata,1,5,0.476828008890152
chef,2015,2015–24,cajun,1,5,0.47221532464027405
chef,2015,2015–24,longhorn,1,5,0.4661587178707123
chef,2015,2015–24,dady,1,5,0.5618277788162231
chef,2015,2015–24,cookbook,1,5,0.5000931620597839
chef,2015,2015–24,restaurateur,1,5,0.49444061517715454
chef,2015,2015–24,ramsay,1,5,0.4906494915485382
chef,2015,2015–24,bartenders,1,5,0.4867553412914276
chef,2015,2015–24,eateries,1,5,0.478089302778244
chef,2015,2015–24,buffet,1,5,0.47115594148635864
chef,2015,2015–24,celebrity,1,5,0.4701526463031769
chef,2015,2015–24,entrees,1,5,0.5291653275489807
chef,2015,2015–24,hesse,1,5,0.5230108499526978
chef,2015,2015–24,meatballs,1,5,0.518136203289032
chef,2015,2015–24,macaroni,1,5,0.5160626769065857
chef,2015,2015–24,mex,1,5,0.5091613531112671
chef,2015,2015–24,smoothies,1,5,0.5055098533630371
chef,2015,2015–24,thyme,1,5,0.5043256878852844
chef,2015,2015–24,pickled,1,5,0.5038767457008362
chef,2015,2015–24,applebee,1,5,0.48678287863731384
chef,2015,2015–24,zazzera,1,5,0.4804598093032837
chef,2015,2015–24,muscarella,1,5,0.4781414866447449
chef,2015,2015–24,kitchens,1,5,0.4773854911327362
chef,2015,2015–24,sushi,1,5,0.47714921832084656
cleaning,2015,2015–24,washing,5,5,0.49349178075790406
cleaning,2015,2015–24,clean,5,5,0.5042151927947998
cleaning,2015,2015–24,sanitizing,5,5,0.531941545009613
cleaning,2015,2015–24,cleaned,4,5,0.48419736325740814
cleaning,2015,2015–24,disinfecting,4,5,0.5457252264022827
cleaning,2015,2015–24,sanitize,4,5,0.4787958040833473
cleaning,2015,2015–24,disinfect,3,5,0.5288369655609131
cleaning,2015,2015–24,disinfectant,3,5,0.4466245472431183
cleaning,2015,2015–24,repainting,2,5,0.4732288718223572
cleaning,2015,2015–24,gutters,2,5,0.44666799902915955
cleaning,2015,2015–24,bedding,2,5,0.42420782148838043
cleaning,2015,2015–24,sanitation,2,5,0.4658198952674866
cleaning,2015,2015–24,utensils,2,5,0.4371955543756485
cleaning,2015,2015–24,bleach,2,5,0.4359356760978699
cleaning,2015,2015–24,cleanings,1,5,0.579218864440918
cleaning,2015,2015–24,disinfected,1,5,0.521120011806488
cleaning,2015,2015–24,disinfection,1,5,0.5109170079231262
cleaning,2015,2015–24,cleanup,1,5,0.4947660267353058
cleaning,2015,2015–24,handwashing,1,5,0.48847389221191406
cleaning,2015,2015–24,repairing,1,5,0.48254409432411194
cleaning,2015,2015–24,scrubbing,1,5,0.5053531527519226
cleaning,2015,2015–24,maintenance,1,5,0.45414766669273376
cleaning,2015,2015–24,refurbishing,1,5,0.43691980838775635
cleaning,2015,2015–24,potable,1,5,0.42082810401916504
cleaning,2015,2015–24,leaky,1,5,0.41407516598701477
cleaning,2015,2015–24,detergent,1,5,0.47814425826072693
cleaning,2015,2015–24,cleanliness,1,5,0.4491497278213501
cleaning,2015,2015–24,sanitizer,1,5,0.44233259558677673
cleaning,2015,2015–24,janitorial,1,5,0.4373161494731903
cleaning,2015,2015–24,landscapers,1,5,0.43704286217689514
cleaning,2015,2015–24,cleanups,1,5,0.43621304631233215
cleaning,2015,2015–24,wash,1,5,0.4227595627307892
cleaning,2015,2015–24,flushing,1,5,0.45439669489860535
cleaning,2015,2015–24,heaters,1,5,0.4499019384384155
cleaning,2015,2015–24,cleans,1,5,0.43650132417678833
cleaning,2015,2015–24,sheetrock,1,5,0.4106179177761078
cleaning,2015,2015–24,insulation,1,5,0.4086354672908783
cleaning,2015,2015–24,sanitary,1,5,0.40787556767463684
cleaning,2015,2015–24,sanitized,1,5,0.45647624135017395
cleaning,2015,2015–24,mattresses,1,5,0.4503462314605713
cleaning,2015,2015–24,trimming,1,5,0.4309338331222534
cleaning,2015,2015–24,drying,1,5,0.42367684841156006
cleaning,2015,2015–24,downtime,1,5,0.41992446780204773
cleaning,2015,2015–24,chores,1,5,0.4191983640193939
clerk,2015,2015–24,registrar,2,5,0.42473800480365753
clerk,2015,2015–24,office,2,5,0.4831073135137558
clerk,2015,2015–24,assessor,2,5,0.46205586194992065
clerk,2015,2015–24,offices,2,5,0.4104186147451401
clerk,2015,2015–24,attorney,2,5,0.45239101350307465
clerk,2015,2015–24,affidavits,2,5,0.42207492887973785
clerk,2015,2015–24,bailiff,2,5,0.487876757979393
clerk,2015,2015–24,receptionist,2,5,0.4094027876853943
clerk,2015,2015–24,levey,1,5,0.46321868896484375
clerk,2015,2015–24,francescut,1,5,0.44511979818344116
clerk,2015,2015–24,stebbens,1,5,0.443065345287323
clerk,2015,2015–24,salaried,1,5,0.43498995900154114
clerk,2015,2015–24,administrative,1,5,0.43359705805778503
clerk,2015,2015–24,cashier,1,5,0.43312719464302063
clerk,2015,2015–24,sworn,1,5,0.43138840794563293
clerk,2015,2015–24,ibisi,1,5,0.4294971823692322
clerk,2015,2015–24,tuteur,1,5,0.426053911447525
clerk,2015,2015–24,alrb,1,5,0.42551273107528687
clerk,2015,2015–24,clerked,1,5,0.42537257075309753
clerk,2015,2015–24,jastrzemski,1,5,0.5694907903671265
clerk,2015,2015–24,dmv,1,5,0.5273242592811584
clerk,2015,2015–24,szumigala,1,5,0.4770998954772949
clerk,2015,2015–24,supervisor,1,5,0.45918869972229004
clerk,2015,2015–24,slc,1,5,0.45918214321136475
clerk,2015,2015–24,korchak,1,5,0.448298841714859
clerk,2015,2015–24,sheriff,1,5,0.4363568425178528
clerk,2015,2015–24,laurina,1,5,0.43336883187294006
clerk,2015,2015–24,howden,1,5,0.43115800619125366
clerk,2015,2015–24,treasurer,1,5,0.4305688142776489
clerk,2015,2015–24,ottaviano,1,5,0.43028080463409424
clerk,2015,2015–24,bernier,1,5,0.4290727376937866
clerk,2015,2015–24,unexpired,1,5,0.42798545956611633
clerk,2015,2015–24,courts,1,5,0.4982192814350128
clerk,2015,2015–24,frenchko,1,5,0.4460640251636505
clerk,2015,2015–24,paychecks,1,5,0.44121164083480835
clerk,2015,2015–24,auditors,1,5,0.4346768260002136
clerk,2015,2015–24,treasurers,1,5,0.4259307086467743
clerk,2015,2015–24,auditor,1,5,0.42332032322883606
clerk,2015,2015–24,dockets,1,5,0.4216468632221222
clerk,2015,2015–24,nohe,1,5,0.4168549180030823
clerk,2015,2015–24,probate,1,5,0.41568899154663086
clerk,2015,2015–24,appellate,1,5,0.4116770327091217
clerk,2015,2015–24,certify,1,5,0.41065743565559387
clerk,2015,2015–24,officers,1,5,0.4101004898548126
clerk,2015,2015–24,jailer,1,5,0.4736635088920593
clerk,2015,2015–24,kenda,1,5,0.43871763348579407
clerk,2015,2015–24,sherriff,1,5,0.43451958894729614
clerk,2015,2015–24,custodian,1,5,0.4321869909763336
clerk,2015,2015–24,appraiser,1,5,0.4266798794269562
clerk,2015,2015–24,bookkeeping,1,5,0.41652581095695496
clerk,2015,2015–24,oaths,1,5,0.41642820835113525
clerk,2015,2015–24,courtrooms,1,5,0.4103113114833832
clerk,2015,2015–24,recused,1,5,0.409280389547348
clerk,2015,2015–24,bookkeeper,1,5,0.4085562825202942
clerk,2015,2015–24,employees,1,5,0.4490366578102112
clerk,2015,2015–24,prothonotary,1,5,0.4176728129386902
clerk,2015,2015–24,pitzer,1,5,0.4010177254676819
clerk,2015,2015–24,toothman,1,5,0.4008103609085083
clerk,2015,2015–24,chillcott,1,5,0.40007728338241577
clerk,2015,2015–24,lisi,1,5,0.3948306441307068
clerk,2015,2015–24,clerical,1,5,0.394681453704834
clerk,2015,2015–24,constables,1,5,0.3925369679927826
clerk,2015,2015–24,stroehmann,1,5,0.38884657621383667
clerk,2015,2015–24,disqualify,1,5,0.3864707350730896
clerk,2015,2015–24,antos,1,5,0.38432151079177856
clerk,2015,2015–24,judgeship,1,5,0.3820855915546417
clerk,2015,2015–24,potteiger,1,5,0.3818083107471466
designer,2015,2015–24,design,5,5,0.577430808544159
designer,2015,2015–24,designs,5,5,0.4646726131439209
designer,2015,2015–24,fashion,4,5,0.4872720241546631
designer,2015,2015–24,architects,3,5,0.45378496249516803
designer,2015,2015–24,artists,2,5,0.47428323328495026
designer,2015,2015–24,artist,2,5,0.45172759890556335
designer,2015,2015–24,architect,2,5,0.4572409838438034
designer,2015,2015–24,boutiques,2,5,0.42260177433490753
designer,2015,2015–24,purses,2,5,0.44331537187099457
designer,2015,2015–24,graphic,2,5,0.44868288934230804
designer,2015,2015–24,sculptors,1,5,0.5292972326278687
designer,2015,2015–24,dior,1,5,0.5081004500389099
designer,2015,2015–24,costume,1,5,0.5046744346618652
designer,2015,2015–24,marashli,1,5,0.4847228229045868
designer,2015,2015–24,atelier,1,5,0.47978106141090393
designer,2015,2015–24,handbags,1,5,0.477196604013443
designer,2015,2015–24,fidm,1,5,0.468667596578598
designer,2015,2015–24,gensler,1,5,0.46693214774131775
designer,2015,2015–24,showhouse,1,5,0.5215489268302917
designer,2015,2015–24,vielman,1,5,0.4836266040802002
designer,2015,2015–24,artisans,1,5,0.48111283779144287
designer,2015,2015–24,illustrators,1,5,0.45233240723609924
designer,2015,2015–24,stolman,1,5,0.45126283168792725
designer,2015,2015–24,krumbachov,1,5,0.4461134672164917
designer,2015,2015–24,craftsmen,1,5,0.4454107880592346
designer,2015,2015–24,watercolors,1,5,0.44272634387016296
designer,2015,2015–24,arf,1,5,0.4421941637992859
designer,2015,2015–24,installer,1,5,0.5019441843032837
designer,2015,2015–24,stylist,1,5,0.4440843462944031
designer,2015,2015–24,stitch,1,5,0.4285825788974762
designer,2015,2015–24,lustig,1,5,0.4284133315086365
designer,2015,2015–24,curatorial,1,5,0.4217126965522766
designer,2015,2015–24,boehme,1,5,0.41893500089645386
designer,2015,2015–24,seamstress,1,5,0.41801008582115173
designer,2015,2015–24,bakers,1,5,0.4121280312538147
designer,2015,2015–24,styling,1,5,0.4096185863018036
designer,2015,2015–24,mediums,1,5,0.4489680230617523
designer,2015,2015–24,collaborator,1,5,0.4469665288925171
designer,2015,2015–24,schematic,1,5,0.4228363633155823
designer,2015,2015–24,artworks,1,5,0.42210206389427185
designer,2015,2015–24,embroidery,1,5,0.4195794463157654
designer,2015,2015–24,pirkle,1,5,0.41134005784988403
designer,2015,2015–24,sculpting,1,5,0.4077153503894806
designer,2015,2015–24,printers,1,5,0.406840980052948
designer,2015,2015–24,layout,1,5,0.4048219323158264
designer,2015,2015–24,architectural,1,5,0.4046969711780548
designer,2015,2015–24,glamour,1,5,0.4434676170349121
designer,2015,2015–24,plaid,1,5,0.4342752695083618
designer,2015,2015–24,accessories,1,5,0.4333985149860382
designer,2015,2015–24,menswear,1,5,0.42739802598953247
designer,2015,2015–24,renderings,1,5,0.4247511625289917
designer,2015,2015–24,illustrator,1,5,0.42196112871170044
designer,2015,2015–24,glassware,1,5,0.4217698276042938
designer,2015,2015–24,fashions,1,5,0.4123474359512329
designer,2015,2015–24,bobbleheads,1,5,0.41130179166793823
designer,2015,2015–24,grayvn,1,5,0.4108719527721405
dishes,2015,2015–24,soups,5,5,0.5805947422981262
dishes,2015,2015–24,entrees,5,5,0.5724373817443847
dishes,2015,2015–24,dish,4,5,0.6070745885372162
dishes,2015,2015–24,salads,3,5,0.5920524994532267
dishes,2015,2015–24,menu,3,5,0.5884222785631815
dishes,2015,2015–24,cuisine,2,5,0.6022588610649109
dishes,2015,2015–24,savory,2,5,0.5503391623497009
dishes,2015,2015–24,toppings,2,5,0.546558290719986
dishes,2015,2015–24,marinated,2,5,0.5651324391365051
dishes,2015,2015–24,meatballs,2,5,0.5783158540725708
dishes,2015,2015–24,noodles,2,5,0.5513329803943634
dishes,2015,2015–24,pasta,2,5,0.5499151945114136
dishes,2015,2015–24,broth,2,5,0.5511712729930878
dishes,2015,2015–24,appetizer,2,5,0.5346518158912659
dishes,2015,2015–24,hummus,2,5,0.5477543771266937
dishes,2015,2015–24,pickled,2,5,0.5268285572528839
dishes,2015,2015–24,macaroni,2,5,0.5264377593994141
dishes,2015,2015–24,curries,1,5,0.6489415168762207
dishes,2015,2015–24,omelets,1,5,0.648055374622345
dishes,2015,2015–24,quiche,1,5,0.6328844428062439
dishes,2015,2015–24,seasonings,1,5,0.6299905776977539
dishes,2015,2015–24,caprese,1,5,0.6284036636352539
dishes,2015,2015–24,pastas,1,5,0.625830888748169
dishes,2015,2015–24,delicious,1,5,0.6254496574401855
dishes,2015,2015–24,bolognese,1,5,0.6243993639945984
dishes,2015,2015–24,breaded,1,5,0.6242485046386719
dishes,2015,2015–24,parmesan,1,5,0.5743041634559631
dishes,2015,2015–24,guacamole,1,5,0.5721794962882996
dishes,2015,2015–24,breads,1,5,0.5666143298149109
dishes,2015,2015–24,chicken,1,5,0.565166711807251
dishes,2015,2015–24,mozzarella,1,5,0.5648177266120911
dishes,2015,2015–24,platters,1,5,0.5623676776885986
dishes,2015,2015–24,shrimp,1,5,0.5593068599700928
dishes,2015,2015–24,meats,1,5,0.558128833770752
dishes,2015,2015–24,filet,1,5,0.5712966322898865
dishes,2015,2015–24,lasagna,1,5,0.5703537464141846
dishes,2015,2015–24,sauce,1,5,0.5657329559326172
dishes,2015,2015–24,tofu,1,5,0.5591989159584045
dishes,2015,2015–24,delectable,1,5,0.5360834002494812
dishes,2015,2015–24,mango,1,5,0.5207617282867432
dishes,2015,2015–24,pickles,1,5,0.5165752172470093
dishes,2015,2015–24,cornbread,1,5,0.5052147507667542
dishes,2015,2015–24,utensils,1,5,0.554224967956543
dishes,2015,2015–24,appetizers,1,5,0.5415083765983582
dishes,2015,2015–24,brisket,1,5,0.5278303623199463
dishes,2015,2015–24,smoothies,1,5,0.5251765847206116
dishes,2015,2015–24,veggies,1,5,0.519159197807312
dishes,2015,2015–24,pastries,1,5,0.5191023349761963
doctor,2015,2015–24,physician,5,5,0.6100226044654846
doctor,2015,2015–24,patients,5,5,0.6044461250305175
doctor,2015,2015–24,physicians,5,5,0.57450932264328
doctor,2015,2015–24,oncologist,5,5,0.5777691960334778
doctor,2015,2015–24,patient,5,5,0.5572317957878112
doctor,2015,2015–24,medical,4,5,0.5785678327083588
doctor,2015,2015–24,pediatrician,4,5,0.5528496652841568
doctor,2015,2015–24,prescribe,3,5,0.5708992679913839
doctor,2015,2015–24,neurologist,3,5,0.5882521470387777
doctor,2015,2015–24,cardiologist,3,5,0.5655185778935751
doctor,2015,2015–24,biopsy,3,5,0.5515949527422587
doctor,2015,2015–24,mammogram,2,5,0.5395333468914032
doctor,2015,2015–24,anesthesia,2,5,0.5221680104732513
doctor,2015,2015–24,flach,1,5,0.5938557386398315
doctor,2015,2015–24,midwife,1,5,0.564363420009613
doctor,2015,2015–24,nurses,1,5,0.556819498538971
doctor,2015,2015–24,hospital,1,5,0.5540405511856079
doctor,2015,2015–24,ophthalmologist,1,5,0.5531139969825745
doctor,2015,2015–24,surgeons,1,5,0.5487443804740906
doctor,2015,2015–24,cardiologists,1,5,0.5448079109191895
doctor,2015,2015–24,obstetrician,1,5,0.5428000092506409
doctor,2015,2015–24,constipation,1,5,0.5507320761680603
doctor,2015,2015–24,clots,1,5,0.547477662563324
doctor,2015,2015–24,anesthesiologist,1,5,0.5356150269508362
doctor,2015,2015–24,transfusions,1,5,0.533153772354126
doctor,2015,2015–24,prescribing,1,5,0.5505685210227966
doctor,2015,2015–24,surgery,1,5,0.523274302482605
doctor,2015,2015–24,puberty,1,5,0.5231099128723145
doctor,2015,2015–24,surgeon,1,5,0.5199666619300842
doctor,2015,2015–24,gyn,1,5,0.5876918435096741
doctor,2015,2015–24,ob,1,5,0.5658600330352783
doctor,2015,2015–24,psychiatrists,1,5,0.5277161598205566
doctor,2015,2015–24,mcvaney,1,5,0.5186888575553894
doctor,2015,2015–24,autoimmune,1,5,0.5266239643096924
doctor,2015,2015–24,implants,1,5,0.5230385065078735
doctor,2015,2015–24,seon,1,5,0.5227225422859192
doctor,2015,2015–24,nurse,1,5,0.5138380527496338
doctor,2015,2015–24,shortness,1,5,0.5106592178344727
doctor,2015,2015–24,chemo,1,5,0.5074830651283264
executive,2015,2015–24,ceo,5,5,0.5647776246070861
executive,2015,2015–24,chairman,5,5,0.4951700270175934
executive,2015,2015–24,director,5,5,0.5247047901153564
executive,2015,2015–24,directors,5,5,0.4813157856464386
executive,2015,2015–24,vice,4,5,0.47955844551324844
executive,2015,2015–24,president,3,5,0.4864467680454254
executive,2015,2015–24,cfo,3,5,0.46523699164390564
executive,2015,2015–24,coo,3,5,0.4713327685991923
executive,2015,2015–24,execs,2,5,0.4950895309448242
executive,2015,2015–24,vp,2,5,0.46883179247379303
executive,2015,2015–24,exec,2,5,0.49103546142578125
executive,2015,2015–24,chairmen,2,5,0.44066503643989563
executive,2015,2015–24,krushel,1,5,0.5498690009117126
executive,2015,2015–24,oconnell,1,5,0.5390894412994385
executive,2015,2015–24,capus,1,5,0.5157463550567627
executive,2015,2015–24,klarman,1,5,0.5121970176696777
executive,2015,2015–24,fili,1,5,0.5005865097045898
executive,2015,2015–24,fager,1,5,0.4897637367248535
executive,2015,2015–24,oppenheim,1,5,0.4888000190258026
executive,2015,2015–24,neeraj,1,5,0.47369831800460815
executive,2015,2015–24,consultancy,1,5,0.46007218956947327
executive,2015,2015–24,kiedrowski,1,5,0.44805029034614563
executive,2015,2015–24,avangrid,1,5,0.44085493683815
executive,2015,2015–24,svp,1,5,0.43201711773872375
executive,2015,2015–24,netjets,1,5,0.4503866732120514
executive,2015,2015–24,steelite,1,5,0.4379529058933258
executive,2015,2015–24,jci,1,5,0.4314861595630646
executive,2015,2015–24,shumate,1,5,0.4236006736755371
executive,2015,2015–24,procter,1,5,0.41627925634384155
executive,2015,2015–24,strah,1,5,0.4138241410255432
executive,2015,2015–24,operations,1,5,0.41210660338401794
executive,2015,2015–24,borderplex,1,5,0.49001172184944153
executive,2015,2015–24,eedc,1,5,0.45066750049591064
executive,2015,2015–24,bancshares,1,5,0.4449336528778076
executive,2015,2015–24,manager,1,5,0.44246599078178406
executive,2015,2015–24,foodservice,1,5,0.44114136695861816
executive,2015,2015–24,radioshack,1,5,0.44049009680747986
executive,2015,2015–24,geico,1,5,0.4390575587749481
executive,2015,2015–24,acnb,1,5,0.5381224751472473
executive,2015,2015–24,ceos,1,5,0.5008226037025452
executive,2015,2015–24,cnb,1,5,0.4820537567138672
executive,2015,2015–24,entercom,1,5,0.45222535729408264
executive,2015,2015–24,nbcuniversal,1,5,0.4489312469959259
executive,2015,2015–24,marketing,1,5,0.4488790035247803
executive,2015,2015–24,pennmark,1,5,0.4411165118217468
executive,2015,2015–24,krasne,1,5,0.438721626996994
family,2015,2015–24,parents,5,5,0.5564017057418823
family,2015,2015–24,relatives,5,5,0.5553304076194763
family,2015,2015–24,children,5,5,0.49380873441696166
family,2015,2015–24,friends,5,5,0.49731813073158265
family,2015,2015–24,mother,4,5,0.4652461037039757
family,2015,2015–24,grandparents,3,5,0.48268868525822956
family,2015,2015–24,neighbors,3,5,0.4736972153186798
family,2015,2015–24,sympathies,3,5,0.4437536994616191
family,2015,2015–24,siblings,2,5,0.5057537108659744
family,2015,2015–24,community,2,5,0.46071311831474304
family,2015,2015–24,loved,2,5,0.4572727084159851
family,2015,2015–24,kids,2,5,0.43575552105903625
family,2015,2015–24,father,2,5,0.4464658498764038
family,2015,2015–24,mothers,2,5,0.45154789090156555
family,2015,2015–24,grieve,2,5,0.4684521406888962
family,2015,2015–24,caregivers,2,5,0.42935875058174133
family,2015,2015–24,bereavement,1,5,0.4569992423057556
family,2015,2015–24,wife,1,5,0.4467770755290985
family,2015,2015–24,ones,1,5,0.4455266296863556
family,2015,2015–24,gamino,1,5,0.4390026330947876
family,2015,2015–24,widows,1,5,0.489916056394577
family,2015,2015–24,orphans,1,5,0.4808054566383362
family,2015,2015–24,adoptive,1,5,0.4662759006023407
family,2015,2015–24,sons,1,5,0.4523899555206299
family,2015,2015–24,residents,1,5,0.43925192952156067
family,2015,2015–24,grieving,1,5,0.43873512744903564
family,2015,2015–24,kinship,1,5,0.43114790320396423
family,2015,2015–24,prayers,1,5,0.42486372590065
family,2015,2015–24,people,1,5,0.4189699590206146
family,2015,2015–24,underprivileged,1,5,0.4850063621997833
family,2015,2015–24,mourned,1,5,0.48087531328201294
family,2015,2015–24,anniversaries,1,5,0.47376808524131775
family,2015,2015–24,cremated,1,5,0.4537104666233063
family,2015,2015–24,eternally,1,5,0.44232192635536194
family,2015,2015–24,solich,1,5,0.43463584780693054
family,2015,2015–24,spouses,1,5,0.43426063656806946
family,2015,2015–24,doting,1,5,0.43191125988960266
family,2015,2015–24,grandparent,1,5,0.45095786452293396
family,2015,2015–24,sebunia,1,5,0.4497465193271637
family,2015,2015–24,kezmarsky,1,5,0.4494028091430664
family,2015,2015–24,dearest,1,5,0.42261096835136414
family,2015,2015–24,sincerest,1,5,0.42074283957481384
grandchildren,2015,2015–24,granddaughter,5,5,0.6346675992012024
grandchildren,2015,2015–24,nephews,5,5,0.6931347727775574
grandchildren,2015,2015–24,nieces,5,5,0.698163628578186
grandchildren,2015,2015–24,granddaughters,5,5,0.668912696838379
grandchildren,2015,2015–24,grandsons,5,5,0.6598873138427734
grandchildren,2015,2015–24,grandson,5,5,0.6270741820335388
grandchildren,2015,2015–24,predeceased,4,5,0.6430730521678925
grandchildren,2015,2015–24,stepchildren,4,5,0.6256459951400757
grandchildren,2015,2015–24,siblings,3,5,0.6038005948066711
grandchildren,2015,2015–24,daughter,3,5,0.5935648083686829
grandchildren,2015,2015–24,wife,3,5,0.5977685252825419
grandchildren,2015,2015–24,survived,3,5,0.5938150882720947
grandchildren,2015,2015–24,niece,3,5,0.6010243693987528
grandchildren,2015,2015–24,aunts,3,5,0.6101097663243612
grandchildren,2015,2015–24,grandkids,2,5,0.5931545794010162
grandchildren,2015,2015–24,preceded,2,5,0.656497448682785
grandchildren,2015,2015–24,daughters,1,5,0.6064572334289551
grandchildren,2015,2015–24,sons,1,5,0.5923736095428467
grandchildren,2015,2015–24,grandparents,1,5,0.5795556902885437
grandchildren,2015,2015–24,nassimos,1,5,0.5839746594429016
grandchildren,2015,2015–24,son,1,5,0.5482725501060486
grandchildren,2015,2015–24,dearest,1,5,0.5452826619148254
grandchildren,2015,2015–24,greatgrandchildren,1,5,0.6962541937828064
grandchildren,2015,2015–24,nephew,1,5,0.6359206438064575
grandchildren,2015,2015–24,husband,1,5,0.6196027398109436
grandchildren,2015,2015–24,cousins,1,5,0.6013844013214111
grandchildren,2015,2015–24,uncles,1,5,0.6010259985923767
grandchildren,2015,2015–24,stepgreat,1,5,0.728486180305481
grandchildren,2015,2015–24,stepgrandchildren,1,5,0.7017189860343933
grandchildren,2015,2015–24,bothwell,1,5,0.5983825325965881
grandchildren,2015,2015–24,dupert,1,5,0.5929008722305298
grandparents,2015,2015–24,siblings,5,5,0.5666828632354737
grandparents,2015,2015–24,parents,5,5,0.5896056532859802
grandparents,2015,2015–24,mother,5,5,0.5805794835090637
grandparents,2015,2015–24,grandmother,5,5,0.5918295741081238
grandparents,2015,2015–24,aunts,5,5,0.5722046017646789
grandparents,2015,2015–24,grandfather,5,5,0.5566777110099792
grandparents,2015,2015–24,paternal,5,5,0.6191043853759766
grandparents,2015,2015–24,father,4,5,0.5394049882888794
grandparents,2015,2015–24,maternal,4,5,0.5474651157855988
grandparents,2015,2015–24,aunt,3,5,0.5443762143452963
grandparents,2015,2015–24,grandchild,3,5,0.5397462844848633
grandparents,2015,2015–24,granddaughter,2,5,0.550116091966629
grandparents,2015,2015–24,daughter,2,5,0.5350324213504791
grandparents,2015,2015–24,grandmothers,2,5,0.5296564102172852
grandparents,2015,2015–24,brother,2,5,0.5423442125320435
grandparents,2015,2015–24,sister,2,5,0.5189749896526337
grandparents,2015,2015–24,grandchildren,2,5,0.5365370213985443
grandparents,2015,2015–24,uncles,2,5,0.5789172351360321
grandparents,2015,2015–24,mom,1,5,0.6174614429473877
grandparents,2015,2015–24,dad,1,5,0.5721379518508911
grandparents,2015,2015–24,adoptive,1,5,0.5428872108459473
grandparents,2015,2015–24,grandson,1,5,0.5168098211288452
grandparents,2015,2015–24,family,1,5,0.5052586793899536
grandparents,2015,2015–24,predeceased,1,5,0.5536811947822571
grandparents,2015,2015–24,husband,1,5,0.5226752161979675
grandparents,2015,2015–24,dearest,1,5,0.5124298334121704
grandparents,2015,2015–24,uncle,1,5,0.5502998232841492
grandparents,2015,2015–24,grandfathers,1,5,0.5449542999267578
grandparents,2015,2015–24,relatives,1,5,0.5342733263969421
grandparents,2015,2015–24,nana,1,5,0.5287793874740601
home,2015,2015–24,houses,5,5,0.483605170249939
home,2015,2015–24,apartment,5,5,0.4759079158306122
home,2015,2015–24,apartments,5,5,0.44241577982902525
home,2015,2015–24,residences,4,5,0.5003584995865822
home,2015,2015–24,residence,3,5,0.44824378689130145
home,2015,2015–24,townhomes,3,5,0.44636600216229755
home,2015,2015–24,units,2,5,0.4730328619480133
home,2015,2015–24,residential,2,5,0.4624830335378647
home,2015,2015–24,homeowners,2,5,0.46444568037986755
home,2015,2015–24,dwellings,2,5,0.4470389038324356
home,2015,2015–24,condominiums,2,5,0.4443843811750412
home,2015,2015–24,duplex,2,5,0.4760587215423584
home,2015,2015–24,townhouses,2,5,0.4375060498714447
home,2015,2015–24,residents,2,5,0.44239185750484467
home,2015,2015–24,neighborhoods,1,5,0.5109107494354248
home,2015,2015–24,townhouse,1,5,0.4847474992275238
home,2015,2015–24,townhome,1,5,0.4811115264892578
home,2015,2015–24,neighborhood,1,5,0.4805960953235626
home,2015,2015–24,triplex,1,5,0.46734070777893066
home,2015,2015–24,riverspring,1,5,0.4606127142906189
home,2015,2015–24,nursing,1,5,0.45788073539733887
home,2015,2015–24,schervier,1,5,0.43987998366355896
home,2015,2015–24,parsonage,1,5,0.43691885471343994
home,2015,2015–24,evacuees,1,5,0.4316619336605072
home,2015,2015–24,living,1,5,0.41857388615608215
home,2015,2015–24,condos,1,5,0.4589804708957672
home,2015,2015–24,garages,1,5,0.42379915714263916
home,2015,2015–24,buildings,1,5,0.4232901334762573
home,2015,2015–24,condominium,1,5,0.415905237197876
home,2015,2015–24,property,1,5,0.4147924780845642
home,2015,2015–24,families,1,5,0.41172152757644653
home,2015,2015–24,parkview,1,5,0.4476686716079712
home,2015,2015–24,condo,1,5,0.4417400062084198
home,2015,2015–24,estates,1,5,0.44067302346229553
home,2015,2015–24,complexes,1,5,0.43931517004966736
home,2015,2015–24,properties,1,5,0.43839898705482483
home,2015,2015–24,farmhouse,1,5,0.4361942708492279
home,2015,2015–24,cottages,1,5,0.43513223528862
home,2015,2015–24,woodlawn,1,5,0.48065826296806335
home,2015,2015–24,crematory,1,5,0.46947208046913147
home,2015,2015–24,trefz,1,5,0.4487481713294983
home,2015,2015–24,guss,1,5,0.4442782700061798
home,2015,2015–24,stonebridge,1,5,0.43237876892089844
home,2015,2015–24,malpezzi,1,5,0.42692142724990845
home,2015,2015–24,zarroli,1,5,0.4242950677871704
home,2015,2015–24,kinkora,1,5,0.4239424765110016
home,2015,2015–24,matinchek,1,5,0.4231017827987671
home,2015,2015–24,parthemore,1,5,0.4177928864955902
infant,2015,2015–24,children,5,5,0.5233028829097748
infant,2015,2015–24,child,4,5,0.5220684260129929
infant,2015,2015–24,newborn,4,5,0.5344595313072205
infant,2015,2015–24,newborns,4,5,0.5269848257303238
infant,2015,2015–24,toddlers,4,5,0.495651550590992
infant,2015,2015–24,neonatal,4,5,0.5111708864569664
infant,2015,2015–24,babies,3,5,0.5390579998493195
infant,2015,2015–24,baby,3,5,0.48497745394706726
infant,2015,2015–24,congenital,3,5,0.5228247245152792
infant,2015,2015–24,postpartum,2,5,0.5125942528247833
infant,2015,2015–24,pregnant,2,5,0.5025945156812668
infant,2015,2015–24,toddler,2,5,0.48312707245349884
infant,2015,2015–24,unborn,2,5,0.47314712405204773
infant,2015,2015–24,childbirth,2,5,0.5025237947702408
infant,2015,2015–24,adoptive,2,5,0.48391151428222656
infant,2015,2015–24,nicu,2,5,0.48240336775779724
infant,2015,2015–24,prenatal,1,5,0.5440542697906494
infant,2015,2015–24,breastfeeding,1,5,0.5282738208770752
infant,2015,2015–24,birth,1,5,0.5282348990440369
infant,2015,2015–24,mothers,1,5,0.505372941493988
infant,2015,2015–24,womb,1,5,0.5396634936332703
infant,2015,2015–24,fawns,1,5,0.5103962421417236
infant,2015,2015–24,expectant,1,5,0.5004183053970337
infant,2015,2015–24,births,1,5,0.48393598198890686
infant,2015,2015–24,crib,1,5,0.48319771885871887
infant,2015,2015–24,ysccc,1,5,0.48417600989341736
infant,2015,2015–24,adolescents,1,5,0.470161110162735
infant,2015,2015–24,rsv,1,5,0.4691019654273987
infant,2015,2015–24,teens,1,5,0.46788740158081055
infant,2015,2015–24,devinney,1,5,0.45577380061149597
infant,2015,2015–24,caregiver,1,5,0.45565560460090637
infant,2015,2015–24,breyla,1,5,0.5873915553092957
infant,2015,2015–24,cancers,1,5,0.5278307199478149
infant,2015,2015–24,defect,1,5,0.5011811852455139
infant,2015,2015–24,syphilis,1,5,0.4907061457633972
infant,2015,2015–24,diaper,1,5,0.4888156056404114
infant,2015,2015–24,premature,1,5,0.47735220193862915
infant,2015,2015–24,jekaris,1,5,0.46922367811203003
infant,2015,2015–24,pregnancy,1,5,0.5042774081230164
infant,2015,2015–24,pregnancies,1,5,0.4921928346157074
infant,2015,2015–24,dehydration,1,5,0.48412075638771057
infant,2015,2015–24,miscarriage,1,5,0.4683140814304352
infant,2015,2015–24,kittens,1,5,0.46297919750213623
inspector,2015,2015–24,inspection,5,5,0.551000565290451
inspector,2015,2015–24,inspections,5,5,0.5108008623123169
inspector,2015,2015–24,inspected,5,5,0.49849403500556944
inspector,2015,2015–24,osha,4,5,0.4593101218342781
inspector,2015,2015–24,department,4,5,0.43986525386571884
inspector,2015,2015–24,oig,3,5,0.4894269108772278
inspector,2015,2015–24,investigators,2,5,0.4440658390522003
inspector,2015,2015–24,compliance,2,5,0.44173380732536316
inspector,2015,2015–24,violations,2,5,0.4385031908750534
inspector,2015,2015–24,unannounced,2,5,0.4793723523616791
inspector,2015,2015–24,venters,1,5,0.5002288222312927
inspector,2015,2015–24,auditor,1,5,0.4502016007900238
inspector,2015,2015–24,inspect,1,5,0.4498690962791443
inspector,2015,2015–24,noncompliance,1,5,0.4445533752441406
inspector,2015,2015–24,extinguishers,1,5,0.44202181696891785
inspector,2015,2015–24,officials,1,5,0.42962226271629333
inspector,2015,2015–24,dhec,1,5,0.4257127046585083
inspector,2015,2015–24,dob,1,5,0.46878015995025635
inspector,2015,2015–24,hofmann,1,5,0.46845194697380066
inspector,2015,2015–24,doi,1,5,0.461945116519928
inspector,2015,2015–24,commanding,1,5,0.4593161940574646
inspector,2015,2015–24,precinct,1,5,0.42819178104400635
inspector,2015,2015–24,officers,1,5,0.41926252841949463
inspector,2015,2015–24,chalfen,1,5,0.41904568672180176
inspector,2015,2015–24,commissioner,1,5,0.4178839921951294
inspector,2015,2015–24,karolys,1,5,0.41722622513771057
inspector,2015,2015–24,unsanitary,1,5,0.43908292055130005
inspector,2015,2015–24,zoning,1,5,0.4348728358745575
inspector,2015,2015–24,epa,1,5,0.4286669194698334
inspector,2015,2015–24,keyholder,1,5,0.4247008264064789
inspector,2015,2015–24,doj,1,5,0.4189555048942566
inspector,2015,2015–24,zopf,1,5,0.4181719720363617
inspector,2015,2015–24,oepa,1,5,0.41663119196891785
inspector,2015,2015–24,boulger,1,5,0.4149382412433624
inspector,2015,2015–24,kotterman,1,5,0.4145429730415344
inspector,2015,2015–24,tcjs,1,5,0.566902756690979
inspector,2015,2015–24,ombudsman,1,5,0.4833831787109375
inspector,2015,2015–24,deficiencies,1,5,0.4741945266723633
inspector,2015,2015–24,inspecting,1,5,0.46003472805023193
inspector,2015,2015–24,commission,1,5,0.4538290202617645
inspector,2015,2015–24,damning,1,5,0.43823519349098206
inspector,2015,2015–24,deterioration,1,5,0.4359084665775299
inspector,2015,2015–24,tce,1,5,0.4283948242664337
inspector,2015,2015–24,auditors,1,5,0.4980623424053192
inspector,2015,2015–24,interfering,1,5,0.45159468054771423
inspector,2015,2015–24,pcb,1,5,0.43497753143310547
inspector,2015,2015–24,subpoenaed,1,5,0.4337456226348877
inspector,2015,2015–24,repetz,1,5,0.42366042733192444
inspector,2015,2015–24,odors,1,5,0.4204644560813904
inspector,2015,2015–24,agency,1,5,0.42007675766944885
inspector,2015,2015–24,pema,1,5,0.41750568151474
married,2015,2015–24,divorced,5,5,0.5995621800422668
married,2015,2015–24,wife,5,5,0.6078441977500916
married,2015,2015–24,husband,5,5,0.591646420955658
married,2015,2015–24,marrying,5,5,0.5176848590373992
married,2015,2015–24,marriage,5,5,0.5333626508712769
married,2015,2015–24,born,4,5,0.5223444476723671
married,2015,2015–24,marry,4,5,0.49931740015745163
married,2015,2015–24,graduated,4,5,0.5317477360367775
married,2015,2015–24,predeceased,3,5,0.5200893382231394
married,2015,2015–24,daughters,3,5,0.5031199256579081
married,2015,2015–24,daughter,3,5,0.4813355008761088
married,2015,2015–24,survived,3,5,0.5053995947043101
married,2015,2015–24,remarried,2,5,0.5922375917434692
married,2015,2015–24,homemaker,2,5,0.5116964280605316
married,2015,2015–24,stepchildren,2,5,0.5396130383014679
married,2015,2015–24,survives,2,5,0.4995684325695038
married,2015,2015–24,sons,1,5,0.5471789836883545
married,2015,2015–24,sweetheart,1,5,0.5162601470947266
married,2015,2015–24,appling,1,5,0.5148623585700989
married,2015,2015–24,crocitto,1,5,0.5397120714187622
married,2015,2015–24,nee,1,5,0.5262830853462219
married,2015,2015–24,baptized,1,5,0.5243041515350342
married,2015,2015–24,widower,1,5,0.5242281556129456
married,2015,2015–24,dissolutions,1,5,0.5381188988685608
married,2015,2015–24,gladys,1,5,0.4583454728126526
married,2015,2015–24,widowed,1,5,0.4557875990867615
married,2015,2015–24,agnes,1,5,0.5120319724082947
married,2015,2015–24,keagy,1,5,0.496246874332428
married,2015,2015–24,met,1,5,0.4889330565929413
married,2015,2015–24,gesoff,1,5,0.4970752000808716
married,2015,2015–24,surviving,1,5,0.4952993094921112
married,2015,2015–24,inseparable,1,5,0.4942076802253723
married,2015,2015–24,stepdaughters,1,5,0.48387858271598816
married,2015,2015–24,newlyweds,1,5,0.4761348068714142
nurse,2015,2015–24,doctors,5,5,0.565056300163269
nurse,2015,2015–24,physicians,5,5,0.5293501496315003
nurse,2015,2015–24,patient,5,5,0.5333336234092713
nurse,2015,2015–24,patients,5,5,0.5466536402702331
nurse,2015,2015–24,nursing,5,5,0.5320140957832337
nurse,2015,2015–24,practitioner,4,5,0.567419707775116
nurse,2015,2015–24,icu,4,5,0.5168111845850945
nurse,2015,2015–24,physician,3,5,0.5215327143669128
nurse,2015,2015–24,rn,3,5,0.5265938937664032
nurse,2015,2015–24,rns,2,5,0.5513494312763214
nurse,2015,2015–24,midwife,2,5,0.5566787123680115
nurse,2015,2015–24,neonatal,2,5,0.5321740806102753
nurse,2015,2015–24,hospital,2,5,0.5480696856975555
nurse,2015,2015–24,clinicians,2,5,0.508697509765625
nurse,2015,2015–24,bedside,2,5,0.5521608591079712
nurse,2015,2015–24,cna,1,5,0.6371711492538452
nurse,2015,2015–24,midwives,1,5,0.5744836926460266
nurse,2015,2015–24,bsn,1,5,0.5308998227119446
nurse,2015,2015–24,care,1,5,0.5141823291778564
nurse,2015,2015–24,obstetrician,1,5,0.555976152420044
nurse,2015,2015–24,obstetrics,1,5,0.5473402142524719
nurse,2015,2015–24,prohealth,1,5,0.5070077180862427
nurse,2015,2015–24,vanhorne,1,5,0.500678539276123
nurse,2015,2015–24,nysna,1,5,0.49702221155166626
nurse,2015,2015–24,anesthetist,1,5,0.5452509522438049
nurse,2015,2015–24,oncology,1,5,0.5401248335838318
nurse,2015,2015–24,medical,1,5,0.5013201832771301
nurse,2015,2015–24,radiology,1,5,0.499955952167511
nurse,2015,2015–24,palliative,1,5,0.49204257130622864
nurse,2015,2015–24,trmc,1,5,0.5440859794616699
nurse,2015,2015–24,practitioners,1,5,0.5340576767921448
nurse,2015,2015–24,therapists,1,5,0.5221913456916809
nurse,2015,2015–24,lvn,1,5,0.5182371139526367
nurse,2015,2015–24,pediatric,1,5,0.5076186060905457
nurse,2015,2015–24,technologist,1,5,0.5041726231575012
nurse,2015,2015–24,anesthesia,1,5,0.5521824955940247
nurse,2015,2015–24,ob,1,5,0.5120182633399963
nurse,2015,2015–24,lpn,1,5,0.5108970403671265
nurse,2015,2015–24,cardiothoracic,1,5,0.5102896690368652
parents,2015,2015–24,mother,5,5,0.5253204464912414
parents,2015,2015–24,families,5,5,0.4834259569644928
parents,2015,2015–24,grandparents,5,5,0.487697571516037
parents,2015,2015–24,children,5,5,0.5112593054771424
parents,2015,2015–24,kids,5,5,0.49047266840934756
parents,2015,2015–24,siblings,4,5,0.4839700683951378
parents,2015,2015–24,mom,4,5,0.4936256483197212
parents,2015,2015–24,adoptive,4,5,0.489438496530056
parents,2015,2015–24,father,4,5,0.45874714851379395
parents,2015,2015–24,teachers,3,5,0.48339589436848956
parents,2015,2015–24,daughter,3,5,0.4940158426761627
parents,2015,2015–24,grandparent,3,5,0.48174071311950684
parents,2015,2015–24,parental,3,5,0.47850679357846576
parents,2015,2015–24,child,2,5,0.4935056269168854
parents,2015,2015–24,wife,2,5,0.47255346179008484
parents,2015,2015–24,son,2,5,0.45397230982780457
parents,2015,2015–24,sibling,2,5,0.4596293568611145
parents,2015,2015–24,daughters,1,5,0.49006375670433044
parents,2015,2015–24,gusd,1,5,0.4880651831626892
parents,2015,2015–24,chaperones,1,5,0.4748944938182831
parents,2015,2015–24,paraprofessional,1,5,0.458731472492218
parents,2015,2015–24,dyslexia,1,5,0.44972938299179077
parents,2015,2015–24,family,1,5,0.444540411233902
parents,2015,2015–24,cps,1,5,0.4564068615436554
parents,2015,2015–24,weinberger,1,5,0.4474574327468872
parents,2015,2015–24,parenting,1,5,0.44660818576812744
parents,2015,2015–24,husband,1,5,0.46675243973731995
parents,2015,2015–24,schooled,1,5,0.4576709270477295
parents,2015,2015–24,christofferson,1,5,0.4493279755115509
parents,2015,2015–24,casd,1,5,0.44344833493232727
parents,2015,2015–24,nonbinary,1,5,0.4432143568992615
pastor,2015,2015–24,church,5,5,0.6619399309158325
pastor,2015,2015–24,rev,5,5,0.632653820514679
pastor,2015,2015–24,congregation,4,5,0.5339618772268295
pastor,2015,2015–24,ordained,4,5,0.5432863086462021
pastor,2015,2015–24,reverend,3,5,0.5518378019332886
pastor,2015,2015–24,pentecostal,3,5,0.5651929974555969
pastor,2015,2015–24,baptist,3,5,0.6085710922876993
pastor,2015,2015–24,congregations,3,5,0.53985063234965
pastor,2015,2015–24,churches,3,5,0.5397741794586182
pastor,2015,2015–24,methodist,2,5,0.5545487403869629
pastor,2015,2015–24,deacon,2,5,0.5583709478378296
pastor,2015,2015–24,ame,2,5,0.5437313616275787
pastor,2015,2015–24,congregants,2,5,0.5440266132354736
pastor,2015,2015–24,episcopal,2,5,0.5174598097801208
pastor,2015,2015–24,officiating,2,5,0.5604794025421143
pastor,2015,2015–24,anglican,1,5,0.5444962382316589
pastor,2015,2015–24,calvary,1,5,0.5313798189163208
pastor,2015,2015–24,apostolic,1,5,0.5164097547531128
pastor,2015,2015–24,evangelical,1,5,0.514687180519104
pastor,2015,2015–24,parishioners,1,5,0.5694112777709961
pastor,2015,2015–24,priest,1,5,0.538611650466919
pastor,2015,2015–24,missionary,1,5,0.5337556600570679
pastor,2015,2015–24,sangster,1,5,0.5310508608818054
pastor,2015,2015–24,bonnar,1,5,0.5263022780418396
pastor,2015,2015–24,denomination,1,5,0.5166992545127869
pastor,2015,2015–24,lutheran,1,5,0.5122729539871216
pastor,2015,2015–24,redeemer,1,5,0.5106889605522156
pastor,2015,2015–24,organist,1,5,0.5066947937011719
pastor,2015,2015–24,olivet,1,5,0.5015908479690552
pastor,2015,2015–24,ministers,1,5,0.49955233931541443
pastor,2015,2015–24,megachurch,1,5,0.5811794996261597
pastor,2015,2015–24,pastored,1,5,0.5796429514884949
pastor,2015,2015–24,pulpit,1,5,0.5394741892814636
pastor,2015,2015–24,ministry,1,5,0.5375556945800781
pastor,2015,2015–24,minister,1,5,0.5233262181282043
pastor,2015,2015–24,celebrant,1,5,0.6094350218772888
pastor,2015,2015–24,schlert,1,5,0.5485808849334717
pastor,2015,2015–24,interment,1,5,0.547451376914978
pastor,2015,2015–24,officiate,1,5,0.5430509448051453
pastor,2015,2015–24,parishioner,1,5,0.5407777428627014
pastor,2015,2015–24,vicar,1,5,0.5369423031806946
pastor,2015,2015–24,homily,1,5,0.5330578088760376
pastor,2015,2015–24,apostle,1,5,0.525994062423706
pastor,2015,2015–24,glosser,1,5,0.5257114768028259
pastor,2015,2015–24,inurnment,1,5,0.5247133374214172
physician,2015,2015–24,doctors,5,5,0.6296571254730224
physician,2015,2015–24,patients,5,5,0.6200112581253052
physician,2015,2015–24,medical,5,5,0.5871553778648376
physician,2015,2015–24,medicine,4,5,0.585581511259079
physician,2015,2015–24,patient,4,5,0.5527377277612686
physician,2015,2015–24,cardiology,4,5,0.5602977275848389
physician,2015,2015–24,clinicians,3,5,0.5876080791155497
physician,2015,2015–24,gyn,3,5,0.5925483306248983
physician,2015,2015–24,gynecology,3,5,0.5735050241152445
physician,2015,2015–24,pediatrics,2,5,0.5757512450218201
physician,2015,2015–24,pediatric,2,5,0.5747261047363281
physician,2015,2015–24,obstetrics,2,5,0.602423369884491
physician,2015,2015–24,cardiologist,2,5,0.5582229793071747
physician,2015,2015–24,ob,2,5,0.5606120526790619
physician,2015,2015–24,palliative,2,5,0.5500528514385223
physician,2015,2015–24,orthopedic,2,5,0.5788471102714539
physician,2015,2015–24,neurology,2,5,0.5916429162025452
physician,2015,2015–24,cardiologists,1,5,0.6046628952026367
physician,2015,2015–24,osteopathic,1,5,0.5817983150482178
physician,2015,2015–24,doctor,1,5,0.5811312794685364
physician,2015,2015–24,nurses,1,5,0.5743558406829834
physician,2015,2015–24,dermatology,1,5,0.5722990036010742
physician,2015,2015–24,pediatricians,1,5,0.5708879232406616
physician,2015,2015–24,gerontology,1,5,0.5675507187843323
physician,2015,2015–24,prohealth,1,5,0.6039195656776428
physician,2015,2015–24,prescribe,1,5,0.5931999683380127
physician,2015,2015–24,interventional,1,5,0.5785127282142639
physician,2015,2015–24,obstetrician,1,5,0.5628881454467773
physician,2015,2015–24,cvph,1,5,0.5592733025550842
physician,2015,2015–24,oncology,1,5,0.590828537940979
physician,2015,2015–24,practitioner,1,5,0.5795611143112183
physician,2015,2015–24,oncologist,1,5,0.5705471634864807
physician,2015,2015–24,radiology,1,5,0.5522179007530212
physician,2015,2015–24,dentists,1,5,0.5432989001274109
physician,2015,2015–24,nurse,1,5,0.5371062159538269
physician,2015,2015–24,surgeons,1,5,0.536368191242218
physician,2015,2015–24,brmc,1,5,0.5402485728263855
physician,2015,2015–24,zurad,1,5,0.6111660599708557
physician,2015,2015–24,urology,1,5,0.5894883275032043
physician,2015,2015–24,anesthesia,1,5,0.5516059398651123
police,2015,2015–24,officers,5,5,0.6949388384819031
police,2015,2015–24,detectives,4,5,0.5364469736814499
police,2015,2015–24,incident,4,5,0.5307514518499374
police,2015,2015–24,officer,4,5,0.5483771115541458
police,2015,2015–24,deputies,3,5,0.5347792009512583
police,2015,2015–24,enforcement,3,5,0.5426502227783203
police,2015,2015–24,suspect,3,5,0.5244977076848348
police,2015,2015–24,authorities,3,5,0.5309898058573405
police,2015,2015–24,sheriff,2,5,0.5506617724895477
police,2015,2015–24,pd,2,5,0.5698976814746857
police,2015,2015–24,department,2,5,0.5454260408878326
police,2015,2015–24,troopers,2,5,0.5955803692340851
police,2015,2015–24,rpd,2,5,0.5259670317173004
police,2015,2015–24,detective,2,5,0.5060986131429672
police,2015,2015–24,lapd,1,5,0.6415117979049683
police,2015,2015–24,lbpd,1,5,0.5821327567100525
police,2015,2015–24,lmpd,1,5,0.5799615979194641
police,2015,2015–24,chp,1,5,0.53286212682724
police,2015,2015–24,epd,1,5,0.5313758254051208
police,2015,2015–24,cops,1,5,0.6158878803253174
police,2015,2015–24,nypd,1,5,0.5936410427093506
police,2015,2015–24,arrest,1,5,0.534742534160614
police,2015,2015–24,zikuski,1,5,0.5299808979034424
police,2015,2015–24,dembinska,1,5,0.516427218914032
police,2015,2015–24,apd,1,5,0.5305330753326416
police,2015,2015–24,patrol,1,5,0.5199203491210938
police,2015,2015–24,crispen,1,5,0.51766437292099
police,2015,2015–24,ucpd,1,5,0.5161046981811523
police,2015,2015–24,cpd,1,5,0.5001773834228516
police,2015,2015–24,tpd,1,5,0.49185559153556824
police,2015,2015–24,wpd,1,5,0.4915798008441925
police,2015,2015–24,det,1,5,0.4896341860294342
police,2015,2015–24,kpd,1,5,0.5737590789794922
police,2015,2015–24,papd,1,5,0.5474038124084473
police,2015,2015–24,vpd,1,5,0.543377161026001
police,2015,2015–24,bpd,1,5,0.5374892950057983
police,2015,2015–24,jpd,1,5,0.5315525531768799
police,2015,2015–24,npd,1,5,0.5227829813957214
police,2015,2015–24,chief,1,5,0.5182063579559326
police,2015,2015–24,upd,1,5,0.5117746591567993
police,2015,2015–24,psp,1,5,0.5706383585929871
police,2015,2015–24,rockview,1,5,0.5141281485557556
police,2015,2015–24,trooper,1,5,0.5101418495178223
police,2015,2015–24,erratically,1,5,0.5050452947616577
police,2015,2015–24,arrested,1,5,0.5028228163719177
police,2015,2015–24,vehicle,1,5,0.502770721912384
police,2015,2015–24,laselva,1,5,0.5015463829040527
police,2015,2015–24,lorah,1,5,0.4929395020008087
prosecutor,2015,2015–24,attorney,5,5,0.6445853352546692
prosecutor,2015,2015–24,prosecution,5,5,0.6056000828742981
prosecutor,2015,2015–24,attorneys,5,5,0.6034439444541931
prosecutor,2015,2015–24,prosecuting,5,5,0.5626935005187989
prosecutor,2015,2015–24,sentencing,3,5,0.5398173133532206
prosecutor,2015,2015–24,prosecuted,3,5,0.5580610831578573
prosecutor,2015,2015–24,judge,3,5,0.5586713949839274
prosecutor,2015,2015–24,trial,3,5,0.544872005780538
prosecutor,2015,2015–24,prosecute,3,5,0.5562061270078024
prosecutor,2015,2015–24,prosecutorial,3,5,0.54377414782842
prosecutor,2015,2015–24,prosecutions,2,5,0.537193238735199
prosecutor,2015,2015–24,indictment,2,5,0.5416803061962128
prosecutor,2015,2015–24,jury,2,5,0.553337424993515
prosecutor,2015,2015–24,criminal,1,5,0.5849441289901733
prosecutor,2015,2015–24,charges,1,5,0.5699921250343323
prosecutor,2015,2015–24,lawyer,1,5,0.566758930683136
prosecutor,2015,2015–24,defendants,1,5,0.5489509701728821
prosecutor,2015,2015–24,dekraai,1,5,0.5452283024787903
prosecutor,2015,2015–24,pfeil,1,5,0.5444504022598267
prosecutor,2015,2015–24,retrial,1,5,0.5741621851921082
prosecutor,2015,2015–24,exculpatory,1,5,0.5693688988685608
prosecutor,2015,2015–24,arcara,1,5,0.5616204738616943
prosecutor,2015,2015–24,sdny,1,5,0.5608693361282349
prosecutor,2015,2015–24,solicitor,1,5,0.5608570575714111
prosecutor,2015,2015–24,unsealed,1,5,0.5508484244346619
prosecutor,2015,2015–24,gebers,1,5,0.619868278503418
prosecutor,2015,2015–24,iarocci,1,5,0.5745744109153748
prosecutor,2015,2015–24,plea,1,5,0.5667353272438049
prosecutor,2015,2015–24,schiffel,1,5,0.5564053058624268
prosecutor,2015,2015–24,gmoser,1,5,0.543751060962677
prosecutor,2015,2015–24,buckwalter,1,5,0.5373697280883789
prosecutor,2015,2015–24,vigluicci,1,5,0.5317193269729614
prosecutor,2015,2015–24,defendant,1,5,0.5366259813308716
prosecutor,2015,2015–24,jurors,1,5,0.5147739052772522
prosecutor,2015,2015–24,testimony,1,5,0.5031309723854065
prosecutor,2015,2015–24,recuse,1,5,0.5015634894371033
prosecutor,2015,2015–24,acquittal,1,5,0.5699893832206726
prosecutor,2015,2015–24,perjury,1,5,0.5559309124946594
prosecutor,2015,2015–24,shargel,1,5,0.5554265975952148
prosecutor,2015,2015–24,mistrial,1,5,0.5410559773445129
prosecutor,2015,2015–24,case,1,5,0.5388402938842773
prosecutor,2015,2015–24,beemer,1,5,0.5344065427780151
prosecutor,2015,2015–24,peruto,1,5,0.534247636795044
prosecutor,2015,2015–24,lawyers,1,5,0.5276772975921631
relatives,2015,2015–24,family,5,5,0.4618195414543152
relatives,2015,2015–24,friends,5,5,0.4241413831710815
relatives,2015,2015–24,mother,5,5,0.4258385896682739
relatives,2015,2015–24,grandparents,3,5,0.4270244340101878
relatives,2015,2015–24,adoptive,3,5,0.4344860911369324
relatives,2015,2015–24,cremated,3,5,0.4187583128611247
relatives,2015,2015–24,siblings,2,5,0.44353125989437103
relatives,2015,2015–24,parents,2,5,0.42950090765953064
relatives,2015,2015–24,families,2,5,0.42959053814411163
relatives,2015,2015–24,widowed,2,5,0.4175529330968857
relatives,2015,2015–24,grandparent,2,5,0.4434068650007248
relatives,2015,2015–24,neighbors,2,5,0.40693262219429016
relatives,2015,2015–24,friend,2,5,0.4251899868249893
relatives,2015,2015–24,acquaintances,2,5,0.44829821586608887
relatives,2015,2015–24,cousins,2,5,0.41835489869117737
relatives,2015,2015–24,parnag,1,5,0.444313645362854
relatives,2015,2015–24,cousin,1,5,0.43758532404899597
relatives,2015,2015–24,tousley,1,5,0.4354262351989746
relatives,2015,2015–24,crusius,1,5,0.428833544254303
relatives,2015,2015–24,butchie,1,5,0.4203937351703644
relatives,2015,2015–24,uncle,1,5,0.4189145267009735
relatives,2015,2015–24,loner,1,5,0.4074549973011017
relatives,2015,2015–24,widower,1,5,0.43490222096443176
relatives,2015,2015–24,gravesite,1,5,0.4258299171924591
relatives,2015,2015–24,stepfather,1,5,0.4164084196090698
relatives,2015,2015–24,comforted,1,5,0.4122929573059082
relatives,2015,2015–24,zeljka,1,5,0.4560549557209015
relatives,2015,2015–24,devinney,1,5,0.44344615936279297
relatives,2015,2015–24,mistreated,1,5,0.4022895395755768
relatives,2015,2015–24,mourners,1,5,0.40219077467918396
relatives,2015,2015–24,estranged,1,5,0.40136078000068665
relatives,2015,2015–24,acquaintance,1,5,0.3974209427833557
relatives,2015,2015–24,mutation,1,5,0.3934361934661865
relatives,2015,2015–24,hamey,1,5,0.3853079378604889
relatives,2015,2015–24,nieces,1,5,0.46482107043266296
relatives,2015,2015–24,nephews,1,5,0.46179312467575073
relatives,2015,2015–24,forcibly,1,5,0.4228062927722931
relatives,2015,2015–24,unconditionally,1,5,0.4223504066467285
relatives,2015,2015–24,doting,1,5,0.4206743836402893
relatives,2015,2015–24,uncles,1,5,0.4179316759109497
relatives,2015,2015–24,aunts,1,5,0.4046074450016022
relatives,2015,2015–24,remarried,1,5,0.40365955233573914
relatives,2015,2015–24,kezmarsky,1,5,0.4175730049610138
relatives,2015,2015–24,kidnap,1,5,0.41200149059295654
relatives,2015,2015–24,azuree,1,5,0.41150370240211487
relatives,2015,2015–24,perished,1,5,0.4024883508682251
relatives,2015,2015–24,grandmother,1,5,0.3992576003074646
relatives,2015,2015–24,inhabited,1,5,0.39662936329841614
secretary,2015,2015–24,treasurer,5,5,0.4966544806957245
secretary,2015,2015–24,aides,4,5,0.4570457339286804
secretary,2015,2015–24,president,3,5,0.47355621059735614
secretary,2015,2015–24,karine,2,5,0.4728865772485733
secretary,2015,2015–24,aide,2,5,0.4476422220468521
secretary,2015,2015–24,representatives,2,5,0.4478626400232315
secretary,2015,2015–24,devos,2,5,0.442584827542305
secretary,2015,2015–24,pompeo,2,5,0.48895877599716187
secretary,2015,2015–24,parliamentarian,2,5,0.49383212625980377
secretary,2015,2015–24,vice,2,5,0.4644486904144287
secretary,2015,2015–24,adviser,2,5,0.42666688561439514
secretary,2015,2015–24,paraprofessional,2,5,0.43047092854976654
secretary,2015,2015–24,sens,2,5,0.46677039563655853
secretary,2015,2015–24,legislator,2,5,0.45646248757839203
secretary,2015,2015–24,representative,2,5,0.45095476508140564
secretary,2015,2015–24,undersecretary,1,5,0.5529541969299316
secretary,2015,2015–24,toks,1,5,0.5033770203590393
secretary,2015,2015–24,rodham,1,5,0.4710603952407837
secretary,2015,2015–24,omishakin,1,5,0.4660368859767914
secretary,2015,2015–24,mattis,1,5,0.4607924222946167
secretary,2015,2015–24,fiorina,1,5,0.4492853879928589
secretary,2015,2015–24,clerked,1,5,0.44399723410606384
secretary,2015,2015–24,advisor,1,5,0.4393129348754883
secretary,2015,2015–24,speechwriter,1,5,0.46926426887512207
secretary,2015,2015–24,huckabee,1,5,0.41975897550582886
secretary,2015,2015–24,solicitor,1,5,0.41674259305000305
secretary,2015,2015–24,epshteyn,1,5,0.4124237298965454
secretary,2015,2015–24,confidant,1,5,0.4122016727924347
secretary,2015,2015–24,custodians,1,5,0.4555612802505493
secretary,2015,2015–24,larose,1,5,0.44256675243377686
secretary,2015,2015–24,rodrigues,1,5,0.4360884130001068
secretary,2015,2015–24,nominating,1,5,0.4282166361808777
secretary,2015,2015–24,strategist,1,5,0.42754659056663513
secretary,2015,2015–24,antony,1,5,0.42678263783454895
secretary,2015,2015–24,landreth,1,5,0.4883962571620941
secretary,2015,2015–24,eedc,1,5,0.4784606397151947
secretary,2015,2015–24,chairmen,1,5,0.47377026081085205
secretary,2015,2015–24,retiree,1,5,0.468463271856308
secretary,2015,2015–24,mayorkas,1,5,0.4587900936603546
secretary,2015,2015–24,appointees,1,5,0.45788517594337463
secretary,2015,2015–24,tudyk,1,5,0.4557187855243683
secretary,2015,2015–24,appointed,1,5,0.4471758306026459
secretary,2015,2015–24,psaki,1,5,0.450751930475235
secretary,2015,2015–24,tillerson,1,5,0.44876131415367126
secretary,2015,2015–24,lyndsay,1,5,0.4485204219818115
secretary,2015,2015–24,cio,1,5,0.4483564794063568
secretary,2015,2015–24,department,1,5,0.4373784363269806
secretary,2015,2015–24,governors,1,5,0.426606684923172
secretary,2015,2015–24,briefings,1,5,0.4258401095867157
secretary,2015,2015–24,afl,1,5,0.4254704415798187
secretary,2015,2015–24,boockvar,1,5,0.42484089732170105
secretary,2015,2015–24,nauert,1,5,0.4237316846847534
secretary,2015,2015–24,seda,1,5,0.4185064136981964
secretary,2015,2015–24,deputy,1,5,0.4176350235939026
siblings,2015,2015–24,brother,5,5,0.6186687231063843
siblings,2015,2015–24,sister,5,5,0.6167056679725647
siblings,2015,2015–24,sisters,5,5,0.5658700108528137
siblings,2015,2015–24,mother,5,5,0.5403304159641266
siblings,2015,2015–24,parents,4,5,0.5490549057722092
siblings,2015,2015–24,grandparents,4,5,0.5578698366880417
siblings,2015,2015–24,predeceased,4,5,0.5547675341367722
siblings,2015,2015–24,aunts,4,5,0.5163502171635628
siblings,2015,2015–24,brothers,3,5,0.5500245491663615
siblings,2015,2015–24,father,3,5,0.5460415879885355
siblings,2015,2015–24,daughter,2,5,0.5675108432769775
siblings,2015,2015–24,sons,2,5,0.5466873049736023
siblings,2015,2015–24,eldest,2,5,0.5428115129470825
siblings,2015,2015–24,daughters,2,5,0.5229598879814148
siblings,2015,2015–24,stepchildren,2,5,0.5375060737133026
siblings,2015,2015–24,grandchildren,2,5,0.5239768624305725
siblings,2015,2015–24,husband,2,5,0.5222536325454712
siblings,2015,2015–24,adoptive,2,5,0.524860292673111
siblings,2015,2015–24,survived,2,5,0.5011590719223022
siblings,2015,2015–24,mom,1,5,0.5438781976699829
siblings,2015,2015–24,cousin,1,5,0.5356684327125549
siblings,2015,2015–24,dad,1,5,0.5248650312423706
siblings,2015,2015–24,uncles,1,5,0.5369033217430115
siblings,2015,2015–24,granddaughters,1,5,0.532396137714386
siblings,2015,2015–24,nieces,1,5,0.5013450384140015
siblings,2015,2015–24,nephews,1,5,0.49833109974861145
siblings,2015,2015–24,widowed,1,5,0.4975661039352417
siblings,2015,2015–24,doting,1,5,0.5518295168876648
siblings,2015,2015–24,schlabs,1,5,0.5031605362892151
siblings,2015,2015–24,grandchild,1,5,0.5017579793930054
siblings,2015,2015–24,revilla,1,5,0.49103131890296936
siblings,2015,2015–24,preceded,1,5,0.520629346370697
siblings,2015,2015–24,son,1,5,0.5162947177886963
siblings,2015,2015–24,paternal,1,5,0.5071501135826111
soldier,2015,2015–24,troops,5,5,0.5587321162223816
soldier,2015,2015–24,army,5,5,0.5405808448791504
soldier,2015,2015–24,war,5,5,0.5610194563865661
soldier,2015,2015–24,servicemen,4,5,0.5232671648263931
soldier,2015,2015–24,military,3,5,0.5413700640201569
soldier,2015,2015–24,marines,3,5,0.5260293185710907
soldier,2015,2015–24,cavalry,3,5,0.5093665421009064
soldier,2015,2015–24,iwo,3,5,0.5328877568244934
soldier,2015,2015–24,battlefields,3,5,0.5291467507680258
soldier,2015,2015–24,infantry,3,5,0.5200367271900177
soldier,2015,2015–24,comrades,2,5,0.5165396928787231
soldier,2015,2015–24,wounded,2,5,0.5221865773200989
soldier,2015,2015–24,jima,2,5,0.5219468772411346
soldier,2015,2015–24,regiment,2,5,0.52606001496315
soldier,2015,2015–24,sailors,2,5,0.5264567732810974
soldier,2015,2015–24,artillery,1,5,0.5391599535942078
soldier,2015,2015–24,reservists,1,5,0.524302065372467
soldier,2015,2015–24,paratrooper,1,5,0.522718608379364
soldier,2015,2015–24,civilians,1,5,0.5181195139884949
soldier,2015,2015–24,guardsmen,1,5,0.514208972454071
soldier,2015,2015–24,infantryman,1,5,0.581943154335022
soldier,2015,2015–24,paratroopers,1,5,0.5621893405914307
soldier,2015,2015–24,viet,1,5,0.5566069483757019
soldier,2015,2015–24,bulge,1,5,0.5382306575775146
soldier,2015,2015–24,briel,1,5,0.51216721534729
soldier,2015,2015–24,battlefield,1,5,0.5234463810920715
soldier,2015,2015–24,germans,1,5,0.5201464295387268
soldier,2015,2015–24,liberated,1,5,0.5142830014228821
soldier,2015,2015–24,casualties,1,5,0.5078439712524414
soldier,2015,2015–24,idf,1,5,0.5007066130638123
soldier,2015,2015–24,detachment,1,5,0.4952922761440277
soldier,2015,2015–24,reenactors,1,5,0.4884814918041229
soldier,2015,2015–24,peshmerga,1,5,0.5420296788215637
soldier,2015,2015–24,normandy,1,5,0.4922226369380951
soldier,2015,2015–24,confederate,1,5,0.4807083308696747
soldier,2015,2015–24,carde,1,5,0.4725721776485443
soldier,2015,2015–24,hoefling,1,5,0.5413592457771301
soldier,2015,2015–24,delke,1,5,0.5242308974266052
soldier,2015,2015–24,wwi,1,5,0.5227953791618347
soldier,2015,2015–24,commanded,1,5,0.5205053687095642
soldier,2015,2015–24,gravesite,1,5,0.5081974267959595
soldier,2015,2015–24,pvt,1,5,0.5037257671356201
soldier,2015,2015–24,enactor,1,5,0.49774935841560364
surgeon,2015,2015–24,orthopedic,5,5,0.637799334526062
surgeon,2015,2015–24,surgery,5,5,0.6116665124893188
surgeon,2015,2015–24,physicians,4,5,0.5518872141838074
surgeon,2015,2015–24,neurology,4,5,0.5992900133132935
surgeon,2015,2015–24,orthopedics,4,5,0.5772460848093033
surgeon,2015,2015–24,urology,3,5,0.5775266289710999
surgeon,2015,2015–24,vascular,3,5,0.563629945119222
surgeon,2015,2015–24,gynecology,3,5,0.5866488615671793
surgeon,2015,2015–24,reconstructive,2,5,0.5878718495368958
surgeon,2015,2015–24,doctors,2,5,0.5491973161697388
surgeon,2015,2015–24,oncologist,2,5,0.5589759349822998
surgeon,2015,2015–24,pediatric,2,5,0.5199255645275116
surgeon,2015,2015–24,cardiologist,2,5,0.571209579706192
surgeon,2015,2015–24,cardiology,2,5,0.5764703452587128
surgeon,2015,2015–24,interventional,2,5,0.5493423342704773
surgeon,2015,2015–24,gastroenterology,2,5,0.5962863862514496
surgeon,2015,2015–24,oncology,2,5,0.5543082654476166
surgeon,2015,2015–24,minimally,2,5,0.5556581020355225
surgeon,2015,2015–24,gyn,2,5,0.5372431576251984
surgeon,2015,2015–24,surgical,1,5,0.6178510189056396
surgeon,2015,2015–24,ophthalmologist,1,5,0.5605098605155945
surgeon,2015,2015–24,doctor,1,5,0.5505466461181641
surgeon,2015,2015–24,physician,1,5,0.5305757522583008
surgeon,2015,2015–24,implant,1,5,0.5121780633926392
surgeon,2015,2015–24,neurosurgeon,1,5,0.5030543804168701
surgeon,2015,2015–24,osteopathic,1,5,0.5002918243408203
surgeon,2015,2015–24,neurosurgery,1,5,0.5882642269134521
surgeon,2015,2015–24,endocrinology,1,5,0.571963369846344
surgeon,2015,2015–24,pulmonology,1,5,0.5589417815208435
surgeon,2015,2015–24,geriatrics,1,5,0.552886426448822
surgeon,2015,2015–24,neurologist,1,5,0.5486295819282532
surgeon,2015,2015–24,ob,1,5,0.5400727391242981
surgeon,2015,2015–24,obstetrics,1,5,0.5295054316520691
surgeon,2015,2015–24,anesthesiologist,1,5,0.5625548362731934
surgeon,2015,2015–24,anesthesia,1,5,0.5574005842208862
surgeon,2015,2015–24,spine,1,5,0.6144759654998779
surgeon,2015,2015–24,aortic,1,5,0.6050143241882324
surgeon,2015,2015–24,orthopaedic,1,5,0.5994758605957031
surgeon,2015,2015–24,ophthalmology,1,5,0.5787310004234314
surgeon,2015,2015–24,cardiothoracic,1,5,0.5767015218734741
surgeon,2015,2015–24,bariatric,1,5,0.5714433789253235
veterinarian,2015,2015–24,veterinary,5,5,0.546077448129654
veterinarian,2015,2015–24,animals,5,5,0.4932365119457245
veterinarian,2015,2015–24,animal,4,5,0.5037782117724419
veterinarian,2015,2015–24,euthanized,4,5,0.49745485186576843
veterinarian,2015,2015–24,vet,3,5,0.48349172870318097
veterinarian,2015,2015–24,spay,2,5,0.4711763560771942
veterinarian,2015,2015–24,pet,2,5,0.49178771674633026
veterinarian,2015,2015–24,kittens,2,5,0.4887379854917526
veterinarian,2015,2015–24,feline,2,5,0.47278138995170593
veterinarian,2015,2015–24,rabies,2,5,0.4952734112739563
veterinarian,2015,2015–24,spayed,2,5,0.4999437481164932
veterinarian,2015,2015–24,physician,2,5,0.4634370654821396
veterinarian,2015,2015–24,breeders,2,5,0.5079866349697113
veterinarian,2015,2015–24,euthanize,1,5,0.5319231152534485
veterinarian,2015,2015–24,nbas,1,5,0.5257006883621216
veterinarian,2015,2015–24,vaccinating,1,5,0.5184209942817688
veterinarian,2015,2015–24,felines,1,5,0.5155512094497681
veterinarian,2015,2015–24,spaying,1,5,0.5060774087905884
veterinarian,2015,2015–24,nuckolls,1,5,0.503698468208313
veterinarian,2015,2015–24,adoptable,1,5,0.4950946271419525
veterinarian,2015,2015–24,cimwi,1,5,0.4878203570842743
veterinarian,2015,2015–24,rehabilitator,1,5,0.552972137928009
veterinarian,2015,2015–24,microchip,1,5,0.4847164452075958
veterinarian,2015,2015–24,kennels,1,5,0.4769754111766815
veterinarian,2015,2015–24,aspca,1,5,0.47432032227516174
veterinarian,2015,2015–24,medics,1,5,0.4688878357410431
veterinarian,2015,2015–24,slaughterhouses,1,5,0.4572584331035614
veterinarian,2015,2015–24,humanely,1,5,0.4554140567779541
veterinarian,2015,2015–24,doctors,1,5,0.4511995017528534
veterinarian,2015,2015–24,purina,1,5,0.47229236364364624
veterinarian,2015,2015–24,antibiotics,1,5,0.4677312970161438
veterinarian,2015,2015–24,resuscitation,1,5,0.462075799703598
veterinarian,2015,2015–24,giraffes,1,5,0.45922935009002686
veterinarian,2015,2015–24,allergies,1,5,0.4561242461204529
veterinarian,2015,2015–24,olar,1,5,0.45049232244491577
veterinarian,2015,2015–24,dermatologists,1,5,0.4494287371635437
veterinarian,2015,2015–24,bowens,1,5,0.5087504982948303
veterinarian,2015,2015–24,pediatrician,1,5,0.5086363554000854
veterinarian,2015,2015–24,practitioner,1,5,0.49049413204193115
veterinarian,2015,2015–24,pediatric,1,5,0.48255860805511475
veterinarian,2015,2015–24,euthanasia,1,5,0.46989795565605164
veterinarian,2015,2015–24,woytek,1,5,0.46790796518325806
veterinarian,2015,2015–24,anesthesia,1,5,0.4625903069972992
veterinarian,2015,2015–24,dentists,1,5,0.4586341381072998
veterinarian,2015,2015–24,orthopedic,1,5,0.4572127163410187
veterinarian,2015,2015–24,surgeon,1,5,0.45452988147735596
veterinarian,2015,2015–24,neutered,1,5,0.5189651846885681
veterinarian,2015,2015–24,parvo,1,5,0.5077883005142212
veterinarian,2015,2015–24,feral,1,5,0.47984421253204346
veterinarian,2015,2015–24,equine,1,5,0.4772469997406006
veterinarian,2015,2015–24,neuter,1,5,0.47558486461639404
