state,period,category,term,rnd
alabama,1995,family_sphere,home,-0.009988195962689739
alabama,1995,family_sphere,parents,0.017031408182290986
alabama,1995,family_sphere,children,-3.4390814336204834e-05
alabama,1995,family_sphere,family,-0.03169363679653092
alabama,1995,family_sphere,cousins,-0.015261092574557433
alabama,1995,family_sphere,marriage,-0.0454393381902386
alabama,1995,family_sphere,wedding,-0.006679199427271132
alabama,1995,family_sphere,relatives,-0.010558746122790508
alabama,1995,household,cooking,-0.03693552025037061
alabama,2000,family_sphere,home,-0.02115306933509764
alabama,2000,family_sphere,parents,0.02496017375239845
alabama,2000,family_sphere,children,-6.558943390766458e-05
alabama,2000,family_sphere,family,-0.01797428397214884
alabama,2000,family_sphere,cousins,-0.0036457047137681275
alabama,2000,family_sphere,marriage,0.049292588457502284
alabama,2000,family_sphere,wedding,0.044283005455848956
alabama,2000,family_sphere,relatives,-0.02831940948314915
alabama,2000,family_sphere,household,-0.04546015885976007
alabama,2000,family_sphere,kitchen,0.03367975512993071
alabama,2000,household,cleaning,-0.008550594299951086
alabama,2000,household,cooking,-0.013079144915938534
alabama,2000,household,groceries,-0.042147981783756006
alabama,2005,family_sphere,home,-0.025257463456965557
alabama,2005,family_sphere,parents,-0.00418186725015568
alabama,2005,family_sphere,children,-0.012871344134332663
alabama,2005,family_sphere,family,-0.008418076510917749
alabama,2005,family_sphere,cousins,0.009197466718687153
alabama,2005,family_sphere,marriage,0.02969713719537559
alabama,2005,family_sphere,wedding,0.038515157883412754
alabama,2005,family_sphere,relatives,-0.000999400737073164
alabama,2005,family_sphere,household,-0.03900017467545813
alabama,2005,family_sphere,kitchen,0.006986731774955346
alabama,2005,household,cleaning,-0.012414841626576356
alabama,2005,household,cooking,-0.017292015075095035
alabama,2005,household,groceries,-0.01666323479191245
alabama,2005,household,dishes,0.017021873933551368
alabama,2005,household,gardening,-0.0010828973561332056
alabama,2010,family_sphere,home,0.014142900901857991
alabama,2010,family_sphere,parents,0.0008427667102425263
alabama,2010,family_sphere,children,0.04209667047946464
alabama,2010,family_sphere,family,-0.02328010415096815
alabama,2010,family_sphere,cousins,-0.022421382134419132
alabama,2010,family_sphere,marriage,0.04693901380846888
alabama,2010,family_sphere,wedding,0.03602193931374009
alabama,2010,family_sphere,relatives,-0.002056313361379458
alabama,2010,family_sphere,household,-0.01857111119942001
alabama,2010,family_sphere,kitchen,-0.0036006421713042913
alabama,2010,household,cleaning,-0.025576503974994447
alabama,2010,household,laundry,0.010159763295332525
alabama,2010,household,cooking,-0.01836376490889602
alabama,2010,household,groceries,-0.013719407390772043
alabama,2010,household,dishes,0.01789921664539995
alabama,2010,household,gardening,0.02724662983554227
alabama,2015,family_sphere,home,-0.004535731498414686
alabama,2015,family_sphere,parents,0.020525844262381576
alabama,2015,family_sphere,children,0.045071386978305705
alabama,2015,family_sphere,family,0.009505638007220596
alabama,2015,family_sphere,cousins,-0.013543221698155916
alabama,2015,family_sphere,marriage,0.03024656952923699
alabama,2015,family_sphere,wedding,0.024568151149928164
alabama,2015,family_sphere,relatives,0.02142846162370693
alabama,2015,family_sphere,household,0.001814414901307182
alabama,2015,family_sphere,kitchen,-0.008686247827804139
alabama,2015,household,cleaning,-0.01982695568333348
alabama,2015,household,laundry,0.00011213303469737035
alabama,2015,household,cooking,-0.014968419163198465
alabama,2015,household,groceries,0.0009431726801791829
alabama,2015,household,dishes,0.025620008903643243
alabama,2015,household,gardening,-0.011933528733941712
alaska,2000,family_sphere,home,0.013749428876821512
alaska,2000,family_sphere,parents,0.053187579450358236
alaska,2000,family_sphere,children,-0.020431371751709948
alaska,2000,family_sphere,family,-0.022792588739272257
alaska,2000,household,groceries,0.01048706719659509
alaska,2005,family_sphere,home,-0.014330991118677083
alaska,2005,family_sphere,parents,-0.0021175779262103678
alaska,2005,family_sphere,children,0.008074705109436309
alaska,2005,family_sphere,family,0.007620856147967259
alaska,2005,family_sphere,cousins,-0.02802400713202058
alaska,2005,family_sphere,marriage,0.004477358312282798
alaska,2005,family_sphere,wedding,0.03776605189913229
alaska,2005,family_sphere,relatives,0.006409954172955423
alaska,2005,family_sphere,household,0.020574674116574432
alaska,2005,family_sphere,kitchen,0.03046485238168639
alaska,2005,household,cleaning,-0.01208898451280327
alaska,2005,household,cooking,-0.0006296363007848305
alaska,2005,household,groceries,0.03267371076135284
alaska,2005,household,dishes,0.016523895352834717
alaska,2005,household,gardening,-0.02729703974309783
alaska,2010,family_sphere,home,0.022834075637912843
alaska,2010,family_sphere,parents,-0.006205647685369797
alaska,2010,family_sphere,children,0.026522976062788972
alaska,2010,family_sphere,family,0.0034100396008148737
alaska,2010,family_sphere,cousins,0.002111262140826131
alaska,2010,family_sphere,marriage,0.019165556018954755
alaska,2010,family_sphere,wedding,0.020842416784872753
alaska,2010,family_sphere,relatives,0.00020530038327226663
alaska,2010,family_sphere,household,0.011278394463394403
alaska,2010,family_sphere,kitchen,-0.0067831732508567555
alaska,2010,household,cleaning,-0.018126675557787575
alaska,2010,household,laundry,0.0017320940728599021
alaska,2010,household,cooking,-0.01066266195713017
alaska,2010,household,groceries,-0.017966740797018765
alaska,2010,household,dishes,0.030353968597527925
alaska,2010,household,gardening,0.014464538131166216
alaska,2015,family_sphere,home,0.04538583272971941
alaska,2015,family_sphere,parents,0.013659769878318406
alaska,2015,family_sphere,children,0.022530382244125402
alaska,2015,family_sphere,family,0.014143637555682709
alaska,2015,family_sphere,cousins,-0.009198277598897686
alaska,2015,family_sphere,marriage,0.02354335170062405
alaska,2015,family_sphere,wedding,-0.01637762772503515
alaska,2015,family_sphere,relatives,0.003949832757597638
alaska,2015,family_sphere,household,0.02299148646579563
alaska,2015,family_sphere,kitchen,0.022432429724775993
alaska,2015,household,cleaning,0.012880189550515064
alaska,2015,household,laundry,0.03127763587424581
alaska,2015,household,cooking,0.012456503840289623
alaska,2015,household,groceries,-0.022083096794886625
alaska,2015,household,dishes,0.003718225762365246
alaska,2015,household,gardening,0.007696285267844827
arizona,2010,family_sphere,home,0.009257713808169199
arizona,2010,family_sphere,parents,0.028494341369677656
arizona,2010,family_sphere,children,0.027086857636896
arizona,2010,family_sphere,family,0.03340031468430282
arizona,2010,family_sphere,cousins,-0.023629118166555885
arizona,2010,family_sphere,marriage,-0.01617589897742866
arizona,2010,family_sphere,wedding,0.021654683991103707
arizona,2010,family_sphere,relatives,0.022398728609681284
arizona,2010,family_sphere,household,0.011443550776909284
arizona,2010,family_sphere,kitchen,0.004829289975203488
arizona,2010,household,cleaning,-0.00704794666274311
arizona,2010,household,laundry,-0.002322505701162214
arizona,2010,household,cooking,0.0014548978757753517
arizona,2010,household,groceries,0.005877905226708613
arizona,2010,household,dishes,-0.009328169670387076
arizona,2010,household,gardening,0.008313136365478702
arizona,2015,family_sphere,home,-0.019981161983413154
arizona,2015,family_sphere,parents,0.018984462954473313
arizona,2015,family_sphere,children,0.04289002923198293
arizona,2015,family_sphere,family,0.024887550450430895
arizona,2015,family_sphere,cousins,-0.027545848866108447
arizona,2015,family_sphere,marriage,0.0010803117061806145
arizona,2015,family_sphere,wedding,0.0009887255725058441
arizona,2015,family_sphere,relatives,0.01691130235476712
arizona,2015,family_sphere,household,0.005200218398709877
arizona,2015,family_sphere,kitchen,-0.019055134679862085
arizona,2015,household,cleaning,0.0014124103913482067
arizona,2015,household,laundry,-0.0015523422035659262
arizona,2015,household,cooking,0.0004732130749056651
arizona,2015,household,groceries,-0.01849969972198251
arizona,2015,household,dishes,-0.014728733675443917
arizona,2015,household,gardening,0.015646485991462455
arkansas,2010,family_sphere,home,-0.01864895456895721
arkansas,2010,family_sphere,parents,-0.0071898110631490875
arkansas,2010,family_sphere,children,-0.013461145498636418
arkansas,2010,family_sphere,family,0.014351892173642078
arkansas,2010,family_sphere,cousins,0.01840697054639151
arkansas,2010,family_sphere,marriage,0.0342791220861709
arkansas,2010,family_sphere,wedding,-0.005437054356340565
arkansas,2010,family_sphere,relatives,0.0041597297817850265
arkansas,2010,family_sphere,household,-0.0022463796234368782
arkansas,2010,family_sphere,kitchen,-0.028242049915081502
arkansas,2010,household,cleaning,-0.018712410675229108
arkansas,2010,household,laundry,-0.027847356578941884
arkansas,2010,household,cooking,0.0123875817568172
arkansas,2010,household,groceries,0.016615926726600172
arkansas,2010,household,gardening,0.0014763683420162543
arkansas,2015,family_sphere,home,0.007130785128903749
arkansas,2015,family_sphere,parents,0.024158790142430275
arkansas,2015,family_sphere,children,0.035090795441589884
arkansas,2015,family_sphere,family,0.007012202272916435
arkansas,2015,family_sphere,cousins,-0.0009595970801107301
arkansas,2015,family_sphere,marriage,0.02469111147712555
arkansas,2015,family_sphere,wedding,-0.009716907991049517
arkansas,2015,family_sphere,relatives,-0.020241786054491895
arkansas,2015,family_sphere,household,0.027703426806380493
arkansas,2015,family_sphere,kitchen,-0.0011007897042082382
arkansas,2015,household,cleaning,-0.012615686110589719
arkansas,2015,household,laundry,0.0025791499560279263
arkansas,2015,household,cooking,0.03496827641814204
arkansas,2015,household,groceries,0.006692501822583963
arkansas,2015,household,dishes,-0.004325548909361432
arkansas,2015,household,gardening,0.04205147332919845
california,1995,family_sphere,home,-0.012050995439216727
california,1995,family_sphere,parents,0.0320145274325514
california,1995,family_sphere,children,0.03529561222542399
california,1995,family_sphere,family,0.002687302436625072
california,1995,family_sphere,cousins,-0.003691729190790971
california,1995,family_sphere,marriage,0.04779698816472866
california,1995,family_sphere,wedding,0.02881933858710073
california,1995,family_sphere,relatives,-0.01737226126001168
california,1995,family_sphere,household,0.005924817512180547
california,1995,family_sphere,kitchen,-0.006783731013776051
california,1995,household,cleaning,-0.006842587684323886
california,1995,household,laundry,0.001628789290947008
california,1995,household,cooking,-0.014820646270827131
california,1995,household,groceries,-0.022400622284771576
california,1995,household,dishes,-0.03026410582459227
california,1995,household,gardening,0.01825367707047265
california,2000,family_sphere,home,-0.008362283061258857
california,2000,family_sphere,parents,0.03238264719053374
california,2000,family_sphere,children,0.03160957647170848
california,2000,family_sphere,family,-0.010219362004054378
california,2000,family_sphere,cousins,-0.026703166574324144
california,2000,family_sphere,marriage,0.01847830069907752
california,2000,family_sphere,wedding,0.027914351908387203
california,2000,family_sphere,relatives,-0.0223295852554678
california,2000,family_sphere,household,0.008208267932008795
california,2000,family_sphere,kitchen,0.015314538325424731
california,2000,household,cleaning,0.011810061280543849
california,2000,household,laundry,0.010557281447749478
california,2000,household,cooking,-0.016097775394978697
california,2000,household,groceries,-0.009801767801154604
california,2000,household,dishes,-0.015526166832394717
california,2000,household,gardening,0.005840436283041095
california,2005,family_sphere,home,-0.005559561830765336
california,2005,family_sphere,parents,0.03866865572828293
california,2005,family_sphere,children,0.03013044784584773
california,2005,family_sphere,family,-0.010581955702793078
california,2005,family_sphere,cousins,-0.03904509294620606
california,2005,family_sphere,marriage,0.02378958798074171
california,2005,family_sphere,wedding,0.0047793707196538415
california,2005,family_sphere,relatives,-0.020817542475278006
california,2005,family_sphere,household,-0.0026905539737573925
california,2005,family_sphere,kitchen,-0.02159991807842454
california,2005,household,cleaning,-0.0259970389302826
california,2005,household,laundry,-0.01841401652425456
california,2005,household,cooking,-0.01280481485766849
california,2005,household,groceries,-0.020901039479712225
california,2005,household,dishes,-0.03737068314815706
california,2005,household,gardening,-0.009645195578003252
california,2010,family_sphere,home,0.0064831050362896825
california,2010,family_sphere,parents,0.03071066904191011
california,2010,family_sphere,children,0.04472380112341856
california,2010,family_sphere,family,-0.007115064400608717
california,2010,family_sphere,cousins,-0.04044193376408367
california,2010,family_sphere,marriage,0.04387971780095079
california,2010,family_sphere,wedding,0.03295979389379555
california,2010,family_sphere,relatives,-0.02253054879917904
california,2010,family_sphere,household,0.0015822466762789311
california,2010,family_sphere,kitchen,4.6581203977824615e-05
california,2010,household,cleaning,-0.019499574586133717
california,2010,household,laundry,-0.024086429730853398
california,2010,household,cooking,0.005054449118723214
california,2010,household,groceries,-0.007190330782637089
california,2010,household,dishes,0.004024804807288396
california,2010,household,gardening,0.013976231286386254
california,2015,family_sphere,home,-0.001026452659312449
california,2015,family_sphere,parents,0.0519365973290119
california,2015,family_sphere,children,0.04466250232668312
california,2015,family_sphere,family,0.013694088325231002
california,2015,family_sphere,cousins,-0.031638911513025
california,2015,family_sphere,marriage,0.02335071944776268
california,2015,family_sphere,wedding,0.02197769729792476
california,2015,family_sphere,relatives,0.0016640476942846316
california,2015,family_sphere,household,0.014311099773977931
california,2015,family_sphere,kitchen,0.00937043061097187
california,2015,household,cleaning,-0.0038715141098424333
california,2015,household,laundry,-0.003924711547304671
california,2015,household,cooking,0.008477252278006553
california,2015,household,groceries,-0.002984732395799883
california,2015,household,dishes,0.005991726256413532
california,2015,household,gardening,0.009288663185240909
colorado,1995,family_sphere,home,-0.03262143622181424
colorado,1995,family_sphere,parents,0.02514384363235911
colorado,1995,family_sphere,children,0.033099321102252
colorado,1995,family_sphere,family,-0.00550407729936242
colorado,1995,family_sphere,cousins,-0.0023349394709143434
colorado,1995,family_sphere,marriage,0.02210029524517021
colorado,1995,family_sphere,wedding,0.03306456107721556
colorado,1995,family_sphere,relatives,-0.03580975897155014
colorado,1995,family_sphere,household,0.0031937713547989244
colorado,1995,family_sphere,kitchen,0.006029410381301448
colorado,1995,household,cleaning,-0.015843252288564313
colorado,1995,household,cooking,0.03189111768972075
colorado,1995,household,groceries,-0.01777490195211784
colorado,1995,household,dishes,-0.0053081608572034256
colorado,1995,household,gardening,0.003964293491720561
colorado,2000,family_sphere,home,-0.018926328603543485
colorado,2000,family_sphere,parents,0.015617534605879557
colorado,2000,family_sphere,children,0.037885151657414684
colorado,2000,family_sphere,family,0.02365155258998264
colorado,2000,family_sphere,cousins,0.01617292659569547
colorado,2000,family_sphere,marriage,0.006188664870358296
colorado,2000,family_sphere,wedding,0.01568602442255651
colorado,2000,family_sphere,relatives,-0.022141016802748936
colorado,2000,family_sphere,household,0.02230041254631865
colorado,2000,family_sphere,kitchen,0.04247880702922113
colorado,2000,household,cleaning,-0.013332339576779706
colorado,2000,household,laundry,0.008480317093229939
colorado,2000,household,cooking,0.018481665244977297
colorado,2000,household,groceries,0.0014154194051124724
colorado,2000,household,dishes,0.017559625682546987
colorado,2000,household,gardening,0.013680298688275805
colorado,2005,family_sphere,home,0.0020258834505221257
colorado,2005,family_sphere,parents,3.408534235549432e-05
colorado,2005,family_sphere,children,0.015734316143906413
colorado,2005,family_sphere,family,-0.006679878394261651
colorado,2005,family_sphere,cousins,0.008262813771729327
colorado,2005,family_sphere,marriage,-0.007525097671941872
colorado,2005,family_sphere,wedding,0.010593052015971272
colorado,2005,family_sphere,relatives,0.02266034806182393
colorado,2005,family_sphere,household,0.011233035000987934
colorado,2005,family_sphere,kitchen,0.010000362013687147
colorado,2005,household,cleaning,0.026590389657245028
colorado,2005,household,laundry,-0.008443818264147529
colorado,2005,household,cooking,0.0021776405109723562
colorado,2005,household,groceries,-0.006859213042521239
colorado,2005,household,dishes,0.00819102365711677
colorado,2005,household,gardening,0.009331011392869293
colorado,2010,family_sphere,home,0.016185012667753962
colorado,2010,family_sphere,parents,0.013410030524866667
colorado,2010,family_sphere,children,0.03129558080724393
colorado,2010,family_sphere,family,-0.013788884697729209
colorado,2010,family_sphere,cousins,-0.007851571613367803
colorado,2010,family_sphere,marriage,0.008383894461217567
colorado,2010,family_sphere,wedding,0.035594280708496906
colorado,2010,family_sphere,relatives,-0.00813734166896829
colorado,2010,family_sphere,household,-0.005010846686001935
colorado,2010,family_sphere,kitchen,-0.0038902128309827866
colorado,2010,household,cleaning,0.01890186392461124
colorado,2010,household,laundry,0.010578447913882405
colorado,2010,household,cooking,0.013902809512346792
colorado,2010,household,groceries,-0.0003305394195289857
colorado,2010,household,dishes,0.017466835630182587
colorado,2010,household,gardening,0.01669184846594507
colorado,2015,family_sphere,home,-0.006397186900094276
colorado,2015,family_sphere,parents,0.034182086141115064
colorado,2015,family_sphere,children,0.047157701447640754
colorado,2015,family_sphere,family,0.012177497742785981
colorado,2015,family_sphere,cousins,-0.027944232832615268
colorado,2015,family_sphere,marriage,0.020128578245822815
colorado,2015,family_sphere,wedding,-0.001422468741646421
colorado,2015,family_sphere,relatives,-0.0013764163390594941
colorado,2015,family_sphere,household,0.0028448586766787187
colorado,2015,family_sphere,kitchen,-0.0014286163932117901
colorado,2015,household,cleaning,0.020787449549287018
colorado,2015,household,laundry,0.008072842990293871
colorado,2015,household,cooking,0.015490343085655667
colorado,2015,household,groceries,0.01598131175745121
colorado,2015,household,dishes,0.00954381642736779
colorado,2015,household,gardening,-0.0026591713738988165
connecticut,1995,family_sphere,home,0.01724206264923489
connecticut,1995,family_sphere,parents,0.05117228941913632
connecticut,1995,family_sphere,children,0.04330365590101226
connecticut,1995,family_sphere,family,0.015296261405431721
connecticut,1995,family_sphere,cousins,-0.008535766781822551
connecticut,1995,family_sphere,marriage,-0.003202725636203385
connecticut,1995,family_sphere,wedding,0.0026940755557416374
connecticut,1995,family_sphere,relatives,-0.0008338957543557735
connecticut,1995,family_sphere,kitchen,0.012418112099237155
connecticut,1995,household,cooking,0.02754123528682173
connecticut,1995,household,groceries,0.005235700849703595
connecticut,2000,family_sphere,home,-0.014962218723100329
connecticut,2000,family_sphere,parents,0.036229130212176996
connecticut,2000,family_sphere,children,0.028393129529523997
connecticut,2000,family_sphere,family,-0.00977632450794197
connecticut,2000,family_sphere,cousins,0.026370688493543182
connecticut,2000,family_sphere,marriage,0.004962398167018156
connecticut,2000,family_sphere,wedding,0.004816144039160197
connecticut,2000,family_sphere,relatives,0.026234797100257
connecticut,2000,family_sphere,household,-0.02627820579463891
connecticut,2000,family_sphere,kitchen,-0.010383260054038002
connecticut,2000,household,cleaning,-0.025919360652506995
connecticut,2000,household,laundry,-0.003395544341157297
connecticut,2000,household,cooking,-0.026024569261581254
connecticut,2000,household,groceries,-0.06387057193998347
connecticut,2000,household,gardening,-0.02570564981471013
connecticut,2005,family_sphere,home,0.0066507058812182995
connecticut,2005,family_sphere,parents,0.03679407765772602
connecticut,2005,family_sphere,children,0.03092108726518983
connecticut,2005,family_sphere,family,-0.006313188820985527
connecticut,2005,family_sphere,cousins,-0.006909329234289996
connecticut,2005,family_sphere,marriage,0.016218139474301063
connecticut,2005,family_sphere,wedding,0.013872040699612787
connecticut,2005,family_sphere,relatives,-0.019926960397299798
connecticut,2005,family_sphere,household,-0.03165537090903192
connecticut,2005,family_sphere,kitchen,-0.013793817448470636
connecticut,2005,household,cleaning,-0.002843709426218588
connecticut,2005,household,laundry,0.016623349739064874
connecticut,2005,household,cooking,0.02604623692377206
connecticut,2005,household,groceries,-0.021707284220913614
connecticut,2005,household,dishes,0.009324430619766955
connecticut,2005,household,gardening,-0.013986724122908356
connecticut,2010,family_sphere,home,0.01173209980916512
connecticut,2010,family_sphere,parents,0.04458844916441862
connecticut,2010,family_sphere,children,0.027212828160519176
connecticut,2010,family_sphere,family,0.013606720164552444
connecticut,2010,family_sphere,cousins,-0.0013853289470713293
connecticut,2010,family_sphere,marriage,-0.022286926218290093
connecticut,2010,family_sphere,wedding,0.016640434192821796
connecticut,2010,family_sphere,relatives,-0.010861603849179668
connecticut,2010,family_sphere,household,0.011467850158747628
connecticut,2010,family_sphere,kitchen,0.02856147571257539
connecticut,2010,household,cleaning,0.0061842355158241435
connecticut,2010,household,laundry,0.03189289315531707
connecticut,2010,household,cooking,-0.003686873648871547
connecticut,2010,household,groceries,-0.02193576554630583
connecticut,2010,household,dishes,0.01695910930878919
connecticut,2010,household,gardening,0.022615214485743995
connecticut,2015,family_sphere,home,0.014022124666428382
connecticut,2015,family_sphere,parents,0.025590106671609436
connecticut,2015,family_sphere,children,0.04387980676163894
connecticut,2015,family_sphere,family,0.038193247595468605
connecticut,2015,family_sphere,cousins,-0.02090812381633378
connecticut,2015,family_sphere,marriage,0.016061186726881282
connecticut,2015,family_sphere,wedding,0.03167366304792485
connecticut,2015,family_sphere,relatives,-0.027689167349092214
connecticut,2015,family_sphere,household,0.015062046385301397
connecticut,2015,family_sphere,kitchen,0.010403170694205599
connecticut,2015,household,cleaning,0.003306531281230596
connecticut,2015,household,laundry,0.021632923527183934
connecticut,2015,household,cooking,-0.031823055132302214
connecticut,2015,household,groceries,0.0050307801188057555
connecticut,2015,household,dishes,-0.012903732870150897
connecticut,2015,household,gardening,-0.005268850050642482
delaware,2000,family_sphere,home,-0.05896357183349288
delaware,2000,family_sphere,parents,0.06364654654572144
delaware,2000,family_sphere,children,0.02919544699257437
delaware,2000,family_sphere,family,-0.025892305003552774
delaware,2000,family_sphere,kitchen,-0.02584325222728112
delaware,2005,family_sphere,home,-0.015990815070899722
delaware,2005,family_sphere,parents,0.04358587825984983
delaware,2005,family_sphere,children,0.03323069337748419
delaware,2005,family_sphere,family,0.02948636530241211
delaware,2005,family_sphere,cousins,-0.02965067332741278
delaware,2005,family_sphere,marriage,0.0007576799232252851
delaware,2005,family_sphere,wedding,0.03271135776417655
delaware,2005,family_sphere,relatives,0.0026465400465479627
delaware,2005,family_sphere,kitchen,0.017107325946989826
delaware,2005,household,cleaning,-0.022490578455383825
delaware,2005,household,cooking,0.03478965545451551
delaware,2005,household,groceries,-0.04542109103936853
delaware,2005,household,dishes,0.014713050128896676
delaware,2010,family_sphere,home,0.004308230959952697
delaware,2010,family_sphere,parents,0.04921471970973468
delaware,2010,family_sphere,children,0.044958646517582634
delaware,2010,family_sphere,family,0.006549088161071914
delaware,2010,family_sphere,cousins,-0.08064148505336255
delaware,2010,family_sphere,marriage,0.016239574759634
delaware,2010,family_sphere,wedding,0.010099615224083647
delaware,2010,family_sphere,relatives,-0.02736924464802215
delaware,2010,family_sphere,household,0.0010847899652579596
delaware,2010,family_sphere,kitchen,-0.0072196547985339254
delaware,2010,household,cleaning,-0.02375362191881414
delaware,2010,household,cooking,-0.008526391544900647
delaware,2010,household,groceries,-0.017833165646293336
delaware,2010,household,dishes,-0.004887763375836074
delaware,2010,household,gardening,0.023396539097301328
delaware,2015,family_sphere,home,0.009880432868772715
delaware,2015,family_sphere,parents,0.04597477538976025
delaware,2015,family_sphere,children,0.046832645743005386
delaware,2015,family_sphere,family,0.04065293184434815
delaware,2015,family_sphere,cousins,-0.02265222110096088
delaware,2015,family_sphere,marriage,-0.004354536510033258
delaware,2015,family_sphere,wedding,0.0013252256323554867
delaware,2015,family_sphere,relatives,-0.015183071016553806
delaware,2015,family_sphere,household,0.0312541663915884
delaware,2015,family_sphere,kitchen,0.018263799315483942
delaware,2015,household,cleaning,0.017643618781030934
delaware,2015,household,cooking,0.033459244191005655
delaware,2015,household,groceries,-0.010639929417863181
delaware,2015,household,dishes,0.012610245261348907
delaware,2015,household,gardening,0.03830725990802686
district_of_columbia,1995,family_sphere,home,-0.008023002330718065
district_of_columbia,1995,family_sphere,parents,0.06644656061293175
district_of_columbia,1995,family_sphere,children,-0.01122464620910657
district_of_columbia,1995,family_sphere,family,-0.010246907477152067
district_of_columbia,1995,family_sphere,marriage,-0.044991813152672755
district_of_columbia,1995,family_sphere,wedding,0.03741879062095499
district_of_columbia,1995,family_sphere,relatives,-0.021862291190927197
district_of_columbia,2000,family_sphere,home,-0.02059250990419803
district_of_columbia,2000,family_sphere,parents,0.07662328693819087
district_of_columbia,2000,family_sphere,children,0.04130989093994819
district_of_columbia,2000,family_sphere,family,0.019227000252694304
district_of_columbia,2000,family_sphere,cousins,-0.05066350020064714
district_of_columbia,2000,family_sphere,marriage,0.017985253517665667
district_of_columbia,2000,family_sphere,wedding,-0.001046761692074294
district_of_columbia,2000,family_sphere,relatives,-0.01774976065977485
district_of_columbia,2000,family_sphere,household,0.013287648150542397
district_of_columbia,2000,family_sphere,kitchen,0.029988878667100982
district_of_columbia,2000,household,cleaning,-0.006603592570634698
district_of_columbia,2000,household,cooking,0.006611277367193136
district_of_columbia,2005,family_sphere,home,-0.004469395517675889
district_of_columbia,2005,family_sphere,parents,0.024852144622385164
district_of_columbia,2005,family_sphere,children,0.03243048186539976
district_of_columbia,2005,family_sphere,family,0.03528280155081598
district_of_columbia,2005,family_sphere,cousins,-0.040421735365026246
district_of_columbia,2005,family_sphere,marriage,-0.0028525835272026345
district_of_columbia,2005,family_sphere,wedding,-0.019927533335804104
district_of_columbia,2005,family_sphere,relatives,0.002369738117822373
district_of_columbia,2005,family_sphere,household,0.006380537156610466
district_of_columbia,2005,family_sphere,kitchen,-0.017549151233601457
district_of_columbia,2005,household,cooking,-0.052953837179625984
district_of_columbia,2005,household,groceries,-0.029474700205895377
district_of_columbia,2010,family_sphere,home,-0.015700569985353185
district_of_columbia,2010,family_sphere,parents,0.025143968660475857
district_of_columbia,2010,family_sphere,children,0.04071902475622524
district_of_columbia,2010,family_sphere,family,-0.0009168788808815442
district_of_columbia,2010,family_sphere,cousins,0.017877781441585805
district_of_columbia,2010,family_sphere,marriage,0.00775323121273197
district_of_columbia,2010,family_sphere,wedding,0.005573939010565354
district_of_columbia,2010,family_sphere,relatives,0.04266195920372873
district_of_columbia,2010,family_sphere,household,-0.0013762280301756746
district_of_columbia,2010,family_sphere,kitchen,-0.006936749587348023
district_of_columbia,2010,household,cleaning,-0.01879252965483913
district_of_columbia,2010,household,groceries,0.004166327698310046
district_of_columbia,2015,family_sphere,home,-0.011297759394536033
district_of_columbia,2015,family_sphere,parents,0.01577225774500679
district_of_columbia,2015,family_sphere,children,0.014886823310522379
district_of_columbia,2015,family_sphere,family,-0.004341963414428052
district_of_columbia,2015,family_sphere,cousins,-0.03195239777188397
district_of_columbia,2015,family_sphere,marriage,-0.02170285652356385
district_of_columbia,2015,family_sphere,wedding,-0.000988281183767592
district_of_columbia,2015,family_sphere,relatives,-0.03486230780276012
district_of_columbia,2015,family_sphere,household,0.022083566285892586
district_of_columbia,2015,family_sphere,kitchen,0.02243730677457445
district_of_columbia,2015,household,cleaning,0.039108153905915266
district_of_columbia,2015,household,cooking,0.029271966063332155
district_of_columbia,2015,household,groceries,0.01503878020356253
florida,1995,family_sphere,home,0.005950600593561672
florida,1995,family_sphere,parents,0.016640285432149127
florida,1995,family_sphere,children,0.011503595353103302
florida,1995,family_sphere,family,0.015607012153548427
florida,1995,family_sphere,cousins,0.017886863910649087
florida,1995,family_sphere,marriage,0.03541836771860041
florida,1995,family_sphere,wedding,0.015749929446030375
florida,1995,family_sphere,relatives,0.01747318282638488
florida,1995,family_sphere,household,0.007154093445622678
florida,1995,family_sphere,kitchen,0.006374271163291367
florida,1995,household,cleaning,-0.007613341368486681
florida,1995,household,laundry,-0.0021276692184215573
florida,1995,household,cooking,0.005926823503897838
florida,1995,household,groceries,0.017164731477211537
florida,1995,household,dishes,-0.010212500563698934
florida,2000,family_sphere,home,0.0027878182745854074
florida,2000,family_sphere,parents,-0.0029664197187787567
florida,2000,family_sphere,children,0.0033124709464409374
florida,2000,family_sphere,family,-0.022437648051137904
florida,2000,family_sphere,cousins,-0.012194548648879477
florida,2000,family_sphere,marriage,0.0028875642463441764
florida,2000,family_sphere,wedding,0.026695654875218078
florida,2000,family_sphere,relatives,-0.01997741034713707
florida,2000,family_sphere,household,0.0007890551024209991
florida,2000,family_sphere,kitchen,-0.018510731607382036
florida,2000,household,cleaning,-0.022788950254803764
florida,2000,household,laundry,-0.00631401963910827
florida,2000,household,cooking,0.008271983579892339
florida,2000,household,groceries,-0.0020818435856407858
florida,2000,household,dishes,0.012846807487574052
florida,2000,household,gardening,-0.007491859847810645
florida,2005,family_sphere,home,0.0020245559640742483
florida,2005,family_sphere,parents,-0.006899997577902273
florida,2005,family_sphere,children,0.023477200074337068
florida,2005,family_sphere,family,0.011525881553752226
florida,2005,family_sphere,cousins,-0.021495009044098068
florida,2005,family_sphere,marriage,0.03879928204097138
florida,2005,family_sphere,wedding,0.025937316060381854
florida,2005,family_sphere,relatives,-0.008157995042937793
florida,2005,family_sphere,household,0.009971332922339537
florida,2005,family_sphere,kitchen,0.02606891443120607
florida,2005,household,cleaning,0.008814876118243609
florida,2005,household,laundry,0.01839524922466307
florida,2005,household,cooking,0.02698222677364792
florida,2005,household,groceries,-0.005289051501818243
florida,2005,household,dishes,0.014178952371008746
florida,2005,household,gardening,0.01076343215753417
florida,2010,family_sphere,home,0.006204383913038347
florida,2010,family_sphere,parents,0.018684926255412848
florida,2010,family_sphere,children,0.012501156431270921
florida,2010,family_sphere,family,0.010848750308255162
florida,2010,family_sphere,cousins,-0.0335476770858083
florida,2010,family_sphere,marriage,0.055177624142976
florida,2010,family_sphere,wedding,0.01652549697744843
florida,2010,family_sphere,relatives,7.149592476241029e-05
florida,2010,family_sphere,household,0.006850646828908569
florida,2010,family_sphere,kitchen,0.025853225441392125
florida,2010,household,cleaning,-0.01855510739325572
florida,2010,household,laundry,0.024518010623656883
florida,2010,household,cooking,0.013355107480756523
florida,2010,household,groceries,0.005628860747721953
florida,2010,household,dishes,-0.0009169060224580861
florida,2010,household,gardening,0.0023383388995681376
florida,2015,family_sphere,home,0.012009779685068334
florida,2015,family_sphere,parents,0.025003630291939083
florida,2015,family_sphere,children,0.037195706946296925
florida,2015,family_sphere,family,0.018144157776824876
florida,2015,family_sphere,cousins,-0.024516808985373895
florida,2015,family_sphere,marriage,0.05480477099562042
florida,2015,family_sphere,wedding,0.023629886112277676
florida,2015,family_sphere,relatives,0.014060321871259385
florida,2015,family_sphere,household,0.026365208640117155
florida,2015,family_sphere,kitchen,0.008417624516581679
florida,2015,household,cleaning,-0.013734209591584001
florida,2015,household,laundry,0.01969171686288984
florida,2015,household,cooking,-0.0036054675640126987
florida,2015,household,groceries,0.0034173974625113512
florida,2015,household,dishes,0.007906762886871865
florida,2015,household,gardening,0.0033831801724564237
georgia,2000,family_sphere,home,-0.02352593438286943
georgia,2000,family_sphere,parents,0.022124873273284273
georgia,2000,family_sphere,children,0.021688667753333224
georgia,2000,family_sphere,family,0.00921281969564225
georgia,2000,family_sphere,cousins,-0.006745992337163997
georgia,2000,family_sphere,marriage,0.05423621977210924
georgia,2000,family_sphere,wedding,0.016062543848429978
georgia,2000,family_sphere,relatives,0.015439867655316464
georgia,2000,family_sphere,household,0.020611652483227494
georgia,2000,family_sphere,kitchen,0.010584972149620842
georgia,2000,household,cleaning,-0.017043607931903848
georgia,2000,household,cooking,0.013272303407217856
georgia,2000,household,groceries,-0.006306761350846513
georgia,2005,family_sphere,home,-0.008743945957960464
georgia,2005,family_sphere,parents,0.01775625473807607
georgia,2005,family_sphere,children,0.01337539677879418
georgia,2005,family_sphere,family,-0.011901946212209635
georgia,2005,family_sphere,cousins,0.003233929078435671
georgia,2005,family_sphere,marriage,-0.005648547378373725
georgia,2005,family_sphere,wedding,0.022935551070946247
georgia,2005,family_sphere,relatives,-0.006607468556458884
georgia,2005,family_sphere,household,0.0016016369364247884
georgia,2005,family_sphere,kitchen,0.005524798289980981
georgia,2005,household,cleaning,-0.020449941858373233
georgia,2005,household,laundry,-0.00249265995644965
georgia,2005,household,cooking,-0.010343889941050621
georgia,2005,household,groceries,-0.028142741015812156
georgia,2005,household,dishes,0.022148404922995968
georgia,2005,household,gardening,-0.010683119866007118
georgia,2010,family_sphere,home,-0.011945010685982305
georgia,2010,family_sphere,parents,0.025336136778345786
georgia,2010,family_sphere,children,0.03216129024735126
georgia,2010,family_sphere,family,0.0019540138966321896
georgia,2010,family_sphere,cousins,-0.018913999149747673
georgia,2010,family_sphere,marriage,0.010602835183019743
georgia,2010,family_sphere,wedding,0.03889768221011447
georgia,2010,family_sphere,relatives,0.0012652440796038222
georgia,2010,family_sphere,household,0.007701040470876386
georgia,2010,family_sphere,kitchen,0.0074582299452834455
georgia,2010,household,cleaning,0.01143169363691432
georgia,2010,household,laundry,0.009172389367928968
georgia,2010,household,cooking,0.025702508106410615
georgia,2010,household,groceries,0.0006903453737638898
georgia,2010,household,dishes,0.010727879184989852
georgia,2010,household,gardening,0.008438580600144019
georgia,2015,family_sphere,home,-0.006723211352325231
georgia,2015,family_sphere,parents,0.037977632526937644
georgia,2015,family_sphere,children,0.03009997463260361
georgia,2015,family_sphere,family,-0.006094844657257514
georgia,2015,family_sphere,cousins,-0.01102393703703608
georgia,2015,family_sphere,marriage,0.01937367899278908
georgia,2015,family_sphere,wedding,-0.000902571002784347
georgia,2015,family_sphere,relatives,-0.00892254951215321
georgia,2015,family_sphere,household,0.020862284086343053
georgia,2015,family_sphere,kitchen,0.030246309167766383
georgia,2015,household,cleaning,-1.4222449171930052e-05
georgia,2015,household,laundry,-0.012906361280788037
georgia,2015,household,cooking,-0.014197603585352603
georgia,2015,household,groceries,0.000369455915489203
georgia,2015,household,dishes,-0.008433257801817584
georgia,2015,household,gardening,4.8494990789516024e-05
hawaii,2000,family_sphere,home,-0.028495714427129504
hawaii,2000,family_sphere,parents,0.008038215441811047
hawaii,2000,family_sphere,children,0.005645116074088463
hawaii,2000,family_sphere,family,-0.017597791869239154
hawaii,2000,family_sphere,cousins,0.02103004578786516
hawaii,2000,family_sphere,marriage,-0.002402345882809631
hawaii,2000,family_sphere,relatives,-0.005286147349032544
hawaii,2000,family_sphere,kitchen,-0.042178645208131416
hawaii,2000,household,cooking,-0.019752390937657016
hawaii,2005,family_sphere,home,-0.021553259226653187
hawaii,2005,family_sphere,parents,0.04795309143214743
hawaii,2005,family_sphere,children,0.020655844402779122
hawaii,2005,family_sphere,family,-0.005266502647219395
hawaii,2005,family_sphere,cousins,-0.02285509068051772
hawaii,2005,family_sphere,marriage,0.023674732080127492
hawaii,2005,family_sphere,wedding,0.05684781985749232
hawaii,2005,family_sphere,relatives,-0.025393810518378857
hawaii,2005,family_sphere,household,0.02642808093188531
hawaii,2005,family_sphere,kitchen,0.011815026556034502
hawaii,2005,household,cleaning,-0.018285194094659563
hawaii,2005,household,cooking,0.004999470321844557
hawaii,2005,household,groceries,0.0022881109631852636
hawaii,2010,family_sphere,home,-0.01733172513233361
hawaii,2010,family_sphere,parents,0.010001757240268971
hawaii,2010,family_sphere,children,0.0065385780824680495
hawaii,2010,family_sphere,family,-0.0019031755265550565
hawaii,2010,family_sphere,cousins,0.0011390990385622413
hawaii,2010,family_sphere,marriage,-0.003908316718213678
hawaii,2010,family_sphere,wedding,-0.005374593315109255
hawaii,2010,family_sphere,relatives,-0.016918507841449326
hawaii,2010,family_sphere,household,0.003965279455712234
hawaii,2010,family_sphere,kitchen,0.0018816027561481263
hawaii,2010,household,cleaning,-0.00014567170661305973
hawaii,2010,household,laundry,-0.02109835193127363
hawaii,2010,household,cooking,-0.001712133294439866
hawaii,2010,household,groceries,-0.004320572239180032
hawaii,2010,household,dishes,0.0007370597641580545
hawaii,2010,household,gardening,0.011647520131527811
hawaii,2015,family_sphere,home,-0.008971069585930191
hawaii,2015,family_sphere,parents,-0.003474705798444
hawaii,2015,family_sphere,children,0.016612519503892975
hawaii,2015,family_sphere,family,-0.028569904015423586
hawaii,2015,family_sphere,cousins,-0.060939006857339106
hawaii,2015,family_sphere,marriage,-0.0030745980090667313
hawaii,2015,family_sphere,wedding,0.0004345358495336793
hawaii,2015,family_sphere,relatives,-0.046883574671485406
hawaii,2015,family_sphere,household,0.007244123326653362
hawaii,2015,family_sphere,kitchen,-0.007618177577838781
hawaii,2015,household,cleaning,-0.02420618475576708
hawaii,2015,household,laundry,-0.04730537514844457
hawaii,2015,household,cooking,0.0052723250411375044
hawaii,2015,household,groceries,-0.028129432966362944
hawaii,2015,household,dishes,-0.019412121126715642
hawaii,2015,household,gardening,-0.017360565368975234
idaho,2000,family_sphere,home,-0.012120341490209019
idaho,2000,family_sphere,parents,0.018992976543648066
idaho,2000,family_sphere,children,0.04332923682408296
idaho,2000,family_sphere,family,0.03737255609539614
idaho,2000,family_sphere,cousins,-0.003416854483687337
idaho,2000,family_sphere,marriage,0.045577297080074075
idaho,2000,family_sphere,wedding,0.03511278126693573
idaho,2000,family_sphere,relatives,-0.028317682619749762
idaho,2000,family_sphere,kitchen,-0.04190835309312502
idaho,2000,household,cooking,0.0002576518734137556
idaho,2000,household,groceries,-0.050693648787716095
idaho,2005,family_sphere,home,-0.018500711027834793
idaho,2005,family_sphere,parents,0.02652822341361938
idaho,2005,family_sphere,children,0.03677934886277223
idaho,2005,family_sphere,family,-0.010757456835464696
idaho,2005,family_sphere,cousins,-0.026318911337946393
idaho,2005,family_sphere,marriage,0.012133334399361706
idaho,2005,family_sphere,wedding,0.031507966705183965
idaho,2005,family_sphere,relatives,-0.009552126847468867
idaho,2005,family_sphere,household,-0.0029114961879498358
idaho,2005,family_sphere,kitchen,-0.020174909731759616
idaho,2005,household,cleaning,0.00012207988556556248
idaho,2005,household,laundry,-0.0007564797136379031
idaho,2005,household,cooking,-0.012990853117233025
idaho,2005,household,groceries,-0.011841527838982735
idaho,2005,household,dishes,-0.013880648411327634
idaho,2010,family_sphere,home,0.000638273452503002
idaho,2010,family_sphere,parents,0.019687434093443534
idaho,2010,family_sphere,children,0.042120531599670774
idaho,2010,family_sphere,family,0.001417345676831383
idaho,2010,family_sphere,cousins,-0.007978047953864364
idaho,2010,family_sphere,marriage,0.025570258323028172
idaho,2010,family_sphere,wedding,0.03329878525241392
idaho,2010,family_sphere,relatives,0.016397618663305802
idaho,2010,family_sphere,household,0.014954342460785641
idaho,2010,family_sphere,kitchen,-0.0008600155596698578
idaho,2010,household,cleaning,0.005172383797998892
idaho,2010,household,laundry,0.021242721732514958
idaho,2010,household,cooking,0.014749417934331488
idaho,2010,household,groceries,-0.006108891596043664
idaho,2010,household,dishes,0.005694558851134568
idaho,2010,household,gardening,-0.0024577159744916255
idaho,2015,family_sphere,home,0.005877519890904459
idaho,2015,family_sphere,parents,0.03663584409539111
idaho,2015,family_sphere,children,0.03490119207176179
idaho,2015,family_sphere,family,0.013649869438885354
idaho,2015,family_sphere,cousins,-0.011675006693084966
idaho,2015,family_sphere,marriage,0.024374215747502204
idaho,2015,family_sphere,wedding,0.013505231217294966
idaho,2015,family_sphere,relatives,-0.012664466702825727
idaho,2015,family_sphere,household,0.016868464713046816
idaho,2015,family_sphere,kitchen,0.013684492503599488
idaho,2015,household,cleaning,-0.011574397776875411
idaho,2015,household,laundry,0.019488098088118466
idaho,2015,household,cooking,0.019375756089552665
idaho,2015,household,groceries,-0.016940730957723305
idaho,2015,household,dishes,0.021871353606824684
idaho,2015,household,gardening,0.01787195585490542
illinois,1995,family_sphere,home,-0.03696602476860911
illinois,1995,family_sphere,parents,0.013621916038588533
illinois,1995,family_sphere,children,0.051721760408887985
illinois,1995,family_sphere,family,-0.017504137683058252
illinois,1995,family_sphere,cousins,-0.05518023756190982
illinois,1995,family_sphere,marriage,0.017909921347405433
illinois,1995,family_sphere,wedding,0.032855361484061874
illinois,1995,family_sphere,relatives,-0.021047406075914488
illinois,1995,family_sphere,household,-0.00396543388390147
illinois,1995,family_sphere,kitchen,-0.006384412666395223
illinois,1995,household,cleaning,0.012432841283667617
illinois,1995,household,cooking,0.008331597022050108
illinois,1995,household,groceries,-0.01806313607184984
illinois,1995,household,dishes,0.004026752600140737
illinois,2000,family_sphere,home,0.0037949369888093942
illinois,2000,family_sphere,parents,-0.006360326422819029
illinois,2000,family_sphere,children,0.031182575434648196
illinois,2000,family_sphere,family,0.03491477529424292
illinois,2000,family_sphere,cousins,-0.016976317745619696
illinois,2000,family_sphere,marriage,0.04205111975899134
illinois,2000,family_sphere,wedding,0.02523418111684661
illinois,2000,family_sphere,relatives,0.018183390817881784
illinois,2000,family_sphere,household,0.01743700378680868
illinois,2000,family_sphere,kitchen,0.0037389424411058414
illinois,2000,household,cleaning,0.02114923630861587
illinois,2000,household,laundry,0.0014322759859433098
illinois,2000,household,cooking,0.021842477253648518
illinois,2000,household,groceries,-0.010818207708778282
illinois,2000,household,dishes,0.012326120205089719
illinois,2000,household,gardening,0.0031212988857515223
illinois,2005,family_sphere,home,-0.005442607240981112
illinois,2005,family_sphere,parents,0.02761910650403321
illinois,2005,family_sphere,children,0.03220246053299636
illinois,2005,family_sphere,family,0.019720717707028657
illinois,2005,family_sphere,cousins,-0.01771733352556093
illinois,2005,family_sphere,marriage,0.021357829867226452
illinois,2005,family_sphere,wedding,0.03619848875024778
illinois,2005,family_sphere,relatives,0.0024383837914182527
illinois,2005,family_sphere,household,0.017501940066300015
illinois,2005,family_sphere,kitchen,0.014794564338153293
illinois,2005,household,cleaning,0.015756642852351233
illinois,2005,household,laundry,-0.0036673057919978103
illinois,2005,household,cooking,0.009125983084202316
illinois,2005,household,groceries,-0.014961980265201902
illinois,2005,household,dishes,0.01751381049262024
illinois,2005,household,gardening,0.007370195050246275
illinois,2010,family_sphere,home,0.010053444407219336
illinois,2010,family_sphere,parents,0.0363973728805409
illinois,2010,family_sphere,children,0.01921172720205655
illinois,2010,family_sphere,family,0.03020201582347326
illinois,2010,family_sphere,cousins,-0.016055494946069504
illinois,2010,family_sphere,marriage,0.03206147044046881
illinois,2010,family_sphere,wedding,0.02404983480221623
illinois,2010,family_sphere,relatives,0.011045541039177098
illinois,2010,family_sphere,household,-0.015272371880938107
illinois,2010,family_sphere,kitchen,0.006629025508208208
illinois,2010,household,cleaning,-0.016369025266575354
illinois,2010,household,laundry,-0.00959636038848366
illinois,2010,household,cooking,0.02353879406966608
illinois,2010,household,groceries,-0.021798149719752358
illinois,2010,household,dishes,0.014521968893336457
illinois,2010,household,gardening,0.010917501971126509
illinois,2015,family_sphere,home,0.0006880126305232048
illinois,2015,family_sphere,parents,0.04227835887541698
illinois,2015,family_sphere,children,0.03397936485702924
illinois,2015,family_sphere,family,0.012025443699347771
illinois,2015,family_sphere,cousins,-0.046588147656672185
illinois,2015,family_sphere,marriage,0.04636263909327265
illinois,2015,family_sphere,wedding,0.009402480530083634
illinois,2015,family_sphere,relatives,0.0013319858742671942
illinois,2015,family_sphere,household,-0.0075552204534181655
illinois,2015,family_sphere,kitchen,0.02276948867845685
illinois,2015,household,cleaning,-0.018226640572805985
illinois,2015,household,laundry,0.0257556864699795
illinois,2015,household,cooking,0.00798642260046356
illinois,2015,household,groceries,0.0024474199451585132
illinois,2015,household,dishes,-0.006659140302832434
illinois,2015,household,gardening,0.014905581957872727
indiana,1995,family_sphere,home,0.010489577556312968
indiana,1995,family_sphere,parents,-0.0005806843132062367
indiana,1995,family_sphere,children,0.0535921293613123
indiana,1995,family_sphere,family,0.013841921644408117
indiana,1995,family_sphere,cousins,-0.024353977492623136
indiana,1995,family_sphere,marriage,0.03268240840690406
indiana,1995,family_sphere,wedding,0.00627618220766224
indiana,1995,family_sphere,relatives,-0.03362276484675353
indiana,1995,family_sphere,kitchen,0.03289320082548297
indiana,1995,household,cooking,0.022728749596191755
indiana,2000,family_sphere,home,-0.0184019907374533
indiana,2000,family_sphere,parents,0.04067552820149467
indiana,2000,family_sphere,children,0.03297177146562835
indiana,2000,family_sphere,family,-0.003259805688738293
indiana,2000,family_sphere,cousins,0.008112768722186803
indiana,2000,family_sphere,marriage,0.019095552716753894
indiana,2000,family_sphere,wedding,0.014823868823893527
indiana,2000,family_sphere,relatives,0.015232351226336927
indiana,2000,family_sphere,household,-0.0005025805151256391
indiana,2000,family_sphere,kitchen,-0.004988328569737299
indiana,2000,household,cleaning,0.013744081066453084
indiana,2000,household,laundry,-0.015563778358101854
indiana,2000,household,cooking,-0.0021910351919744997
indiana,2000,household,groceries,-0.0491645822254555
indiana,2000,household,dishes,0.012322582711704722
indiana,2005,family_sphere,home,-0.013571226011879545
indiana,2005,family_sphere,parents,0.04369522133677062
indiana,2005,family_sphere,children,0.03691252195443717
indiana,2005,family_sphere,family,0.004299316361307648
indiana,2005,family_sphere,cousins,-0.005362916175764454
indiana,2005,family_sphere,marriage,0.01489471083191729
indiana,2005,family_sphere,wedding,0.008601391710171047
indiana,2005,family_sphere,relatives,-0.017354550209156105
indiana,2005,family_sphere,household,-0.004122551595423185
indiana,2005,family_sphere,kitchen,0.008728940896971737
indiana,2005,household,cleaning,0.009378980180202001
indiana,2005,household,laundry,0.0027280929486555028
indiana,2005,household,cooking,0.010119272767660115
indiana,2005,household,groceries,-0.024207784834845092
indiana,2005,household,dishes,0.0005670239636255126
indiana,2005,household,gardening,0.012221541369479616
indiana,2010,family_sphere,home,-0.008537439889698129
indiana,2010,family_sphere,parents,0.024637240356225387
indiana,2010,family_sphere,children,0.05357009674815616
indiana,2010,family_sphere,family,0.012819168643282586
indiana,2010,family_sphere,cousins,-0.0048046810219539715
indiana,2010,family_sphere,marriage,0.035146679396590885
indiana,2010,family_sphere,wedding,0.02095125972981371
indiana,2010,family_sphere,relatives,-0.016040878705365302
indiana,2010,family_sphere,household,0.003689162689672232
indiana,2010,family_sphere,kitchen,-0.020523577252577807
indiana,2010,household,cleaning,0.0038632212373863606
indiana,2010,household,laundry,0.021041137894377338
indiana,2010,household,cooking,0.02734544233636771
indiana,2010,household,groceries,-0.024302702338789617
indiana,2010,household,dishes,0.003158870300530081
indiana,2010,household,gardening,5.3469441496867276e-05
indiana,2015,family_sphere,home,0.00046589214976278104
indiana,2015,family_sphere,parents,0.01866890270938726
indiana,2015,family_sphere,children,0.051313117362291494
indiana,2015,family_sphere,family,0.01622790453609224
indiana,2015,family_sphere,cousins,-0.002427620207972825
indiana,2015,family_sphere,marriage,0.04452343645401802
indiana,2015,family_sphere,wedding,0.029183604722906598
indiana,2015,family_sphere,relatives,0.0009158736355517894
indiana,2015,family_sphere,household,0.0006285652991266932
indiana,2015,family_sphere,kitchen,-0.0016944303452270937
indiana,2015,household,cleaning,0.005502317592262607
indiana,2015,household,laundry,0.02343233823003721
indiana,2015,household,cooking,0.030118392906005598
indiana,2015,household,groceries,0.004592105721599182
indiana,2015,household,dishes,0.03184680823437147
indiana,2015,household,gardening,0.007853481104059368
iowa,1995,family_sphere,home,0.009876742493716062
iowa,1995,family_sphere,parents,-0.011316629504905862
iowa,1995,family_sphere,children,0.050558517343171294
iowa,1995,family_sphere,family,0.019926116410369343
iowa,1995,family_sphere,cousins,-0.06354578926496945
iowa,1995,family_sphere,marriage,0.001969933813947722
iowa,1995,family_sphere,wedding,0.018203015133660627
iowa,1995,family_sphere,relatives,0.018112237848705526
iowa,1995,family_sphere,kitchen,0.03833978035927588
iowa,1995,household,cooking,0.04505995737687396
iowa,1995,household,groceries,0.007794149141243434
iowa,1995,household,gardening,0.03811921885295544
iowa,2000,family_sphere,home,-0.0033507130735326296
iowa,2000,family_sphere,parents,0.02967766104686398
iowa,2000,family_sphere,children,0.04336283527161966
iowa,2000,family_sphere,family,0.02578476294904064
iowa,2000,family_sphere,cousins,-0.013484914296819639
iowa,2000,family_sphere,marriage,0.028394241947181098
iowa,2000,family_sphere,wedding,0.01850319928224131
iowa,2000,family_sphere,relatives,-0.017688247709965244
iowa,2000,family_sphere,household,0.011274976133987424
iowa,2000,family_sphere,kitchen,0.005246070262175051
iowa,2000,household,cleaning,-0.0023276703056180903
iowa,2000,household,cooking,0.004770274555109477
iowa,2000,household,groceries,0.02321594566601748
iowa,2000,household,dishes,0.02715384643059271
iowa,2000,household,gardening,0.015701951525989744
iowa,2005,family_sphere,home,-0.02961638813862788
iowa,2005,family_sphere,parents,0.029934697791927367
iowa,2005,family_sphere,children,0.019590626174255887
iowa,2005,family_sphere,family,-0.03308917946591128
iowa,2005,family_sphere,cousins,0.00362292764069283
iowa,2005,family_sphere,marriage,0.016732324175228297
iowa,2005,family_sphere,wedding,0.021890570044209245
iowa,2005,family_sphere,relatives,-0.009951623354654715
iowa,2005,family_sphere,household,-0.021079141536323065
iowa,2005,family_sphere,kitchen,0.027051394122185046
iowa,2005,household,cleaning,-0.042453834772927745
iowa,2005,household,laundry,0.006049258818159098
iowa,2005,household,cooking,-0.0006862801680935782
iowa,2005,household,groceries,-0.041697687224012125
iowa,2005,household,dishes,0.007910141778784574
iowa,2005,household,gardening,-0.014261283954039694
iowa,2010,family_sphere,home,-0.005217397777523836
iowa,2010,family_sphere,parents,0.04147701069241638
iowa,2010,family_sphere,children,0.045458240311487375
iowa,2010,family_sphere,family,0.0027239596118228127
iowa,2010,family_sphere,cousins,0.009065417692612598
iowa,2010,family_sphere,marriage,0.03077495104550143
iowa,2010,family_sphere,wedding,0.02960174386791914
iowa,2010,family_sphere,relatives,0.016575214874963606
iowa,2010,family_sphere,household,-0.003360821463340047
iowa,2010,family_sphere,kitchen,0.015589159065161451
iowa,2010,household,cleaning,-0.017098794726869038
iowa,2010,household,laundry,0.023701517683338613
iowa,2010,household,cooking,0.023444714411860357
iowa,2010,household,groceries,-0.025164151399119872
iowa,2010,household,dishes,0.009932134202357057
iowa,2010,household,gardening,0.012347098382933686
iowa,2015,family_sphere,home,0.0009415505855556727
iowa,2015,family_sphere,parents,0.003555924797466359
iowa,2015,family_sphere,children,0.048843503742762584
iowa,2015,family_sphere,family,0.007578886716037236
iowa,2015,family_sphere,cousins,-0.01913411843879087
iowa,2015,family_sphere,marriage,0.043028831377759924
iowa,2015,family_sphere,wedding,0.03025663916308452
iowa,2015,family_sphere,relatives,-0.014200190809091406
iowa,2015,family_sphere,household,0.010464404925824233
iowa,2015,family_sphere,kitchen,0.015185897455332942
iowa,2015,household,cleaning,-0.0009484577518685811
iowa,2015,household,laundry,-0.012218782731690858
iowa,2015,household,cooking,0.01922644565246512
iowa,2015,household,groceries,0.001611464226819681
iowa,2015,household,dishes,0.024613670107867525
iowa,2015,household,gardening,0.010398944055830972
kansas,2000,family_sphere,home,0.037713449128674914
kansas,2000,family_sphere,parents,0.088924535842543
kansas,2000,family_sphere,children,0.04047663328659712
kansas,2000,family_sphere,family,0.04783986445208266
kansas,2000,family_sphere,cousins,0.01990469168638065
kansas,2000,family_sphere,marriage,0.05864546562120809
kansas,2000,family_sphere,wedding,0.05707425760830398
kansas,2000,family_sphere,relatives,-0.018954694698117946
kansas,2000,family_sphere,kitchen,0.009727832916922585
kansas,2000,household,cleaning,0.04377605939644369
kansas,2005,family_sphere,home,-0.0018181740004457048
kansas,2005,family_sphere,parents,-0.0029978820335248013
kansas,2005,family_sphere,children,0.01266201770487041
kansas,2005,family_sphere,family,-0.0037609074123263753
kansas,2005,family_sphere,cousins,0.027339575905122704
kansas,2005,family_sphere,marriage,0.05402461835359762
kansas,2005,family_sphere,wedding,0.025348674305279206
kansas,2005,family_sphere,relatives,-0.01843445468125049
kansas,2005,family_sphere,household,-0.015909456766022845
kansas,2005,family_sphere,kitchen,0.015740636559278487
kansas,2005,household,cleaning,-0.013475893321878374
kansas,2005,household,laundry,0.027211386576267982
kansas,2005,household,cooking,0.02586766351729808
kansas,2005,household,groceries,-0.060408948193663714
kansas,2010,family_sphere,home,-0.012200422030236968
kansas,2010,family_sphere,parents,0.025893442896462004
kansas,2010,family_sphere,children,0.017461145473516404
kansas,2010,family_sphere,family,0.013765674653011373
kansas,2010,family_sphere,cousins,-0.0028747516624941793
kansas,2010,family_sphere,marriage,0.07138562942452176
kansas,2010,family_sphere,wedding,0.05360891326852257
kansas,2010,family_sphere,relatives,0.0124381677457438
kansas,2010,family_sphere,household,0.0040218280152583
kansas,2010,family_sphere,kitchen,0.04308120107633684
kansas,2010,household,cleaning,-0.005518852713115363
kansas,2010,household,laundry,0.023412184374077327
kansas,2010,household,cooking,0.012891138575299
kansas,2010,household,groceries,-0.04768708235373775
kansas,2010,household,dishes,0.011822226761280641
kansas,2015,family_sphere,home,0.01058448707162496
kansas,2015,family_sphere,parents,0.03411759524826252
kansas,2015,family_sphere,children,0.033038278941322274
kansas,2015,family_sphere,family,0.010983456309496265
kansas,2015,family_sphere,cousins,-0.012188532606509761
kansas,2015,family_sphere,marriage,0.020487298803859355
kansas,2015,family_sphere,wedding,0.043875202861879625
kansas,2015,family_sphere,relatives,0.01415473280091395
kansas,2015,family_sphere,household,0.044943768523548866
kansas,2015,family_sphere,kitchen,0.02146209122792131
kansas,2015,household,cleaning,-0.0006072294157970504
kansas,2015,household,laundry,0.007559605576868744
kansas,2015,household,cooking,0.0021876428029704575
kansas,2015,household,groceries,0.0033547359096577356
kansas,2015,household,dishes,0.0345633698528528
kansas,2015,household,gardening,0.039520185440798605
kentucky,2000,family_sphere,home,-0.021685639680093405
kentucky,2000,family_sphere,parents,0.024896643113542116
kentucky,2000,family_sphere,children,0.04222016825368924
kentucky,2000,family_sphere,family,-0.05236559634181914
kentucky,2000,family_sphere,cousins,-0.007849931897338736
kentucky,2000,family_sphere,marriage,0.03689817955299013
kentucky,2000,family_sphere,wedding,0.0049147508903443216
kentucky,2000,family_sphere,relatives,-0.030249239688585616
kentucky,2000,family_sphere,kitchen,-0.007731868254755803
kentucky,2000,household,cleaning,0.029825303815399273
kentucky,2000,household,cooking,-0.042713681532354664
kentucky,2000,household,groceries,0.0448018072141928
kentucky,2005,family_sphere,home,-0.013311298904345126
kentucky,2005,family_sphere,parents,0.01962762874695212
kentucky,2005,family_sphere,children,0.026481440582779125
kentucky,2005,family_sphere,family,-0.005283229471575224
kentucky,2005,family_sphere,cousins,0.007310919287491613
kentucky,2005,family_sphere,marriage,0.011136371665283029
kentucky,2005,family_sphere,wedding,0.01963166049823384
kentucky,2005,family_sphere,relatives,0.02479681879647233
kentucky,2005,family_sphere,household,-0.01035769537588449
kentucky,2005,family_sphere,kitchen,0.004629982048423242
kentucky,2005,household,cleaning,-0.002426098292597878
kentucky,2005,household,laundry,0.011390321697995143
kentucky,2005,household,cooking,-0.017334641290457475
kentucky,2005,household,groceries,-0.0027541754034366983
kentucky,2005,household,dishes,0.0018911644453047938
kentucky,2010,family_sphere,home,-0.019328631159640675
kentucky,2010,family_sphere,parents,0.01364669401064067
kentucky,2010,family_sphere,children,0.031247227723578908
kentucky,2010,family_sphere,family,-0.018508837839599
kentucky,2010,family_sphere,cousins,-0.022055800797998848
kentucky,2010,family_sphere,marriage,0.02742573731043152
kentucky,2010,family_sphere,wedding,0.010149654641991024
kentucky,2010,family_sphere,relatives,-0.006273500166258605
kentucky,2010,family_sphere,household,0.02294712673921684
kentucky,2010,family_sphere,kitchen,0.020377277221977907
kentucky,2010,household,cleaning,-0.006122081952395275
kentucky,2010,household,laundry,0.01560444925953619
kentucky,2010,household,cooking,0.009050693207182992
kentucky,2010,household,groceries,-0.019311360716319892
kentucky,2010,household,dishes,-0.005301899210643057
kentucky,2010,household,gardening,0.023512580247416426
kentucky,2015,family_sphere,home,-0.0023746833213110774
kentucky,2015,family_sphere,parents,0.04221115602558101
kentucky,2015,family_sphere,children,0.04853399700553229
kentucky,2015,family_sphere,family,0.0022846148589310555
kentucky,2015,family_sphere,cousins,-0.019984907701803722
kentucky,2015,family_sphere,marriage,0.024922997065399355
kentucky,2015,family_sphere,wedding,0.02668690046859279
kentucky,2015,family_sphere,relatives,-0.037254573898469645
kentucky,2015,family_sphere,household,0.03825049544565684
kentucky,2015,family_sphere,kitchen,0.025269689097490278
kentucky,2015,household,cleaning,0.017830366229286243
kentucky,2015,household,laundry,0.02181069012590986
kentucky,2015,household,cooking,0.025097949868993608
kentucky,2015,household,groceries,-0.008278650590905823
kentucky,2015,household,dishes,-0.007788114275049107
kentucky,2015,household,gardening,0.00887314206194978
louisiana,1995,family_sphere,home,0.009305655284026382
louisiana,1995,family_sphere,parents,-0.0008026938788689986
louisiana,1995,family_sphere,children,0.05307206261641073
louisiana,1995,family_sphere,family,0.035162957938689066
louisiana,1995,family_sphere,cousins,-0.002385358920648506
louisiana,1995,family_sphere,marriage,0.009709596308607349
louisiana,1995,family_sphere,relatives,-0.02185997083886515
louisiana,1995,family_sphere,kitchen,-0.029359033211295404
louisiana,1995,household,cooking,-0.034263602147775685
louisiana,2000,family_sphere,home,0.00948544828692699
louisiana,2000,family_sphere,parents,-0.018663218806801662
louisiana,2000,family_sphere,children,0.04294140218404563
louisiana,2000,family_sphere,family,0.012787785534593032
louisiana,2000,family_sphere,cousins,0.02662446861000267
louisiana,2000,family_sphere,marriage,0.046359168188195965
louisiana,2000,family_sphere,wedding,0.02732680463027426
louisiana,2000,family_sphere,relatives,0.0021656156702200002
louisiana,2000,family_sphere,kitchen,-0.017563678754238254
louisiana,2000,household,cooking,-0.02124997374133475
louisiana,2000,household,groceries,-0.030420193802570106
louisiana,2000,household,dishes,0.005288351619124665
louisiana,2005,family_sphere,home,-0.033319052346891254
louisiana,2005,family_sphere,parents,-0.0066908107893439706
louisiana,2005,family_sphere,children,0.034316866311883465
louisiana,2005,family_sphere,family,-0.01882333259123392
louisiana,2005,family_sphere,cousins,0.016877168102421236
louisiana,2005,family_sphere,marriage,0.03216399704354378
louisiana,2005,family_sphere,wedding,0.011517322936070329
louisiana,2005,family_sphere,relatives,-0.01735079467934597
louisiana,2005,family_sphere,household,-0.029768357214015828
louisiana,2005,family_sphere,kitchen,-0.011432322495961156
louisiana,2005,household,cleaning,-0.019605117646143144
louisiana,2005,household,laundry,-0.005910726360102814
louisiana,2005,household,cooking,0.004753019938965375
louisiana,2005,household,groceries,-0.017478590064036847
louisiana,2005,household,dishes,-0.038352959968567135
louisiana,2010,family_sphere,home,-0.018975395181118904
louisiana,2010,family_sphere,parents,0.008541678662073227
louisiana,2010,family_sphere,children,0.020700090775893853
louisiana,2010,family_sphere,family,0.005115953333823753
louisiana,2010,family_sphere,cousins,0.0122944111287413
louisiana,2010,family_sphere,marriage,0.03172373296338793
louisiana,2010,family_sphere,wedding,0.03929931906590778
louisiana,2010,family_sphere,relatives,-0.014190152637479025
louisiana,2010,family_sphere,household,0.016336110177772367
louisiana,2010,family_sphere,kitchen,-0.00947237212092511
louisiana,2010,household,cleaning,-0.00034368151763164434
louisiana,2010,household,laundry,0.03213833279645084
louisiana,2010,household,cooking,0.0031495211393062217
louisiana,2010,household,groceries,-0.011591385827184109
louisiana,2010,household,dishes,0.004608078343179445
louisiana,2010,household,gardening,0.023755850999739314
louisiana,2015,family_sphere,home,-0.010078583359178994
louisiana,2015,family_sphere,parents,-0.0007373257761155161
louisiana,2015,family_sphere,children,0.02738190099609017
louisiana,2015,family_sphere,family,-0.009821774879532064
louisiana,2015,family_sphere,cousins,-0.00042706858781127455
louisiana,2015,family_sphere,marriage,0.033927943160213414
louisiana,2015,family_sphere,wedding,0.012642554747322898
louisiana,2015,family_sphere,relatives,-0.0210924210224952
louisiana,2015,family_sphere,household,0.031490444576819154
louisiana,2015,family_sphere,kitchen,-0.0391415549331946
louisiana,2015,household,cleaning,-0.025261035876217752
louisiana,2015,household,laundry,-0.009405199219527871
louisiana,2015,household,cooking,-0.024072197975229193
louisiana,2015,household,groceries,-0.05599541123518359
louisiana,2015,household,dishes,0.016528582623928534
louisiana,2015,household,gardening,0.0003575703683326159
maine,2000,family_sphere,home,-0.009513583157499284
maine,2000,family_sphere,parents,-0.002107258635955511
maine,2000,family_sphere,children,0.06517379393201317
maine,2000,family_sphere,family,0.034939429588145776
maine,2000,family_sphere,cousins,-0.04166748669387477
maine,2000,family_sphere,marriage,-0.007394300025973521
maine,2000,family_sphere,wedding,0.026418299648362065
maine,2000,family_sphere,relatives,0.015191511854189432
maine,2000,family_sphere,household,0.03698855183564698
maine,2000,family_sphere,kitchen,-0.005830579796617941
maine,2000,household,groceries,-0.03069942834357653
maine,2005,family_sphere,home,-0.01890510576166149
maine,2005,family_sphere,parents,-0.045791258857784345
maine,2005,family_sphere,children,0.02988841178492052
maine,2005,family_sphere,family,-0.0035911196748278362
maine,2005,family_sphere,cousins,-0.01004913990859646
maine,2005,family_sphere,marriage,0.031247888696842252
maine,2005,family_sphere,wedding,-0.004459039297321388
maine,2005,family_sphere,relatives,0.03135962123513292
maine,2005,family_sphere,household,-0.009023798909858827
maine,2005,family_sphere,kitchen,0.0022391579309909426
maine,2005,household,cleaning,-0.07610471572755073
maine,2005,household,cooking,-0.014774432785010672
maine,2005,household,groceries,-0.06473635226112029
maine,2005,household,dishes,-0.04800686045717051
maine,2005,household,gardening,0.007488467493513062
maine,2010,family_sphere,home,0.009653698784731768
maine,2010,family_sphere,parents,0.0006342163607696572
maine,2010,family_sphere,children,0.024802996470987382
maine,2010,family_sphere,family,0.0003733541784588512
maine,2010,family_sphere,cousins,-0.048169749872775336
maine,2010,family_sphere,marriage,0.06323718100060494
maine,2010,family_sphere,wedding,-0.010820074211107533
maine,2010,family_sphere,relatives,0.022152752970118206
maine,2010,family_sphere,household,0.007779190089848176
maine,2010,family_sphere,kitchen,-0.005570935834516844
maine,2010,household,cleaning,-0.0031980133199323024
maine,2010,household,cooking,0.03473444018477023
maine,2010,household,groceries,-0.0537275473146116
maine,2010,household,dishes,0.00136499216317032
maine,2010,household,gardening,-0.00016405940035391087
maine,2015,family_sphere,home,0.016167690213403252
maine,2015,family_sphere,parents,0.011553128628728038
maine,2015,family_sphere,children,0.03823978783998938
maine,2015,family_sphere,family,-0.0016556306649677666
maine,2015,family_sphere,cousins,-0.02141364390916478
maine,2015,family_sphere,marriage,0.023180240930594787
maine,2015,family_sphere,wedding,-0.003202309637065026
maine,2015,family_sphere,relatives,-0.013458334512717052
maine,2015,family_sphere,household,0.032673906797345165
maine,2015,family_sphere,kitchen,0.021817367629295092
maine,2015,household,cleaning,0.012072143376110622
maine,2015,household,laundry,0.028558662188930883
maine,2015,household,cooking,0.03267477575140143
maine,2015,household,groceries,-0.022195994856979206
maine,2015,household,dishes,0.010948403706196874
maine,2015,household,gardening,-0.0018164078746600865
maryland,1995,family_sphere,home,0.021151087764806786
maryland,1995,family_sphere,parents,0.024395545118427342
maryland,1995,family_sphere,children,0.04749231738784998
maryland,1995,family_sphere,family,0.007201392620213798
maryland,1995,family_sphere,marriage,-0.011653327030996419
maryland,1995,family_sphere,relatives,0.0331248716592365
maryland,1995,family_sphere,kitchen,0.01955615155088708
maryland,2000,family_sphere,home,-0.004974755235815365
maryland,2000,family_sphere,parents,-0.0035279977491393666
maryland,2000,family_sphere,children,0.00944935962866078
maryland,2000,family_sphere,family,0.0003996447807455006
maryland,2000,family_sphere,cousins,0.05255347171616509
maryland,2000,family_sphere,marriage,0.014798333385615092
maryland,2000,family_sphere,wedding,-0.003240818178673166
maryland,2000,family_sphere,relatives,0.030895225607233456
maryland,2000,family_sphere,household,-0.010521687125089052
maryland,2000,family_sphere,kitchen,0.004338184007797841
maryland,2000,household,cleaning,-0.002123369882569004
maryland,2000,household,laundry,0.03549474194202851
maryland,2000,household,cooking,-0.0071897194723360425
maryland,2000,household,groceries,-0.02613230861114546
maryland,2000,household,dishes,-0.0037129742176197356
maryland,2005,family_sphere,home,-0.017127882584491827
maryland,2005,family_sphere,parents,0.020147813937989034
maryland,2005,family_sphere,children,0.02389125922379487
maryland,2005,family_sphere,family,-0.004509560754885733
maryland,2005,family_sphere,cousins,-0.004118019166013953
maryland,2005,family_sphere,marriage,0.026980853890996248
maryland,2005,family_sphere,wedding,0.0034822802091558636
maryland,2005,family_sphere,relatives,0.01401903489382439
maryland,2005,family_sphere,household,0.029470849830091184
maryland,2005,family_sphere,kitchen,0.015857357335649747
maryland,2005,household,cleaning,-0.02274037239713167
maryland,2005,household,laundry,0.010798931134580858
maryland,2005,household,cooking,-0.02017488392086031
maryland,2005,household,groceries,0.005411730055906894
maryland,2005,household,dishes,-0.003989432538992532
maryland,2005,household,gardening,-0.008760923438419832
maryland,2010,family_sphere,home,-0.0038818788751052713
maryland,2010,family_sphere,parents,0.028149333077805094
maryland,2010,family_sphere,children,0.04338896434123041
maryland,2010,family_sphere,family,-0.01128232538233176
maryland,2010,family_sphere,cousins,-0.014524604602980218
maryland,2010,family_sphere,marriage,0.028487597333366477
maryland,2010,family_sphere,wedding,0.022390723830140957
maryland,2010,family_sphere,relatives,-0.01901778387109332
maryland,2010,family_sphere,household,-0.009419603711152136
maryland,2010,family_sphere,kitchen,0.004200403275830489
maryland,2010,household,cleaning,-0.013312601145042846
maryland,2010,household,laundry,0.026621165511635403
maryland,2010,household,cooking,-0.003805883105262531
maryland,2010,household,groceries,0.004198967881485882
maryland,2010,household,dishes,-0.018739414734625814
maryland,2010,household,gardening,-0.008611569327009683
maryland,2015,family_sphere,home,-0.0062379889235311126
maryland,2015,family_sphere,parents,0.020749222817229795
maryland,2015,family_sphere,children,0.040089758470242876
maryland,2015,family_sphere,family,-0.007189062719596406
maryland,2015,family_sphere,cousins,-0.022604012589472977
maryland,2015,family_sphere,marriage,0.03960749253563378
maryland,2015,family_sphere,wedding,-0.013082977473805713
maryland,2015,family_sphere,relatives,-0.011336955080358369
maryland,2015,family_sphere,household,-0.0030923312606423448
maryland,2015,family_sphere,kitchen,-0.006632754890933734
maryland,2015,household,cleaning,-0.019401499093148145
maryland,2015,household,laundry,0.012474780347042413
maryland,2015,household,cooking,0.01482086464656951
maryland,2015,household,groceries,-0.008193435769831003
maryland,2015,household,dishes,-0.007748129595998465
maryland,2015,household,gardening,0.020866383527124
massachusetts,1995,family_sphere,home,-0.008419902271172952
massachusetts,1995,family_sphere,parents,0.021948954803115095
massachusetts,1995,family_sphere,children,-0.006752604027021936
massachusetts,1995,family_sphere,family,-0.021011898645154625
massachusetts,1995,family_sphere,cousins,0.02141133099552528
massachusetts,1995,family_sphere,marriage,0.03389723751041218
massachusetts,1995,family_sphere,wedding,0.012250187763524045
massachusetts,1995,family_sphere,relatives,-0.018981567949311273
massachusetts,1995,family_sphere,household,0.030844940503139573
massachusetts,1995,family_sphere,kitchen,0.012777551222942662
massachusetts,1995,household,cleaning,0.007403141769530386
massachusetts,1995,household,laundry,0.03298952476726491
massachusetts,1995,household,cooking,-0.014128460172981527
massachusetts,1995,household,groceries,-0.02238246242922448
massachusetts,1995,household,dishes,0.0022380673931934325
massachusetts,1995,household,gardening,0.004555016784795529
massachusetts,2000,family_sphere,home,-0.010553906537388302
massachusetts,2000,family_sphere,parents,-0.0001826577222527881
massachusetts,2000,family_sphere,children,0.019877550661049237
massachusetts,2000,family_sphere,family,-0.014557355458334365
massachusetts,2000,family_sphere,cousins,-0.015148885196530792
massachusetts,2000,family_sphere,marriage,0.055345367915974
massachusetts,2000,family_sphere,wedding,0.02203446511929108
massachusetts,2000,family_sphere,relatives,0.015027572760635821
massachusetts,2000,family_sphere,household,0.015151294000050108
massachusetts,2000,family_sphere,kitchen,0.01086448393200734
massachusetts,2000,household,cleaning,0.0007343677492550604
massachusetts,2000,household,laundry,0.012826053871815235
massachusetts,2000,household,cooking,-0.005574348297604059
massachusetts,2000,household,groceries,-0.005530533256281167
massachusetts,2000,household,dishes,-0.008112591294973326
massachusetts,2000,household,gardening,0.008733136285467014
massachusetts,2005,family_sphere,home,-0.0028297406830043448
massachusetts,2005,family_sphere,parents,0.02068488149148162
massachusetts,2005,family_sphere,children,0.02321600370356558
massachusetts,2005,family_sphere,family,-0.02345484416492649
massachusetts,2005,family_sphere,cousins,-0.03777695808678361
massachusetts,2005,family_sphere,marriage,0.05843517239561924
massachusetts,2005,family_sphere,wedding,0.034460201059582474
massachusetts,2005,family_sphere,relatives,0.010471596147391682
massachusetts,2005,family_sphere,household,-0.024395597827985616
massachusetts,2005,family_sphere,kitchen,-0.010170947057724034
massachusetts,2005,household,cleaning,0.015130505190675825
massachusetts,2005,household,laundry,0.0027213942428179205
massachusetts,2005,household,cooking,0.005382383163439641
massachusetts,2005,household,groceries,-0.010530308044545578
massachusetts,2005,household,dishes,-0.03286039779142813
massachusetts,2005,household,gardening,-0.010053896884427482
massachusetts,2010,family_sphere,home,-0.007553575542165958
massachusetts,2010,family_sphere,parents,0.015323404610743996
massachusetts,2010,family_sphere,children,0.025552628125698695
massachusetts,2010,family_sphere,family,-0.012261195666015245
massachusetts,2010,family_sphere,cousins,-0.014313497580275891
massachusetts,2010,family_sphere,marriage,0.03337658777697616
massachusetts,2010,family_sphere,wedding,0.03272835740707203
massachusetts,2010,family_sphere,relatives,-0.0021422526953890353
massachusetts,2010,family_sphere,household,-0.012458559123692758
massachusetts,2010,family_sphere,kitchen,-7.212255269783974e-05
massachusetts,2010,household,cleaning,-0.012976549043298702
massachusetts,2010,household,laundry,0.01068017908084573
massachusetts,2010,household,cooking,0.010610340899203763
massachusetts,2010,household,groceries,0.008779509917635098
massachusetts,2010,household,dishes,0.021765963605512306
massachusetts,2010,household,gardening,0.001172367172725064
massachusetts,2015,family_sphere,home,0.006106741500684576
massachusetts,2015,family_sphere,parents,0.0113233517661544
massachusetts,2015,family_sphere,children,0.030281919814222236
massachusetts,2015,family_sphere,family,0.01741516138397503
massachusetts,2015,family_sphere,cousins,0.007206564059409004
massachusetts,2015,family_sphere,marriage,0.024566636186294177
massachusetts,2015,family_sphere,wedding,0.032016300156263666
massachusetts,2015,family_sphere,relatives,-0.02513706685789663
massachusetts,2015,family_sphere,household,0.02703672690693737
massachusetts,2015,family_sphere,kitchen,0.01740117998388313
massachusetts,2015,household,cleaning,-0.03280694576982057
massachusetts,2015,household,laundry,0.0147515960644522
massachusetts,2015,household,cooking,0.006036150368643245
massachusetts,2015,household,groceries,0.003690402750362587
massachusetts,2015,household,dishes,0.012940060107944795
massachusetts,2015,household,gardening,-0.011598476446698758
michigan,1995,family_sphere,home,-0.028084055859937007
michigan,1995,family_sphere,parents,0.010712434638472268
michigan,1995,family_sphere,children,0.053851723062039336
michigan,1995,family_sphere,family,0.0008160598431152799
michigan,1995,family_sphere,cousins,-0.005633382220803562
michigan,1995,family_sphere,marriage,0.005739929211392436
michigan,1995,family_sphere,wedding,-0.008759245360400625
michigan,1995,family_sphere,kitchen,-0.027156569358194882
michigan,1995,household,cooking,0.03075015687721394
michigan,1995,household,groceries,-0.04226210670910835
michigan,1995,household,gardening,-0.004530357190551393
michigan,2000,family_sphere,home,-0.013213127394750779
michigan,2000,family_sphere,parents,0.021344520853537663
michigan,2000,family_sphere,children,0.006447464280226689
michigan,2000,family_sphere,family,0.0013119924551352469
michigan,2000,family_sphere,cousins,0.005128579595330529
michigan,2000,family_sphere,marriage,0.019169384767581787
michigan,2000,family_sphere,wedding,-0.002296507166431594
michigan,2000,family_sphere,relatives,-0.015927629179992464
michigan,2000,family_sphere,household,-0.00442423554508653
michigan,2000,family_sphere,kitchen,-0.037462117110172555
michigan,2000,household,cleaning,-0.018641964330794347
michigan,2000,household,cooking,0.00012260809801301065
michigan,2000,household,groceries,-0.024457289170407348
michigan,2000,household,dishes,0.0014286226341153618
michigan,2000,household,gardening,0.017369304138142305
michigan,2005,family_sphere,home,-0.0026323082088687277
michigan,2005,family_sphere,parents,0.00648307586031327
michigan,2005,family_sphere,children,0.03613780485105944
michigan,2005,family_sphere,family,-0.008680458545911152
michigan,2005,family_sphere,cousins,0.0071352916112843445
michigan,2005,family_sphere,marriage,0.0391854702482658
michigan,2005,family_sphere,wedding,0.033006171349153735
michigan,2005,family_sphere,relatives,-0.020604714287592696
michigan,2005,family_sphere,household,-8.416854992976397e-06
michigan,2005,family_sphere,kitchen,-0.0016103268056959497
michigan,2005,household,cleaning,-0.00048101589668347877
michigan,2005,household,laundry,0.00019465375276705998
michigan,2005,household,cooking,-0.001164298026067545
michigan,2005,household,groceries,-0.00575966079225021
michigan,2005,household,dishes,-0.007925000620129685
michigan,2005,household,gardening,0.017136234285693774
michigan,2010,family_sphere,home,-0.0006945931541700867
michigan,2010,family_sphere,parents,0.04151184814582687
michigan,2010,family_sphere,children,0.03688156405727272
michigan,2010,family_sphere,family,-0.015287448461678288
michigan,2010,family_sphere,cousins,-0.027362155440584623
michigan,2010,family_sphere,marriage,0.027333112534525417
michigan,2010,family_sphere,wedding,0.019462129777102266
michigan,2010,family_sphere,relatives,0.003733766414103834
michigan,2010,family_sphere,household,0.010922061780649583
michigan,2010,family_sphere,kitchen,-0.0010696991932650501
michigan,2010,household,cleaning,-0.0031097227206517974
michigan,2010,household,laundry,-0.00775951468400371
michigan,2010,household,cooking,0.006557661840421725
michigan,2010,household,groceries,-0.019425530250926748
michigan,2010,household,dishes,0.003145154177143672
michigan,2010,household,gardening,0.005076328420330123
michigan,2015,family_sphere,home,-0.008642971574644998
michigan,2015,family_sphere,parents,0.009241090761703763
michigan,2015,family_sphere,children,0.040457029545400536
michigan,2015,family_sphere,family,-0.002404324273620806
michigan,2015,family_sphere,cousins,-0.015598579404130564
michigan,2015,family_sphere,marriage,0.024895008512615835
michigan,2015,family_sphere,wedding,0.024788943912652517
michigan,2015,family_sphere,relatives,-0.0291198572198903
michigan,2015,family_sphere,household,0.023506514354914465
michigan,2015,family_sphere,kitchen,0.028297431804829243
michigan,2015,household,cleaning,0.005241335652459211
michigan,2015,household,laundry,-0.004465358223755489
michigan,2015,household,cooking,0.027586951141681748
michigan,2015,household,groceries,-0.00759794121278512
michigan,2015,household,dishes,0.014546624018948018
michigan,2015,household,gardening,-0.002722539850693595
minnesota,1995,family_sphere,home,0.03263408769060683
minnesota,1995,family_sphere,parents,0.026795658812617806
minnesota,1995,family_sphere,children,0.03780627859434693
minnesota,1995,family_sphere,family,0.035476058431019086
minnesota,1995,family_sphere,cousins,0.005979992336094808
minnesota,1995,family_sphere,marriage,0.039016885177243776
minnesota,1995,family_sphere,wedding,0.03998849621355649
minnesota,1995,family_sphere,relatives,0.02946746367958719
minnesota,1995,family_sphere,household,-0.0028919525977884053
minnesota,1995,family_sphere,kitchen,0.00691319951328373
minnesota,1995,household,cleaning,-0.0024137662730678855
minnesota,1995,household,cooking,0.004727186393106431
minnesota,1995,household,groceries,0.007348277429287231
minnesota,1995,household,gardening,0.0375045551532488
minnesota,2000,family_sphere,home,0.020332465179357828
minnesota,2000,family_sphere,parents,0.029244102323647825
minnesota,2000,family_sphere,children,0.0365207952922314
minnesota,2000,family_sphere,family,0.002993274663990908
minnesota,2000,family_sphere,cousins,-0.010571979102268148
minnesota,2000,family_sphere,marriage,0.011490743846682139
minnesota,2000,family_sphere,wedding,0.017855162063499574
minnesota,2000,family_sphere,relatives,0.020193823916878295
minnesota,2000,family_sphere,household,0.018993501418892444
minnesota,2000,family_sphere,kitchen,0.015053305105762416
minnesota,2000,household,cleaning,0.004689291585763478
minnesota,2000,household,laundry,0.0010156192787006413
minnesota,2000,household,cooking,-0.004862911648894519
minnesota,2000,household,groceries,-0.008106135358726174
minnesota,2000,household,dishes,-0.0024985819319200964
minnesota,2000,household,gardening,0.01224785597603184
minnesota,2005,family_sphere,home,0.02659798401157565
minnesota,2005,family_sphere,parents,0.021423452039354807
minnesota,2005,family_sphere,children,0.04345000816834288
minnesota,2005,family_sphere,family,0.010931627638159358
minnesota,2005,family_sphere,cousins,-0.013479025472821982
minnesota,2005,family_sphere,marriage,0.016794031258485442
minnesota,2005,family_sphere,wedding,0.01494333842349127
minnesota,2005,family_sphere,relatives,0.00663796709823905
minnesota,2005,family_sphere,household,0.026818327089816685
minnesota,2005,family_sphere,kitchen,0.021180117066452286
minnesota,2005,household,cleaning,0.004579346263350326
minnesota,2005,household,laundry,0.02007577656675119
minnesota,2005,household,cooking,0.0016165557481017112
minnesota,2005,household,groceries,-0.0021644281561171708
minnesota,2005,household,dishes,0.008724317971569251
minnesota,2005,household,gardening,0.0077763012286088395
minnesota,2010,family_sphere,home,0.0022678845972320394
minnesota,2010,family_sphere,parents,0.004668206094368688
minnesota,2010,family_sphere,children,0.0337557897330798
minnesota,2010,family_sphere,family,0.014858885918520692
minnesota,2010,family_sphere,cousins,-0.03898523809645593
minnesota,2010,family_sphere,marriage,-0.00041769697896620883
minnesota,2010,family_sphere,wedding,0.02215383266958959
minnesota,2010,family_sphere,relatives,-0.005655623476623739
minnesota,2010,family_sphere,household,0.004778446569106087
minnesota,2010,family_sphere,kitchen,0.009071266882219042
minnesota,2010,household,cleaning,-0.003968637439996758
minnesota,2010,household,laundry,-0.009812404142053976
minnesota,2010,household,cooking,-0.006288670516941597
minnesota,2010,household,groceries,-0.016695488204568676
minnesota,2010,household,dishes,0.0010054352981747616
minnesota,2010,household,gardening,-0.004561182305149236
minnesota,2015,family_sphere,home,0.005538045070231035
minnesota,2015,family_sphere,parents,0.012982184886555892
minnesota,2015,family_sphere,children,0.05031431071053871
minnesota,2015,family_sphere,family,0.0157776454634303
minnesota,2015,family_sphere,cousins,-0.03976553885219203
minnesota,2015,family_sphere,marriage,0.014400378681489023
minnesota,2015,family_sphere,wedding,0.04072205455631683
minnesota,2015,family_sphere,relatives,-8.048926195158845e-05
minnesota,2015,family_sphere,household,0.013095228794673952
minnesota,2015,family_sphere,kitchen,0.03083894710686863
minnesota,2015,household,cleaning,-0.00026274821380289914
minnesota,2015,household,laundry,-0.0013738552351474365
minnesota,2015,household,cooking,0.021278504294738765
minnesota,2015,household,groceries,-0.011989946989733102
minnesota,2015,household,dishes,0.03255004905483094
minnesota,2015,household,gardening,0.018011722421730436
mississippi,1995,family_sphere,home,-0.00683992342227735
mississippi,1995,family_sphere,parents,0.022880967452593826
mississippi,1995,family_sphere,children,0.01994241319670753
mississippi,1995,family_sphere,family,-0.015338570995483414
mississippi,1995,family_sphere,relatives,0.03623214414210818
mississippi,2000,family_sphere,home,-0.018664227593738425
mississippi,2000,family_sphere,parents,0.008511762604014539
mississippi,2000,family_sphere,children,0.029024838920741702
mississippi,2000,family_sphere,family,-0.031082647215083914
mississippi,2000,family_sphere,cousins,0.021906747136699378
mississippi,2000,family_sphere,marriage,0.01009505745131678
mississippi,2000,family_sphere,wedding,-0.01779511420910007
mississippi,2000,family_sphere,relatives,0.011186998778545565
mississippi,2000,family_sphere,kitchen,-0.004138654131228825
mississippi,2000,household,cleaning,0.009479523127325584
mississippi,2000,household,cooking,0.016252580359721658
mississippi,2000,household,groceries,-0.04505376056528165
mississippi,2000,household,gardening,0.015060724710781015
mississippi,2005,family_sphere,home,-0.010780191329829769
mississippi,2005,family_sphere,parents,0.0326328015972287
mississippi,2005,family_sphere,children,0.027844565742588756
mississippi,2005,family_sphere,family,0.021511049162222573
mississippi,2005,family_sphere,cousins,0.02121953370836882
mississippi,2005,family_sphere,marriage,0.005895669809190762
mississippi,2005,family_sphere,wedding,0.023879050253036938
mississippi,2005,family_sphere,relatives,0.03893526184848839
mississippi,2005,family_sphere,kitchen,-0.03900874031945767
mississippi,2005,household,cleaning,-0.005106860869530494
mississippi,2005,household,cooking,0.02112769219998456
mississippi,2005,household,groceries,-0.00863313758812545
mississippi,2005,household,gardening,0.00282130391254265
mississippi,2010,family_sphere,home,-0.007285006463685795
mississippi,2010,family_sphere,parents,0.018503664182847657
mississippi,2010,family_sphere,children,0.03969106835255265
mississippi,2010,family_sphere,family,0.024479183529608428
mississippi,2010,family_sphere,cousins,0.008489123421698164
mississippi,2010,family_sphere,marriage,0.03300859870478412
mississippi,2010,family_sphere,wedding,0.03829042815447303
mississippi,2010,family_sphere,relatives,0.004517570891494294
mississippi,2010,family_sphere,household,0.02612402529263791
mississippi,2010,family_sphere,kitchen,-0.00036791371782995963
mississippi,2010,household,cleaning,0.011055939560597361
mississippi,2010,household,laundry,0.004374239421026993
mississippi,2010,household,cooking,0.006533958110959581
mississippi,2010,household,groceries,-0.046680504096877184
mississippi,2010,household,dishes,0.00853019705724467
mississippi,2010,household,gardening,-0.01032209768974468
mississippi,2015,family_sphere,home,-0.0072203981720815325
mississippi,2015,family_sphere,parents,0.009567351248451539
mississippi,2015,family_sphere,children,0.03968632965993413
mississippi,2015,family_sphere,family,0.0043602703904943585
mississippi,2015,family_sphere,cousins,-0.009374174917302192
mississippi,2015,family_sphere,marriage,0.02870509235102514
mississippi,2015,family_sphere,wedding,0.042265715413746574
mississippi,2015,family_sphere,relatives,0.004392728500960175
mississippi,2015,family_sphere,household,0.01960087356871454
mississippi,2015,family_sphere,kitchen,-0.009414978538847874
mississippi,2015,household,cleaning,0.01925070582050603
mississippi,2015,household,laundry,-0.01952907018732064
mississippi,2015,household,cooking,0.02658374806966779
mississippi,2015,household,groceries,-0.01142662255268756
mississippi,2015,household,dishes,0.012259901613214885
mississippi,2015,household,gardening,0.020006361631593972
missouri,1995,family_sphere,home,-0.007647671997307759
missouri,1995,family_sphere,parents,-0.026651435766645082
missouri,1995,family_sphere,children,0.003779447615975151
missouri,1995,family_sphere,family,-0.04095218740710782
missouri,1995,family_sphere,cousins,0.005653731770717707
missouri,1995,family_sphere,marriage,0.024978087713682706
missouri,1995,family_sphere,wedding,0.03793497846695393
missouri,1995,family_sphere,relatives,0.023915736437522983
missouri,1995,family_sphere,kitchen,0.019974585103190834
missouri,1995,household,laundry,-0.028653224050609105
missouri,1995,household,cooking,0.012591764897007196
missouri,1995,household,groceries,-0.05843593165559713
missouri,2000,family_sphere,home,0.012961095736987005
missouri,2000,family_sphere,parents,-0.008371221709869814
missouri,2000,family_sphere,children,0.016452338233405528
missouri,2000,family_sphere,family,0.0009899093991740937
missouri,2000,family_sphere,cousins,0.0025814571754925186
missouri,2000,family_sphere,marriage,0.029625748494230608
missouri,2000,family_sphere,wedding,0.036876053196819525
missouri,2000,family_sphere,relatives,-0.011106986821073583
missouri,2000,family_sphere,household,-0.03513055381901764
missouri,2000,family_sphere,kitchen,0.024825078925205357
missouri,2000,household,cleaning,0.008415677251373932
missouri,2000,household,laundry,-0.004354553907042424
missouri,2000,household,cooking,-0.0004855038140816337
missouri,2000,household,groceries,-0.06191053555376125
missouri,2000,household,dishes,-0.015491166737048978
missouri,2005,family_sphere,home,0.008784138573102895
missouri,2005,family_sphere,parents,0.02150306022624493
missouri,2005,family_sphere,children,0.020888051347767056
missouri,2005,family_sphere,family,0.006675912156128172
missouri,2005,family_sphere,cousins,-0.03580490971754913
missouri,2005,family_sphere,marriage,0.025192275114527263
missouri,2005,family_sphere,wedding,0.033975883318366984
missouri,2005,family_sphere,relatives,0.00216605887004917
missouri,2005,family_sphere,household,-0.002821374349381345
missouri,2005,family_sphere,kitchen,0.00842550234372963
missouri,2005,household,cleaning,-0.006351551096449359
missouri,2005,household,laundry,0.017437239552025252
missouri,2005,household,cooking,0.01700344775841134
missouri,2005,household,groceries,-0.00043300804666990267
missouri,2005,household,dishes,-0.021289918202703206
missouri,2005,household,gardening,-0.00739082440925376
missouri,2010,family_sphere,home,-0.016157420939098444
missouri,2010,family_sphere,parents,0.02557965101981885
missouri,2010,family_sphere,children,0.04719743783571562
missouri,2010,family_sphere,family,0.0007105979291056608
missouri,2010,family_sphere,cousins,-0.015335999347575013
missouri,2010,family_sphere,marriage,0.04193623425265358
missouri,2010,family_sphere,wedding,0.0295240228760838
missouri,2010,family_sphere,relatives,0.0030340089368141587
missouri,2010,family_sphere,household,0.005426423855940499
missouri,2010,family_sphere,kitchen,0.004803378869302932
missouri,2010,household,cleaning,0.002700262915267704
missouri,2010,household,laundry,0.02496269917588334
missouri,2010,household,cooking,-0.0011192519632023945
missouri,2010,household,groceries,0.003606278289580933
missouri,2010,household,dishes,0.017823254105806985
missouri,2010,household,gardening,-0.009759356403951092
missouri,2015,family_sphere,home,-0.006580409559796552
missouri,2015,family_sphere,parents,0.00810706075441081
missouri,2015,family_sphere,children,0.03176494493709181
missouri,2015,family_sphere,family,-0.0068705321455414525
missouri,2015,family_sphere,cousins,-0.018057076723545062
missouri,2015,family_sphere,marriage,0.019177554257831853
missouri,2015,family_sphere,wedding,0.006911943601126902
missouri,2015,family_sphere,relatives,-0.018361719222166895
missouri,2015,family_sphere,household,0.02828992235549277
missouri,2015,family_sphere,kitchen,0.024903262726683084
missouri,2015,household,cleaning,0.004720319086676472
missouri,2015,household,laundry,0.017364903449727853
missouri,2015,household,cooking,0.012172771195054999
missouri,2015,household,groceries,0.01542727178340364
missouri,2015,household,dishes,0.009929301215112263
missouri,2015,household,gardening,0.014113714437319791
montana,1995,family_sphere,home,0.009331605104219709
montana,1995,family_sphere,parents,0.008638341445245779
montana,1995,family_sphere,children,0.03480644869441851
montana,1995,family_sphere,family,-0.011226736756770661
montana,1995,family_sphere,cousins,-0.021496220152869228
montana,1995,family_sphere,marriage,-0.009763414423944572
montana,1995,family_sphere,wedding,-0.018518685420802705
montana,1995,family_sphere,relatives,-0.00034217497498156835
montana,1995,family_sphere,kitchen,-0.001954239772837374
montana,1995,household,cooking,-0.027350611249494894
montana,1995,household,groceries,-0.01595130978834247
montana,2000,family_sphere,home,-0.0027195250109851576
montana,2000,family_sphere,parents,-0.00884908837779752
montana,2000,family_sphere,children,0.014154027094457011
montana,2000,family_sphere,family,-0.0075495951303145015
montana,2000,family_sphere,cousins,-0.022954829495877016
montana,2000,family_sphere,marriage,0.01459585482360859
montana,2000,family_sphere,wedding,-0.0009236024017499345
montana,2000,family_sphere,relatives,0.01491158436401907
montana,2000,family_sphere,household,0.020985500355149345
montana,2000,family_sphere,kitchen,0.010745183825794369
montana,2000,household,cleaning,-0.008446809864417926
montana,2000,household,laundry,0.006873666372939957
montana,2000,household,cooking,0.004841523214907939
montana,2000,household,groceries,0.025401378177818845
montana,2000,household,dishes,0.03701271708412546
montana,2000,household,gardening,-0.022544528788175033
montana,2005,family_sphere,home,-0.014866141485345596
montana,2005,family_sphere,parents,-0.012317491701142047
montana,2005,family_sphere,children,0.008839670180700088
montana,2005,family_sphere,family,-0.001370648075505354
montana,2005,family_sphere,cousins,-0.007806640101781226
montana,2005,family_sphere,marriage,0.009839335696698592
montana,2005,family_sphere,wedding,0.011739434810097538
montana,2005,family_sphere,relatives,0.014869373116476403
montana,2005,family_sphere,household,0.008685673467150656
montana,2005,family_sphere,kitchen,0.03226707045865984
montana,2005,household,cleaning,-0.01720548788002607
montana,2005,household,laundry,-0.014917221941059489
montana,2005,household,cooking,-0.01951961523437218
montana,2005,household,groceries,-0.014331680129443414
montana,2005,household,dishes,0.038828640287339344
montana,2005,household,gardening,-0.003172171943781832
montana,2010,family_sphere,home,0.0010491714400171492
montana,2010,family_sphere,parents,-0.006066521668405711
montana,2010,family_sphere,children,0.01980827011573716
montana,2010,family_sphere,family,0.02123324695607287
montana,2010,family_sphere,cousins,-0.011531902470024669
montana,2010,family_sphere,marriage,0.01096171780364874
montana,2010,family_sphere,wedding,0.012555543097536148
montana,2010,family_sphere,relatives,0.010666638564538311
montana,2010,family_sphere,household,0.010682626804741413
montana,2010,family_sphere,kitchen,0.029427560440086875
montana,2010,household,cleaning,0.006135660255621955
montana,2010,household,laundry,-0.002886896739587641
montana,2010,household,cooking,0.0024758357885219517
montana,2010,household,groceries,-0.004412828885284159
montana,2010,household,dishes,0.032620864460331744
montana,2010,household,gardening,-0.005752211896106085
montana,2015,family_sphere,home,0.011238895696253803
montana,2015,family_sphere,parents,0.003929851780483218
montana,2015,family_sphere,children,0.01424997359591329
montana,2015,family_sphere,family,0.013168187779536766
montana,2015,family_sphere,cousins,0.0038410723048105666
montana,2015,family_sphere,marriage,0.03856813022554584
montana,2015,family_sphere,wedding,-0.0008344977650822649
montana,2015,family_sphere,relatives,-0.003975080797156139
montana,2015,family_sphere,household,0.04305766185364612
montana,2015,family_sphere,kitchen,0.024405888952409693
montana,2015,household,cleaning,0.0227762303924528
montana,2015,household,laundry,0.02472075610579383
montana,2015,household,cooking,0.011526807162185237
montana,2015,household,groceries,0.022763838269218795
montana,2015,household,dishes,0.03010185833587231
montana,2015,household,gardening,-0.007715405256630503
nebraska,1995,family_sphere,home,0.020207720201635193
nebraska,1995,family_sphere,parents,4.559764360045904e-05
nebraska,1995,family_sphere,children,0.024217962137559113
nebraska,1995,family_sphere,family,-0.005407588377859596
nebraska,1995,family_sphere,marriage,0.009616957491272227
nebraska,2000,family_sphere,home,0.021879540727865576
nebraska,2000,family_sphere,parents,0.01405818127374292
nebraska,2000,family_sphere,children,0.03137371413360546
nebraska,2000,family_sphere,family,0.006300309991176367
nebraska,2000,family_sphere,cousins,-0.020522081306775464
nebraska,2000,family_sphere,marriage,0.03145891499516018
nebraska,2000,family_sphere,wedding,0.05245165776196681
nebraska,2000,family_sphere,relatives,0.020469808184997107
nebraska,2000,family_sphere,kitchen,0.0018865747147044365
nebraska,2000,household,cleaning,-0.016252844929115273
nebraska,2000,household,cooking,-0.02096796602660167
nebraska,2000,household,groceries,-0.019795758054215296
nebraska,2005,family_sphere,home,-0.028844480141664075
nebraska,2005,family_sphere,parents,0.01950517870612789
nebraska,2005,family_sphere,children,0.004808339689561847
nebraska,2005,family_sphere,family,-0.006579477558526059
nebraska,2005,family_sphere,cousins,0.0012344168718377846
nebraska,2005,family_sphere,marriage,0.01702336130505544
nebraska,2005,family_sphere,wedding,0.012262874240545174
nebraska,2005,family_sphere,relatives,0.004473848306060901
nebraska,2005,family_sphere,household,-0.0026370861408578916
nebraska,2005,family_sphere,kitchen,-0.0023739984499482336
nebraska,2005,household,cleaning,-0.05553604442555282
nebraska,2005,household,laundry,-0.010168451844604798
nebraska,2005,household,cooking,-0.015435348173790886
nebraska,2005,household,groceries,-0.02644787505108237
nebraska,2005,household,dishes,0.006401471162059358
nebraska,2005,household,gardening,-0.022012413243501894
nebraska,2010,family_sphere,home,-0.023071775176841003
nebraska,2010,family_sphere,parents,0.015068868840375615
nebraska,2010,family_sphere,children,0.005733430620739721
nebraska,2010,family_sphere,family,0.0018614102970790913
nebraska,2010,family_sphere,cousins,0.007480439730161437
nebraska,2010,family_sphere,marriage,0.002636558484578999
nebraska,2010,family_sphere,wedding,-0.00015088417222119954
nebraska,2010,family_sphere,relatives,-0.032714161578769274
nebraska,2010,family_sphere,household,0.0012075688565627019
nebraska,2010,family_sphere,kitchen,-0.00570167595920279
nebraska,2010,household,cleaning,-0.02203642088085056
nebraska,2010,household,laundry,0.02907742608982211
nebraska,2010,household,cooking,0.00932280666971097
nebraska,2010,household,groceries,-0.009134554867063271
nebraska,2010,household,dishes,0.010791298596415588
nebraska,2010,household,gardening,0.00975019137333133
nebraska,2015,family_sphere,home,0.00860547338230544
nebraska,2015,family_sphere,parents,0.030277446454037293
nebraska,2015,family_sphere,children,0.012634605134201116
nebraska,2015,family_sphere,family,0.002795496095718497
nebraska,2015,family_sphere,cousins,-0.005208933272831784
nebraska,2015,family_sphere,marriage,0.0236930451489461
nebraska,2015,family_sphere,wedding,-0.003689688802620883
nebraska,2015,family_sphere,relatives,-0.0014053599861321153
nebraska,2015,family_sphere,household,0.015851266887258797
nebraska,2015,family_sphere,kitchen,0.015864985453010183
nebraska,2015,household,cleaning,0.008728717634746141
nebraska,2015,household,laundry,0.0213998130261277
nebraska,2015,household,cooking,0.015465883451539764
nebraska,2015,household,groceries,-0.021097848887602244
nebraska,2015,household,dishes,0.019827934136213643
nebraska,2015,household,gardening,0.013134053050503858
nevada,1995,family_sphere,home,-0.01965515263874007
nevada,1995,family_sphere,parents,-0.017355913991836003
nevada,1995,family_sphere,children,0.02851570375558843
nevada,1995,family_sphere,family,0.0024395469267827208
nevada,1995,family_sphere,cousins,-0.007538507252153548
nevada,1995,family_sphere,marriage,-0.014582731927057724
nevada,1995,family_sphere,wedding,0.048717892289969034
nevada,1995,family_sphere,relatives,0.04687906668969977
nevada,1995,family_sphere,kitchen,0.002243774899290396
nevada,1995,household,groceries,-0.00034731784901087526
nevada,2000,family_sphere,home,0.017765598580931963
nevada,2000,family_sphere,parents,0.03671230583672791
nevada,2000,family_sphere,children,0.05389255371202395
nevada,2000,family_sphere,family,0.02292002766926826
nevada,2000,family_sphere,cousins,-0.036613412226531916
nevada,2000,family_sphere,marriage,0.0033556583602213363
nevada,2000,family_sphere,wedding,0.04245746551622542
nevada,2000,family_sphere,relatives,0.02775926586202615
nevada,2000,family_sphere,household,0.01740052175370721
nevada,2000,family_sphere,kitchen,0.03291199391638977
nevada,2000,household,cleaning,0.008048749742700423
nevada,2000,household,cooking,-0.007519457000930485
nevada,2000,household,groceries,0.006814812032070461
nevada,2000,household,dishes,0.012193177719361015
nevada,2005,family_sphere,home,0.017804544886678597
nevada,2005,family_sphere,parents,0.022344877933593854
nevada,2005,family_sphere,children,0.035811396707698395
nevada,2005,family_sphere,family,-0.01053295669834986
nevada,2005,family_sphere,cousins,-0.09047875278273942
nevada,2005,family_sphere,marriage,0.030561918142392286
nevada,2005,family_sphere,wedding,0.01221920364790019
nevada,2005,family_sphere,relatives,-0.02187392819798717
nevada,2005,family_sphere,household,0.009103007553780573
nevada,2005,family_sphere,kitchen,0.02440936903144375
nevada,2005,household,cleaning,-0.03303131969095352
nevada,2005,household,laundry,0.01294874765902354
nevada,2005,household,cooking,-0.004823361358479605
nevada,2005,household,groceries,0.03723964406623026
nevada,2005,household,dishes,0.015668611882746486
nevada,2005,household,gardening,0.02371724571752365
nevada,2010,family_sphere,home,0.006553279257795697
nevada,2010,family_sphere,parents,0.0582388079501015
nevada,2010,family_sphere,children,0.04636347283420528
nevada,2010,family_sphere,family,0.0002577835842328957
nevada,2010,family_sphere,cousins,0.004574838441367746
nevada,2010,family_sphere,marriage,0.01781947904065595
nevada,2010,family_sphere,wedding,0.009700255528846125
nevada,2010,family_sphere,relatives,-0.011955164506690763
nevada,2010,family_sphere,household,0.0036257187630303056
nevada,2010,family_sphere,kitchen,8.636756023761016e-05
nevada,2010,household,cleaning,-0.015688171537463935
nevada,2010,household,laundry,0.01592166631052072
nevada,2010,household,cooking,0.009260304100140004
nevada,2010,household,groceries,-0.00048539731613983506
nevada,2010,household,dishes,0.029241439943607173
nevada,2010,household,gardening,0.02193635269426386
nevada,2015,family_sphere,home,0.001305912783244656
nevada,2015,family_sphere,parents,0.01664681332950413
nevada,2015,family_sphere,children,0.026701319026122716
nevada,2015,family_sphere,family,-0.0089248551278035
nevada,2015,family_sphere,cousins,-0.00605497426405599
nevada,2015,family_sphere,marriage,0.015265138358280694
nevada,2015,family_sphere,wedding,0.02584578161780393
nevada,2015,family_sphere,relatives,0.010639016623148034
nevada,2015,family_sphere,household,0.007911577188453367
nevada,2015,family_sphere,kitchen,-0.003234659405245477
nevada,2015,household,cleaning,-0.0041121019960033145
nevada,2015,household,laundry,-0.0016779094403520656
nevada,2015,household,cooking,-0.01757080189472715
nevada,2015,household,groceries,-0.0060311162915981376
nevada,2015,household,dishes,0.0018671337401774402
nevada,2015,household,gardening,0.01410762826844747
new_hampshire,1995,family_sphere,home,-0.014782009844349742
new_hampshire,1995,family_sphere,parents,-0.009561098735114903
new_hampshire,1995,family_sphere,children,0.042308544894618105
new_hampshire,1995,family_sphere,family,0.03682062657658758
new_hampshire,1995,family_sphere,wedding,0.019525239948329665
new_hampshire,1995,family_sphere,household,0.0015269805791916502
new_hampshire,1995,family_sphere,kitchen,-0.00395342006218502
new_hampshire,1995,household,groceries,-0.031142617712739518
new_hampshire,2000,family_sphere,home,-0.0017746012413253354
new_hampshire,2000,family_sphere,parents,0.021563900062436803
new_hampshire,2000,family_sphere,children,0.07774249192212868
new_hampshire,2000,family_sphere,family,0.06122739245837028
new_hampshire,2000,family_sphere,household,0.022324909428503292
new_hampshire,2000,family_sphere,kitchen,0.00094222134478128
new_hampshire,2005,family_sphere,home,0.0035481847280746104
new_hampshire,2005,family_sphere,parents,0.05372118094271139
new_hampshire,2005,family_sphere,children,0.07307763719087701
new_hampshire,2005,family_sphere,family,0.05908104968764161
new_hampshire,2005,family_sphere,kitchen,0.009449768400142
new_hampshire,2010,family_sphere,home,0.010032702641120661
new_hampshire,2010,family_sphere,parents,0.03597481311758144
new_hampshire,2010,family_sphere,children,0.06689827288543848
new_hampshire,2010,family_sphere,family,0.0831748206887083
new_hampshire,2010,family_sphere,kitchen,0.029233079715539123
new_hampshire,2015,family_sphere,home,0.021862684989281567
new_hampshire,2015,family_sphere,parents,0.006010697479884586
new_hampshire,2015,family_sphere,children,0.07156267809045525
new_hampshire,2015,family_sphere,family,0.06573059196077402
new_hampshire,2015,family_sphere,kitchen,0.01127271785260775
new_jersey,1995,family_sphere,home,0.059129064961912836
new_jersey,1995,family_sphere,parents,0.012842478188105466
new_jersey,1995,family_sphere,children,0.02255853881764669
new_jersey,1995,family_sphere,family,0.03686959873008777
new_jersey,1995,family_sphere,cousins,0.020107170115165718
new_jersey,1995,family_sphere,marriage,0.04652634726597715
new_jersey,1995,family_sphere,wedding,-0.028060697093092224
new_jersey,1995,family_sphere,relatives,0.01819326243368402
new_jersey,1995,family_sphere,household,0.03517781727700009
new_jersey,1995,family_sphere,kitchen,-0.022476847198767302
new_jersey,1995,household,cleaning,0.02119892509595922
new_jersey,1995,household,cooking,-0.026817245182852556
new_jersey,1995,household,groceries,0.01515511070284481
new_jersey,1995,household,dishes,0.022819611982829002
new_jersey,1995,household,gardening,0.02354757355219772
new_jersey,2000,family_sphere,home,0.0469467926158863
new_jersey,2000,family_sphere,parents,0.02694180490586484
new_jersey,2000,family_sphere,children,0.05118518757584967
new_jersey,2000,family_sphere,family,0.0324580837940992
new_jersey,2000,family_sphere,cousins,-0.030745895879460194
new_jersey,2000,family_sphere,marriage,0.027242617945464898
new_jersey,2000,family_sphere,wedding,-0.046642324323288964
new_jersey,2000,family_sphere,relatives,0.015135423439618378
new_jersey,2000,family_sphere,household,0.006018605712711955
new_jersey,2000,family_sphere,kitchen,-0.012154570339176773
new_jersey,2000,household,cleaning,0.016280354417442577
new_jersey,2000,household,cooking,-0.014960706643718069
new_jersey,2000,household,groceries,0.019199603889463734
new_jersey,2000,household,dishes,0.003193227131610188
new_jersey,2000,household,gardening,0.013906561735508749
new_jersey,2005,family_sphere,home,-0.0010783863363781343
new_jersey,2005,family_sphere,parents,0.05270215473127493
new_jersey,2005,family_sphere,children,0.028373251158513635
new_jersey,2005,family_sphere,family,0.010412145074377599
new_jersey,2005,family_sphere,cousins,0.002523761433183336
new_jersey,2005,family_sphere,marriage,0.03129876685020261
new_jersey,2005,family_sphere,wedding,0.04691802013465596
new_jersey,2005,family_sphere,relatives,-0.020452495667789394
new_jersey,2005,family_sphere,household,-0.006981547792156317
new_jersey,2005,family_sphere,kitchen,0.0264559493810822
new_jersey,2005,household,cleaning,0.015809033525130634
new_jersey,2005,household,laundry,0.011988800504153518
new_jersey,2005,household,cooking,0.0003577251670934256
new_jersey,2005,household,groceries,0.0037385629307610246
new_jersey,2005,household,dishes,0.009242888495248014
new_jersey,2005,household,gardening,0.023162345534824658
new_jersey,2010,family_sphere,home,-0.01622672633855382
new_jersey,2010,family_sphere,parents,0.033208448253379985
new_jersey,2010,family_sphere,children,0.044402139141912045
new_jersey,2010,family_sphere,family,0.01852392526339286
new_jersey,2010,family_sphere,cousins,-0.02683195495093249
new_jersey,2010,family_sphere,marriage,0.041697245952918016
new_jersey,2010,family_sphere,wedding,0.01938727343262736
new_jersey,2010,family_sphere,relatives,0.005912262942004642
new_jersey,2010,family_sphere,household,-0.021011878046095167
new_jersey,2010,family_sphere,kitchen,0.004111768910601832
new_jersey,2010,household,cleaning,0.0027396616105563876
new_jersey,2010,household,laundry,0.024111914060382933
new_jersey,2010,household,cooking,0.012785998560093326
new_jersey,2010,household,groceries,-0.003928134967537411
new_jersey,2010,household,dishes,-0.007277694965100334
new_jersey,2010,household,gardening,0.02825729783459563
new_jersey,2015,family_sphere,home,-0.009505583110206994
new_jersey,2015,family_sphere,parents,0.00955933336076531
new_jersey,2015,family_sphere,children,0.046029753758635605
new_jersey,2015,family_sphere,family,-0.0022461283179888714
new_jersey,2015,family_sphere,cousins,-0.04709809503732776
new_jersey,2015,family_sphere,marriage,0.035746591448832965
new_jersey,2015,family_sphere,wedding,0.02453136793595989
new_jersey,2015,family_sphere,relatives,-0.019736223575653966
new_jersey,2015,family_sphere,household,0.026107428253857035
new_jersey,2015,family_sphere,kitchen,0.011894188393674177
new_jersey,2015,household,cleaning,-0.01863372473870606
new_jersey,2015,household,laundry,-0.0014665059020206872
new_jersey,2015,household,cooking,0.00017149990076203991
new_jersey,2015,household,groceries,-0.01344141888821937
new_jersey,2015,household,dishes,0.010000434220910681
new_jersey,2015,household,gardening,0.03383258441919179
new_mexico,2005,family_sphere,home,0.02049071720938811
new_mexico,2005,family_sphere,parents,0.04168908106566693
new_mexico,2005,family_sphere,children,0.09546131950444414
new_mexico,2005,family_sphere,family,0.07706083572543632
new_mexico,2005,family_sphere,cousins,-0.01264894892954016
new_mexico,2005,family_sphere,marriage,0.005495284993230154
new_mexico,2005,family_sphere,relatives,0.06519787922139242
new_mexico,2005,family_sphere,household,0.023081569255742007
new_mexico,2005,family_sphere,kitchen,0.020336283155977797
new_mexico,2005,household,cooking,0.02478124872334786
new_mexico,2005,household,dishes,0.030859668859194667
new_mexico,2010,family_sphere,home,0.0017646605923322678
new_mexico,2010,family_sphere,parents,0.012270215668196305
new_mexico,2010,family_sphere,children,0.03907484110784176
new_mexico,2010,family_sphere,family,0.019393058224793536
new_mexico,2010,family_sphere,cousins,-0.019744490114804947
new_mexico,2010,family_sphere,marriage,0.01860781787347565
new_mexico,2010,family_sphere,wedding,-0.002207712359034719
new_mexico,2010,family_sphere,relatives,-0.013827012148755813
new_mexico,2010,family_sphere,household,-0.0070199341883441235
new_mexico,2010,family_sphere,kitchen,0.00958524405371275
new_mexico,2010,household,cleaning,-0.020179406639991404
new_mexico,2010,household,laundry,0.02913033365658224
new_mexico,2010,household,cooking,0.051916094947832
new_mexico,2010,household,groceries,-0.0025742158778080393
new_mexico,2010,household,dishes,0.033755598875815584
new_mexico,2010,household,gardening,0.01903887566024509
new_mexico,2015,family_sphere,home,-0.032662132347452966
new_mexico,2015,family_sphere,parents,0.03944186904116076
new_mexico,2015,family_sphere,children,0.02134674316543317
new_mexico,2015,family_sphere,family,0.016970425817152912
new_mexico,2015,family_sphere,cousins,-0.0038607331898282693
new_mexico,2015,family_sphere,marriage,0.028849226905684144
new_mexico,2015,family_sphere,wedding,-0.020603419812944113
new_mexico,2015,family_sphere,relatives,-0.007385822294933009
new_mexico,2015,family_sphere,household,0.02277079396418158
new_mexico,2015,family_sphere,kitchen,0.0056352799056624825
new_mexico,2015,household,cleaning,-0.015398077251636222
new_mexico,2015,household,laundry,0.005328259590505979
new_mexico,2015,household,cooking,0.020120625026166405
new_mexico,2015,household,groceries,0.00819093160576534
new_mexico,2015,household,dishes,-0.01874418385175669
new_mexico,2015,household,gardening,-0.013706366209007559
new_york,1995,family_sphere,home,-0.030146980939170565
new_york,1995,family_sphere,parents,0.01763399435377566
new_york,1995,family_sphere,children,0.022133496848806944
new_york,1995,family_sphere,family,-0.036733354083094194
new_york,1995,family_sphere,cousins,-0.03373727667895854
new_york,1995,family_sphere,marriage,0.03931814611863382
new_york,1995,family_sphere,wedding,0.02010167188400913
new_york,1995,family_sphere,relatives,-0.012094509653691188
new_york,1995,family_sphere,household,-0.015961734228249314
new_york,1995,family_sphere,kitchen,-0.019749920157980716
new_york,1995,household,cleaning,-0.017607364600064734
new_york,1995,household,laundry,0.009302171642665558
new_york,1995,household,cooking,-0.0049733871610253555
new_york,1995,household,groceries,-0.017818327180309068
new_york,1995,household,dishes,-0.01817149225887227
new_york,1995,household,gardening,0.003876812416246489
new_york,2000,family_sphere,home,-0.008730028039992122
new_york,2000,family_sphere,parents,0.0285497142140696
new_york,2000,family_sphere,children,0.04405467871357338
new_york,2000,family_sphere,family,-0.022368771098133178
new_york,2000,family_sphere,cousins,-0.0632615388659048
new_york,2000,family_sphere,marriage,0.044439444733883615
new_york,2000,family_sphere,wedding,8.595002322087097e-07
new_york,2000,family_sphere,relatives,-0.004828641954631507
new_york,2000,family_sphere,household,0.03097903865629692
new_york,2000,family_sphere,kitchen,0.021992301637174583
new_york,2000,household,cleaning,0.00012322926620034202
new_york,2000,household,laundry,0.003915062050805496
new_york,2000,household,cooking,0.0005478551063393677
new_york,2000,household,groceries,-0.013038010606103212
new_york,2000,household,dishes,-0.0052536956236637344
new_york,2000,household,gardening,0.01694791259116979
new_york,2005,family_sphere,home,0.0007197151301736593
new_york,2005,family_sphere,parents,0.037909043309594104
new_york,2005,family_sphere,children,0.044727008748419506
new_york,2005,family_sphere,family,-0.0023421871535206362
new_york,2005,family_sphere,cousins,-0.046343956563866584
new_york,2005,family_sphere,marriage,0.07325762128834168
new_york,2005,family_sphere,wedding,0.0250455543885304
new_york,2005,family_sphere,relatives,0.011179659158862543
new_york,2005,family_sphere,household,0.006878301059478842
new_york,2005,family_sphere,kitchen,0.01792468658650681
new_york,2005,household,cleaning,-0.0013130673287702344
new_york,2005,household,laundry,0.010083199852618963
new_york,2005,household,cooking,0.021814073442427473
new_york,2005,household,groceries,-0.022731638536823806
new_york,2005,household,dishes,-0.0042939682456488715
new_york,2005,household,gardening,0.016448320875162903
new_york,2010,family_sphere,home,0.017478902031282884
new_york,2010,family_sphere,parents,0.00955140361750706
new_york,2010,family_sphere,children,0.03275354571364242
new_york,2010,family_sphere,family,-0.008759543838412265
new_york,2010,family_sphere,cousins,-0.00644834013315565
new_york,2010,family_sphere,marriage,0.042570560039098426
new_york,2010,family_sphere,wedding,0.04097700677819838
new_york,2010,family_sphere,relatives,0.004621981225696015
new_york,2010,family_sphere,household,0.008190580346178589
new_york,2010,family_sphere,kitchen,0.007408934679895562
new_york,2010,household,cleaning,-0.014794723069922577
new_york,2010,household,laundry,-0.0070557994351281295
new_york,2010,household,cooking,0.013165587409247781
new_york,2010,household,groceries,-0.015842407470696873
new_york,2010,household,dishes,-0.03616098186418526
new_york,2010,household,gardening,0.018307519930603977
new_york,2015,family_sphere,home,-0.0064911047530995525
new_york,2015,family_sphere,parents,0.00829019824598487
new_york,2015,family_sphere,children,0.039469497988033564
new_york,2015,family_sphere,family,-0.02158294701782526
new_york,2015,family_sphere,cousins,-0.010555929964222388
new_york,2015,family_sphere,marriage,0.03127190692030779
new_york,2015,family_sphere,wedding,0.03476418180568752
new_york,2015,family_sphere,relatives,-0.00991004869503842
new_york,2015,family_sphere,household,0.0022382326284866583
new_york,2015,family_sphere,kitchen,0.003154804271391809
new_york,2015,household,cleaning,-0.008535238931481004
new_york,2015,household,laundry,0.022904042142282588
new_york,2015,household,cooking,0.006640104201330876
new_york,2015,household,groceries,-0.023078437469366886
new_york,2015,household,dishes,-0.00711502204122505
new_york,2015,household,gardening,0.01272292552586185
north_carolina,1995,family_sphere,home,-0.021112907848169105
north_carolina,1995,family_sphere,parents,0.06704231771645808
north_carolina,1995,family_sphere,children,0.03866666212073022
north_carolina,1995,family_sphere,family,-0.005023600878524048
north_carolina,1995,family_sphere,cousins,0.04866943187449013
north_carolina,1995,family_sphere,marriage,0.023096832700314818
north_carolina,1995,family_sphere,wedding,0.03076278739388305
north_carolina,1995,family_sphere,relatives,0.007324731569546938
north_carolina,1995,family_sphere,kitchen,0.03157571423115246
north_carolina,2000,family_sphere,home,-0.034086752721479985
north_carolina,2000,family_sphere,parents,0.039078324641526385
north_carolina,2000,family_sphere,children,0.005188326488728023
north_carolina,2000,family_sphere,family,0.016540512919454464
north_carolina,2000,family_sphere,cousins,0.024948308418014542
north_carolina,2000,family_sphere,marriage,0.025829343717488462
north_carolina,2000,family_sphere,wedding,0.03190989278051948
north_carolina,2000,family_sphere,relatives,-0.019233337032681597
north_carolina,2000,family_sphere,kitchen,0.018622726393180522
north_carolina,2000,household,cleaning,-0.003180446770622236
north_carolina,2000,household,laundry,0.007183314155101428
north_carolina,2000,household,cooking,0.01819761750244031
north_carolina,2000,household,groceries,-0.048180659851094654
north_carolina,2000,household,dishes,-0.01728775347540723
north_carolina,2000,household,gardening,0.013980783369295646
north_carolina,2005,family_sphere,home,-0.005470843477173082
north_carolina,2005,family_sphere,parents,0.03462927127718041
north_carolina,2005,family_sphere,children,0.041150877658510665
north_carolina,2005,family_sphere,family,-0.010300159304399648
north_carolina,2005,family_sphere,cousins,0.015475472227880482
north_carolina,2005,family_sphere,marriage,0.008016464481635288
north_carolina,2005,family_sphere,wedding,0.03012209824080536
north_carolina,2005,family_sphere,relatives,0.007131653046813402
north_carolina,2005,family_sphere,household,-0.00025060592898440426
north_carolina,2005,family_sphere,kitchen,0.01946272274401939
north_carolina,2005,household,cleaning,0.011088282402440974
north_carolina,2005,household,laundry,0.021334078916024124
north_carolina,2005,household,cooking,-0.003932512715498548
north_carolina,2005,household,groceries,-0.033577017899473094
north_carolina,2005,household,dishes,0.022038339034154086
north_carolina,2005,household,gardening,-0.00829919291730108
north_carolina,2010,family_sphere,home,0.001604420231976711
north_carolina,2010,family_sphere,parents,0.030991426726020732
north_carolina,2010,family_sphere,children,0.04096632517279597
north_carolina,2010,family_sphere,family,-0.001918704436797869
north_carolina,2010,family_sphere,cousins,0.018035907683568553
north_carolina,2010,family_sphere,marriage,0.026128211932085255
north_carolina,2010,family_sphere,wedding,0.02173848445456117
north_carolina,2010,family_sphere,relatives,0.0026360892091831234
north_carolina,2010,family_sphere,household,-0.0079621203181941
north_carolina,2010,family_sphere,kitchen,0.01680819070453432
north_carolina,2010,household,cleaning,-0.01820761114584668
north_carolina,2010,household,laundry,0.0012851073650250733
north_carolina,2010,household,cooking,0.0022268907358315992
north_carolina,2010,household,groceries,-0.018553988455856762
north_carolina,2010,household,dishes,0.016354985096998398
north_carolina,2010,household,gardening,-0.001759029288610825
north_carolina,2015,family_sphere,home,0.007824035313322986
north_carolina,2015,family_sphere,parents,0.02512571317901724
north_carolina,2015,family_sphere,children,0.04508274770730347
north_carolina,2015,family_sphere,family,0.012866878084866307
north_carolina,2015,family_sphere,cousins,-0.0055225296490092335
north_carolina,2015,family_sphere,marriage,-0.0019592391854242885
north_carolina,2015,family_sphere,wedding,0.04671035965963999
north_carolina,2015,family_sphere,relatives,0.009298158976684956
north_carolina,2015,family_sphere,household,0.007657884854956443
north_carolina,2015,family_sphere,kitchen,0.017015337556135934
north_carolina,2015,household,cleaning,-0.010073396551494307
north_carolina,2015,household,laundry,0.02091187983701137
north_carolina,2015,household,cooking,-0.0047016158919144235
north_carolina,2015,household,groceries,0.012905070450388356
north_carolina,2015,household,dishes,0.011053835617156782
north_carolina,2015,household,gardening,-0.0016108605341755844
north_dakota,2000,family_sphere,home,-0.0011784582221490147
north_dakota,2000,family_sphere,parents,0.0348429802877791
north_dakota,2000,family_sphere,children,0.05952103947110743
north_dakota,2000,family_sphere,family,-0.026993779213340674
north_dakota,2000,family_sphere,marriage,0.026545001208932772
north_dakota,2000,family_sphere,wedding,-0.004716512265684147
north_dakota,2000,family_sphere,relatives,0.012476129991725426
north_dakota,2000,family_sphere,kitchen,-0.04589026630195914
north_dakota,2005,family_sphere,home,-0.0031373190806192053
north_dakota,2005,family_sphere,parents,-0.012094011319355835
north_dakota,2005,family_sphere,children,0.03504120134553079
north_dakota,2005,family_sphere,family,0.009410948240723416
north_dakota,2005,family_sphere,cousins,-0.018771867408191145
north_dakota,2005,family_sphere,marriage,0.011067493205903278
north_dakota,2005,family_sphere,wedding,0.04401926589067551
north_dakota,2005,family_sphere,relatives,0.011683070970553211
north_dakota,2005,family_sphere,household,-0.01599646608421368
north_dakota,2005,family_sphere,kitchen,0.0332344429632937
north_dakota,2005,household,cleaning,-0.04436795709396302
north_dakota,2005,household,laundry,-0.022241959680379897
north_dakota,2005,household,cooking,0.007845537043567385
north_dakota,2005,household,groceries,0.019558727681339594
north_dakota,2005,household,gardening,0.008438957764782318
north_dakota,2010,family_sphere,home,-0.012294294349569523
north_dakota,2010,family_sphere,parents,0.0019448034680455972
north_dakota,2010,family_sphere,children,0.0229716475868198
north_dakota,2010,family_sphere,family,-0.0031114630332912396
north_dakota,2010,family_sphere,cousins,-0.015742824897592378
north_dakota,2010,family_sphere,marriage,0.026506045905023146
north_dakota,2010,family_sphere,wedding,0.018794028447253974
north_dakota,2010,family_sphere,relatives,0.004930449361202793
north_dakota,2010,family_sphere,household,0.020396603750515552
north_dakota,2010,family_sphere,kitchen,0.0009513913908647531
north_dakota,2010,household,cleaning,-0.00895984757789492
north_dakota,2010,household,laundry,-0.0005415716850354357
north_dakota,2010,household,cooking,-0.008578554544509065
north_dakota,2010,household,groceries,0.010884175352436798
north_dakota,2010,household,dishes,0.021932336802515495
north_dakota,2010,household,gardening,0.010952208630164328
north_dakota,2015,family_sphere,home,0.013655972764196611
north_dakota,2015,family_sphere,parents,-0.003951527762001472
north_dakota,2015,family_sphere,children,0.04401788487859948
north_dakota,2015,family_sphere,family,0.01080310961335873
north_dakota,2015,family_sphere,cousins,-0.020886769775221747
north_dakota,2015,family_sphere,marriage,0.030844992169909102
north_dakota,2015,family_sphere,wedding,0.019253178296014473
north_dakota,2015,family_sphere,relatives,0.020273657417422042
north_dakota,2015,family_sphere,household,0.030926537740027626
north_dakota,2015,family_sphere,kitchen,0.006674362801055267
north_dakota,2015,household,cleaning,-0.0042473078244242846
north_dakota,2015,household,laundry,0.014543874822643743
north_dakota,2015,household,cooking,0.0009303246792713438
north_dakota,2015,household,groceries,0.03927015713286819
north_dakota,2015,household,dishes,0.025576719577065865
north_dakota,2015,household,gardening,0.018948479380711314
ohio,1995,family_sphere,home,0.0174734476563152
ohio,1995,family_sphere,parents,-0.0037707796407957517
ohio,1995,family_sphere,children,0.03749398773261936
ohio,1995,family_sphere,family,0.010717421547646211
ohio,1995,family_sphere,cousins,-0.026206706377471578
ohio,1995,family_sphere,marriage,0.009862862976737663
ohio,1995,family_sphere,wedding,-0.008960004782913256
ohio,1995,family_sphere,relatives,0.005239369653130654
ohio,1995,family_sphere,household,-0.004193112472135829
ohio,1995,family_sphere,kitchen,-0.008081871487765513
ohio,1995,household,cleaning,0.004062339805804394
ohio,1995,household,laundry,0.0001938012267046485
ohio,1995,household,cooking,0.0031924672135519305
ohio,1995,household,groceries,0.022664345897288607
ohio,1995,household,dishes,-0.013410734433851879
ohio,1995,household,gardening,0.035471424446832045
ohio,2000,family_sphere,home,-0.008300955839397162
ohio,2000,family_sphere,parents,0.00787817366471455
ohio,2000,family_sphere,children,0.006151966188866487
ohio,2000,family_sphere,family,-0.013006991198225015
ohio,2000,family_sphere,cousins,-0.0003911606359918718
ohio,2000,family_sphere,marriage,-0.005534470346885034
ohio,2000,family_sphere,wedding,0.0053330740283339395
ohio,2000,family_sphere,relatives,0.022910607503023872
ohio,2000,family_sphere,household,-0.00012014628971313002
ohio,2000,family_sphere,kitchen,0.021142387902213233
ohio,2000,household,cleaning,0.007335313882478101
ohio,2000,household,laundry,-0.015995981206243015
ohio,2000,household,cooking,0.04451857929308989
ohio,2000,household,groceries,-0.0063220639835641634
ohio,2000,household,dishes,0.012812069410172766
ohio,2000,household,gardening,2.532196041793444e-05
ohio,2005,family_sphere,home,-0.024860038465061685
ohio,2005,family_sphere,parents,0.0054842325285081595
ohio,2005,family_sphere,children,0.028318555909242926
ohio,2005,family_sphere,family,-0.004380504924484829
ohio,2005,family_sphere,cousins,-0.0007315021866266536
ohio,2005,family_sphere,marriage,0.019016186122340573
ohio,2005,family_sphere,wedding,0.025542767108550857
ohio,2005,family_sphere,relatives,-0.022422648297005465
ohio,2005,family_sphere,household,-0.008263952264076835
ohio,2005,family_sphere,kitchen,0.025617707820773217
ohio,2005,household,cleaning,-0.014846466860824359
ohio,2005,household,laundry,0.0053647772829399365
ohio,2005,household,cooking,0.024464541541180496
ohio,2005,household,groceries,-0.01092169669113563
ohio,2005,household,dishes,-0.00016230800735694828
ohio,2005,household,gardening,-0.0092867087685089
ohio,2010,family_sphere,home,-0.0054035561333387605
ohio,2010,family_sphere,parents,-0.003389798711026848
ohio,2010,family_sphere,children,0.05110666030817357
ohio,2010,family_sphere,family,0.004377335091598433
ohio,2010,family_sphere,cousins,-0.0038102731220214237
ohio,2010,family_sphere,marriage,0.0193476610847807
ohio,2010,family_sphere,wedding,0.025420487667163205
ohio,2010,family_sphere,relatives,-0.005397361605973261
ohio,2010,family_sphere,household,0.003038750326175288
ohio,2010,family_sphere,kitchen,0.004620103138243126
ohio,2010,household,cleaning,0.003355905004471138
ohio,2010,household,laundry,0.010571131188857219
ohio,2010,household,cooking,0.02479557254384268
ohio,2010,household,groceries,-0.008817477206174651
ohio,2010,household,dishes,0.011188574517959182
ohio,2010,household,gardening,0.008241081485973911
ohio,2015,family_sphere,home,-0.008526384657092212
ohio,2015,family_sphere,parents,0.021981946675786235
ohio,2015,family_sphere,children,0.04486592076310947
ohio,2015,family_sphere,family,0.019895439614917687
ohio,2015,family_sphere,cousins,-0.014620492311944289
ohio,2015,family_sphere,marriage,0.01741413511515566
ohio,2015,family_sphere,wedding,0.02665263853433375
ohio,2015,family_sphere,relatives,0.002623870596255018
ohio,2015,family_sphere,household,0.01596999420870837
ohio,2015,family_sphere,kitchen,0.004111222720117214
ohio,2015,household,cleaning,0.01241900996470613
ohio,2015,household,laundry,0.014336852730352234
ohio,2015,household,cooking,0.021927832045224305
ohio,2015,household,groceries,-0.02806115938177789
ohio,2015,household,dishes,0.02190121197060302
ohio,2015,household,gardening,0.020293173122839292
oklahoma,1995,family_sphere,home,-0.007772592033762793
oklahoma,1995,family_sphere,parents,0.02794012038783611
oklahoma,1995,family_sphere,children,0.08838614146350898
oklahoma,1995,family_sphere,family,0.03811673656041226
oklahoma,1995,family_sphere,cousins,0.0014232728251604154
oklahoma,1995,family_sphere,marriage,0.002632346304549338
oklahoma,1995,family_sphere,wedding,0.03176817487620276
oklahoma,1995,family_sphere,relatives,-0.0004068690063121494
oklahoma,1995,family_sphere,kitchen,0.021163116137481564
oklahoma,1995,household,cooking,0.006995030608049957
oklahoma,1995,household,groceries,0.021013405315961187
oklahoma,2000,family_sphere,home,0.012329336721812023
oklahoma,2000,family_sphere,parents,0.015648288717126757
oklahoma,2000,family_sphere,children,0.05827429445947885
oklahoma,2000,family_sphere,family,0.0027699954297626395
oklahoma,2000,family_sphere,cousins,-0.005421501974040677
oklahoma,2000,family_sphere,marriage,0.03924639252553508
oklahoma,2000,family_sphere,wedding,0.038943161317008146
oklahoma,2000,family_sphere,relatives,-0.01043350873258786
oklahoma,2000,family_sphere,household,0.03905179572486828
oklahoma,2000,family_sphere,kitchen,0.03847705164904436
oklahoma,2000,household,cleaning,-0.0023859475548135833
oklahoma,2000,household,laundry,0.050647535982619285
oklahoma,2000,household,cooking,0.04239107093972039
oklahoma,2000,household,groceries,-0.03489997817279333
oklahoma,2000,household,dishes,0.031804199919472254
oklahoma,2000,household,gardening,0.04418532647166751
oklahoma,2005,family_sphere,home,-0.006594458295239525
oklahoma,2005,family_sphere,parents,0.03170383662194076
oklahoma,2005,family_sphere,children,0.040621197833630496
oklahoma,2005,family_sphere,family,0.012471148468075954
oklahoma,2005,family_sphere,cousins,-0.015593310091747581
oklahoma,2005,family_sphere,marriage,0.047988455054272405
oklahoma,2005,family_sphere,wedding,0.01517587507258178
oklahoma,2005,family_sphere,relatives,0.0258977311643791
oklahoma,2005,family_sphere,household,0.02395403339473612
oklahoma,2005,family_sphere,kitchen,0.01385122575999409
oklahoma,2005,household,cleaning,0.006974472570649315
oklahoma,2005,household,laundry,0.020273244253863898
oklahoma,2005,household,cooking,0.035766808263319794
oklahoma,2005,household,groceries,0.00021618003891032966
oklahoma,2005,household,dishes,0.027478346356110572
oklahoma,2005,household,gardening,0.02022546908738143
oklahoma,2010,family_sphere,home,0.007712110606136635
oklahoma,2010,family_sphere,parents,0.023652807987438962
oklahoma,2010,family_sphere,children,0.0349275304973945
oklahoma,2010,family_sphere,family,0.015968827126827456
oklahoma,2010,family_sphere,cousins,-0.009380215219536914
oklahoma,2010,family_sphere,marriage,0.031615058695196874
oklahoma,2010,family_sphere,wedding,0.044073616114764125
oklahoma,2010,family_sphere,relatives,0.020539698544966734
oklahoma,2010,family_sphere,household,0.0252199961793782
oklahoma,2010,family_sphere,kitchen,0.01861475171296023
oklahoma,2010,household,cleaning,0.02220422095629071
oklahoma,2010,household,laundry,0.033300194058638155
oklahoma,2010,household,cooking,0.009029619998882854
oklahoma,2010,household,groceries,-0.0017615857186217276
oklahoma,2010,household,dishes,0.006447339405246666
oklahoma,2010,household,gardening,0.035362379247580344
oklahoma,2015,family_sphere,home,-0.013197081620453077
oklahoma,2015,family_sphere,parents,0.02265820209459557
oklahoma,2015,family_sphere,children,0.011224027354111432
oklahoma,2015,family_sphere,family,-0.009720844373814153
oklahoma,2015,family_sphere,cousins,-0.014791921048149859
oklahoma,2015,family_sphere,marriage,0.035114227898790595
oklahoma,2015,family_sphere,wedding,0.016579894592143707
oklahoma,2015,family_sphere,relatives,0.0072999272559211015
oklahoma,2015,family_sphere,household,0.01297513450382648
oklahoma,2015,family_sphere,kitchen,-0.023668827988474694
oklahoma,2015,household,cleaning,-0.001952720771460914
oklahoma,2015,household,laundry,0.01272530136924721
oklahoma,2015,household,cooking,0.006822015304918105
oklahoma,2015,household,groceries,-0.02145679290340552
oklahoma,2015,household,dishes,-0.007551749744215686
oklahoma,2015,household,gardening,0.0026218381199987206
oregon,1995,family_sphere,home,0.0015470770079568652
oregon,1995,family_sphere,parents,0.05412703715112521
oregon,1995,family_sphere,children,0.031252526796433755
oregon,1995,family_sphere,family,0.03073743569292553
oregon,1995,family_sphere,cousins,-0.017382216679464935
oregon,1995,family_sphere,marriage,-0.010434739038757024
oregon,1995,family_sphere,wedding,-0.024995133112756918
oregon,1995,family_sphere,relatives,0.00527884603611628
oregon,1995,family_sphere,kitchen,-0.013464441846535613
oregon,1995,household,cooking,-0.016593629134634358
oregon,1995,household,groceries,-0.02439244896478099
oregon,1995,household,dishes,-0.03084453295076539
oregon,1995,household,gardening,-0.021599218809213783
oregon,2000,family_sphere,home,0.020849506291256814
oregon,2000,family_sphere,parents,0.00800031543222024
oregon,2000,family_sphere,children,0.055429309608362565
oregon,2000,family_sphere,family,0.02554405320593245
oregon,2000,family_sphere,cousins,-0.018664783478413383
oregon,2000,family_sphere,marriage,0.011224970258060907
oregon,2000,family_sphere,wedding,-0.012084306581907622
oregon,2000,family_sphere,relatives,0.017952176306976098
oregon,2000,family_sphere,household,0.018028578049218758
oregon,2000,family_sphere,kitchen,0.01566580181209898
oregon,2000,household,cleaning,-0.005445108704838608
oregon,2000,household,laundry,0.008453366071620616
oregon,2000,household,cooking,0.020218089994708643
oregon,2000,household,groceries,-0.016137232227897425
oregon,2000,household,dishes,0.022097539791800735
oregon,2000,household,gardening,0.032894290304799956
oregon,2005,family_sphere,home,-0.0058736323920048905
oregon,2005,family_sphere,parents,0.01973718528431534
oregon,2005,family_sphere,children,0.04808130084688811
oregon,2005,family_sphere,family,0.01588819330218294
oregon,2005,family_sphere,cousins,-0.031227422402008376
oregon,2005,family_sphere,marriage,0.031207859991059128
oregon,2005,family_sphere,wedding,0.007583743860769876
oregon,2005,family_sphere,relatives,0.01102062418127614
oregon,2005,family_sphere,household,0.037312571060779676
oregon,2005,family_sphere,kitchen,0.02796362439430289
oregon,2005,household,cleaning,0.01393653459546984
oregon,2005,household,laundry,0.012760148497307
oregon,2005,household,cooking,0.015006125731462427
oregon,2005,household,groceries,0.022430877026457074
oregon,2005,household,dishes,0.033281760385286185
oregon,2005,household,gardening,0.02523514070679289
oregon,2010,family_sphere,home,0.022497337940934115
oregon,2010,family_sphere,parents,0.03946090598778851
oregon,2010,family_sphere,children,0.06495027475321125
oregon,2010,family_sphere,family,0.04090816378711226
oregon,2010,family_sphere,cousins,-0.006575736999148152
oregon,2010,family_sphere,marriage,0.02856408322734405
oregon,2010,family_sphere,wedding,0.03386667101749352
oregon,2010,family_sphere,relatives,0.01693357244417959
oregon,2010,family_sphere,household,0.04949136804846044
oregon,2010,family_sphere,kitchen,0.035286609382078504
oregon,2010,household,cleaning,0.018517177193368317
oregon,2010,household,laundry,0.03155369373516781
oregon,2010,household,cooking,0.04253246228180063
oregon,2010,household,groceries,0.01100137610726315
oregon,2010,household,dishes,0.047532286185733685
oregon,2010,household,gardening,0.0031047524868683674
oregon,2015,family_sphere,home,0.01628869502246122
oregon,2015,family_sphere,parents,0.024311768575424608
oregon,2015,family_sphere,children,0.06318800670749736
oregon,2015,family_sphere,family,0.02751615049073941
oregon,2015,family_sphere,cousins,0.007767645265695178
oregon,2015,family_sphere,marriage,0.027291127318656683
oregon,2015,family_sphere,wedding,0.03147290238184286
oregon,2015,family_sphere,relatives,-0.00044151262151392867
oregon,2015,family_sphere,household,0.03026029779030459
oregon,2015,family_sphere,kitchen,0.024271773980542366
oregon,2015,household,cleaning,0.014368454064664027
oregon,2015,household,laundry,0.03141264198943294
oregon,2015,household,cooking,0.006576263476122168
oregon,2015,household,groceries,0.022767677526959407
oregon,2015,household,dishes,0.034857756925313566
oregon,2015,household,gardening,-0.011689605241054668
pennsylvania,1995,family_sphere,home,0.03142738735936845
pennsylvania,1995,family_sphere,parents,0.03628295192602782
pennsylvania,1995,family_sphere,children,0.047946592796847654
pennsylvania,1995,family_sphere,family,0.03337079466256854
pennsylvania,1995,family_sphere,cousins,-0.004460794433033599
pennsylvania,1995,family_sphere,marriage,0.04631753330151367
pennsylvania,1995,family_sphere,wedding,0.06521654363104212
pennsylvania,1995,family_sphere,relatives,0.005695140122181197
pennsylvania,1995,family_sphere,household,0.007563563114597827
pennsylvania,1995,family_sphere,kitchen,0.040214783315881686
pennsylvania,1995,household,cleaning,0.04883287489096877
pennsylvania,1995,household,laundry,0.04543772816769709
pennsylvania,1995,household,cooking,0.03510327199054719
pennsylvania,1995,household,groceries,0.007217033463362443
pennsylvania,1995,household,dishes,0.04544424495385069
pennsylvania,1995,household,gardening,0.05112845234801522
pennsylvania,2000,family_sphere,home,-0.0011385227009566012
pennsylvania,2000,family_sphere,parents,-0.005477025818421022
pennsylvania,2000,family_sphere,children,0.027924751636085654
pennsylvania,2000,family_sphere,family,-0.008811975678430617
pennsylvania,2000,family_sphere,cousins,0.007659400022869578
pennsylvania,2000,family_sphere,marriage,0.040352664006670924
pennsylvania,2000,family_sphere,wedding,0.011120727459469903
pennsylvania,2000,family_sphere,relatives,0.014477927044924899
pennsylvania,2000,family_sphere,household,-0.004305043003049902
pennsylvania,2000,family_sphere,kitchen,-0.0008276376895222093
pennsylvania,2000,household,cleaning,0.0068942734706836095
pennsylvania,2000,household,laundry,0.04881639016104866
pennsylvania,2000,household,cooking,0.01876823032695496
pennsylvania,2000,household,groceries,-0.02796943965490928
pennsylvania,2000,household,dishes,0.01729453493534505
pennsylvania,2000,household,gardening,0.023846462243810818
pennsylvania,2005,family_sphere,home,0.002480450247421051
pennsylvania,2005,family_sphere,parents,0.0044814295328671205
pennsylvania,2005,family_sphere,children,0.04395352664476282
pennsylvania,2005,family_sphere,family,-0.005220095139351066
pennsylvania,2005,family_sphere,cousins,-0.0002938507714241867
pennsylvania,2005,family_sphere,marriage,0.0373794443251525
pennsylvania,2005,family_sphere,wedding,0.027595884401980353
pennsylvania,2005,family_sphere,relatives,0.0065330259157200254
pennsylvania,2005,family_sphere,household,-0.002928576606485822
pennsylvania,2005,family_sphere,kitchen,0.021612257424624026
pennsylvania,2005,household,cleaning,0.0007720361665306541
pennsylvania,2005,household,laundry,-0.0026950930420117647
pennsylvania,2005,household,cooking,0.010621647632812703
pennsylvania,2005,household,groceries,-0.018615059363553232
pennsylvania,2005,household,dishes,0.005525853796132019
pennsylvania,2005,household,gardening,0.0118004184191417
pennsylvania,2010,family_sphere,home,-0.008287045994917586
pennsylvania,2010,family_sphere,parents,0.01831770174053393
pennsylvania,2010,family_sphere,children,0.043777277345869225
pennsylvania,2010,family_sphere,family,0.002032161557472545
pennsylvania,2010,family_sphere,cousins,-0.028250539349471415
pennsylvania,2010,family_sphere,marriage,0.03590324128733402
pennsylvania,2010,family_sphere,wedding,0.03825941645026454
pennsylvania,2010,family_sphere,relatives,-0.012833953703671686
pennsylvania,2010,family_sphere,household,-0.0029473366080285945
pennsylvania,2010,family_sphere,kitchen,-0.013434878062975164
pennsylvania,2010,household,cleaning,0.004870724572159979
pennsylvania,2010,household,laundry,-0.022162535833244013
pennsylvania,2010,household,cooking,-0.005622480293091092
pennsylvania,2010,household,groceries,-0.01935256535656249
pennsylvania,2010,household,dishes,0.010912538541104855
pennsylvania,2010,household,gardening,-0.006584031832485682
pennsylvania,2015,family_sphere,home,-0.01323834632749521
pennsylvania,2015,family_sphere,parents,0.017930556252393037
pennsylvania,2015,family_sphere,children,0.036106841762955755
pennsylvania,2015,family_sphere,family,0.01401143172442243
pennsylvania,2015,family_sphere,cousins,-0.01824623023545835
pennsylvania,2015,family_sphere,marriage,0.029863497044783638
pennsylvania,2015,family_sphere,wedding,0.01742773162065281
pennsylvania,2015,family_sphere,relatives,0.010704605121174326
pennsylvania,2015,family_sphere,household,0.004006901095396476
pennsylvania,2015,family_sphere,kitchen,0.027517048746665163
pennsylvania,2015,household,cleaning,0.01036505879966243
pennsylvania,2015,household,laundry,0.01964416891481746
pennsylvania,2015,household,cooking,0.030017917676103734
pennsylvania,2015,household,groceries,-0.004005227095422947
pennsylvania,2015,household,dishes,0.013680983349873443
pennsylvania,2015,household,gardening,-0.0016330899673719923
rhode_island,2000,family_sphere,home,-0.029448563482890155
rhode_island,2000,family_sphere,parents,0.004209824225159142
rhode_island,2000,family_sphere,children,0.08675551494201461
rhode_island,2000,family_sphere,family,0.000538081116271516
rhode_island,2000,family_sphere,cousins,-0.05299792853645979
rhode_island,2000,family_sphere,marriage,-0.02106709370971538
rhode_island,2000,family_sphere,wedding,0.04487324822738148
rhode_island,2000,family_sphere,kitchen,0.008979091692391972
rhode_island,2000,household,cleaning,-0.013218963715055487
rhode_island,2005,family_sphere,home,0.00221048572803062
rhode_island,2005,family_sphere,parents,0.01506952505181347
rhode_island,2005,family_sphere,children,0.03746503683137048
rhode_island,2005,family_sphere,family,0.010832705860280067
rhode_island,2005,family_sphere,cousins,-0.0074867350031205815
rhode_island,2005,family_sphere,marriage,0.05577566775097309
rhode_island,2005,family_sphere,wedding,0.03307289476828945
rhode_island,2005,family_sphere,relatives,-0.01716675685526603
rhode_island,2005,family_sphere,household,-0.034862135776394965
rhode_island,2005,family_sphere,kitchen,-0.021254301629292094
rhode_island,2005,household,cleaning,-0.008912499421101616
rhode_island,2005,household,cooking,0.021190035562856147
rhode_island,2005,household,dishes,0.016057474095384716
rhode_island,2005,household,gardening,-0.006223822168295645
rhode_island,2010,family_sphere,home,-0.009231260229000338
rhode_island,2010,family_sphere,parents,0.01983459982719349
rhode_island,2010,family_sphere,children,0.024264567775235002
rhode_island,2010,family_sphere,family,-0.00428346325582174
rhode_island,2010,family_sphere,cousins,-0.029915563645747545
rhode_island,2010,family_sphere,marriage,0.013566590284978863
rhode_island,2010,family_sphere,wedding,0.013818320778271942
rhode_island,2010,family_sphere,relatives,-0.014048041611052109
rhode_island,2010,family_sphere,household,0.007172789934847046
rhode_island,2010,family_sphere,kitchen,-0.0046887284472962865
rhode_island,2010,household,cleaning,-0.020727403689098645
rhode_island,2010,household,laundry,-0.00344367831275183
rhode_island,2010,household,cooking,-0.041429007974324916
rhode_island,2010,household,groceries,-0.03186124533509738
rhode_island,2010,household,dishes,-0.015556137108458379
rhode_island,2010,household,gardening,-0.013335006274359351
rhode_island,2015,family_sphere,home,-0.008398232655504878
rhode_island,2015,family_sphere,parents,0.022685160079329858
rhode_island,2015,family_sphere,children,0.034638896315353884
rhode_island,2015,family_sphere,family,0.0252294132812807
rhode_island,2015,family_sphere,cousins,0.02015286165453889
rhode_island,2015,family_sphere,marriage,-0.007389204112454251
rhode_island,2015,family_sphere,wedding,0.027154792042425435
rhode_island,2015,family_sphere,relatives,0.020363971864982178
rhode_island,2015,family_sphere,household,0.007556575245501018
rhode_island,2015,family_sphere,kitchen,0.019431579272066957
rhode_island,2015,household,cleaning,0.01797939179446395
rhode_island,2015,household,laundry,0.0020234212293066545
rhode_island,2015,household,cooking,-0.00010440963083246935
rhode_island,2015,household,groceries,-0.008690897260797747
rhode_island,2015,household,dishes,-0.012349525459305788
rhode_island,2015,household,gardening,0.011312192292709522
south_carolina,1995,family_sphere,home,0.07349781801712874
south_carolina,1995,family_sphere,parents,0.01556678002618106
south_carolina,1995,family_sphere,children,0.06025127466449898
south_carolina,1995,family_sphere,family,0.08155951062922817
south_carolina,1995,family_sphere,marriage,0.06564190873148812
south_carolina,1995,family_sphere,wedding,0.06059063594168923
south_carolina,1995,family_sphere,kitchen,0.018656675176192294
south_carolina,2000,family_sphere,home,-0.00803688632762678
south_carolina,2000,family_sphere,parents,0.04040945651831929
south_carolina,2000,family_sphere,children,0.026169475803804243
south_carolina,2000,family_sphere,family,0.024457615318852932
south_carolina,2000,family_sphere,cousins,0.026667090401399918
south_carolina,2000,family_sphere,marriage,0.06887010999347587
south_carolina,2000,family_sphere,wedding,0.05564408015054523
south_carolina,2000,family_sphere,relatives,0.021217988001778765
south_carolina,2000,family_sphere,kitchen,0.01870576643184596
south_carolina,2000,household,gardening,0.011853599843234197
south_carolina,2005,family_sphere,home,-0.0043354620626604445
south_carolina,2005,family_sphere,parents,0.0010533440423765583
south_carolina,2005,family_sphere,children,0.01823589580259688
south_carolina,2005,family_sphere,family,0.019511604578339226
south_carolina,2005,family_sphere,cousins,0.014045863740397957
south_carolina,2005,family_sphere,marriage,0.020114426052355472
south_carolina,2005,family_sphere,wedding,0.002293929797704819
south_carolina,2005,family_sphere,relatives,0.033807947542824235
south_carolina,2005,family_sphere,household,-0.003379757905344394
south_carolina,2005,family_sphere,kitchen,0.013974948476788596
south_carolina,2005,household,cleaning,-0.022169442775835213
south_carolina,2005,household,cooking,-0.012204102987598553
south_carolina,2005,household,groceries,-0.020745649364463326
south_carolina,2005,household,gardening,-0.00612338859632755
south_carolina,2010,family_sphere,home,-0.0035825151854902426
south_carolina,2010,family_sphere,parents,-0.009246193450682894
south_carolina,2010,family_sphere,children,0.019487421405938066
south_carolina,2010,family_sphere,family,0.004321087998015116
south_carolina,2010,family_sphere,cousins,0.02459800247401578
south_carolina,2010,family_sphere,marriage,0.025269290135327083
south_carolina,2010,family_sphere,wedding,0.001984477288193287
south_carolina,2010,family_sphere,relatives,0.014941276223592204
south_carolina,2010,family_sphere,household,0.002323337864644781
south_carolina,2010,family_sphere,kitchen,0.0036202225553052525
south_carolina,2010,household,cleaning,0.015722267053559724
south_carolina,2010,household,laundry,0.02547913591730988
south_carolina,2010,household,cooking,0.0065997852104902055
south_carolina,2010,household,groceries,-0.007716574049684066
south_carolina,2010,household,dishes,0.018649304327352012
south_carolina,2010,household,gardening,0.016732017737181692
south_carolina,2015,family_sphere,home,-0.012609236883911579
south_carolina,2015,family_sphere,parents,0.025955515926762818
south_carolina,2015,family_sphere,children,0.01289599244184092
south_carolina,2015,family_sphere,family,-0.024652316442030253
south_carolina,2015,family_sphere,cousins,-0.014222963706510106
south_carolina,2015,family_sphere,marriage,0.025504063513693165
south_carolina,2015,family_sphere,wedding,-0.0009457224287032773
south_carolina,2015,family_sphere,relatives,-0.027289220987968488
south_carolina,2015,family_sphere,household,0.02250336257656671
south_carolina,2015,family_sphere,kitchen,0.030211244489526723
south_carolina,2015,household,cleaning,0.0050005687358174455
south_carolina,2015,household,laundry,0.012197543449765869
south_carolina,2015,household,cooking,0.016405472618015948
south_carolina,2015,household,groceries,0.019508401231494443
south_carolina,2015,household,dishes,-0.0008393708381935205
south_carolina,2015,household,gardening,0.001677693102024147
south_dakota,2000,family_sphere,home,-0.011920575546440992
south_dakota,2000,family_sphere,parents,0.004979255564374174
south_dakota,2000,family_sphere,children,0.03607902293904319
south_dakota,2000,family_sphere,family,0.025895925477981252
south_dakota,2000,family_sphere,cousins,-0.00577483337497775
south_dakota,2000,family_sphere,marriage,0.0022067018107915226
south_dakota,2000,family_sphere,wedding,-0.014518816719506056
south_dakota,2000,family_sphere,relatives,0.007471040920322025
south_dakota,2000,family_sphere,kitchen,-0.04101648546515002
south_dakota,2000,household,groceries,-0.047235717225213136
south_dakota,2005,family_sphere,home,-0.01488980735920542
south_dakota,2005,family_sphere,parents,0.013964897494307404
south_dakota,2005,family_sphere,children,0.03716853412799159
south_dakota,2005,family_sphere,family,-0.004959805131666606
south_dakota,2005,family_sphere,cousins,0.01935941832982324
south_dakota,2005,family_sphere,marriage,0.07363027445410608
south_dakota,2005,family_sphere,wedding,0.02369004850120604
south_dakota,2005,family_sphere,relatives,-0.008116971549693486
south_dakota,2005,family_sphere,kitchen,-0.013955194493071255
south_dakota,2005,household,cleaning,-0.056138998895504666
south_dakota,2005,household,groceries,-0.003513121049157575
south_dakota,2010,family_sphere,home,0.0203283382378302
south_dakota,2010,family_sphere,parents,0.037597072526606934
south_dakota,2010,family_sphere,children,0.045043794142959004
south_dakota,2010,family_sphere,family,0.013050153197399883
south_dakota,2010,family_sphere,cousins,0.004224267760978395
south_dakota,2010,family_sphere,marriage,0.026159435782035723
south_dakota,2010,family_sphere,wedding,0.026621189596522155
south_dakota,2010,family_sphere,relatives,0.018558636661468175
south_dakota,2010,family_sphere,household,-0.02581913796031854
south_dakota,2010,family_sphere,kitchen,-0.007792292625921959
south_dakota,2010,household,cleaning,-0.020446248515371357
south_dakota,2010,household,laundry,-0.01618387010386413
south_dakota,2010,household,cooking,-0.02728621961940625
south_dakota,2010,household,groceries,-0.002654748793396333
south_dakota,2010,household,dishes,0.004604634543237229
south_dakota,2010,household,gardening,-0.04200995616974168
south_dakota,2015,family_sphere,home,-0.01688920624454049
south_dakota,2015,family_sphere,parents,0.00929963182695892
south_dakota,2015,family_sphere,children,0.021384067150048702
south_dakota,2015,family_sphere,family,-0.014948334045901346
south_dakota,2015,family_sphere,cousins,-0.011570781641613292
south_dakota,2015,family_sphere,marriage,0.0361568083311945
south_dakota,2015,family_sphere,wedding,0.035528714660246985
south_dakota,2015,family_sphere,relatives,0.005476629049609993
south_dakota,2015,family_sphere,household,0.0057946584201823415
south_dakota,2015,family_sphere,kitchen,-7.774311505648335e-05
south_dakota,2015,household,cleaning,-0.0057768107397144774
south_dakota,2015,household,laundry,0.02371541054418791
south_dakota,2015,household,cooking,-0.014412158815750309
south_dakota,2015,household,groceries,0.00784799566438088
south_dakota,2015,household,dishes,0.005672352621237775
south_dakota,2015,household,gardening,0.005673116566896397
tennessee,1995,family_sphere,home,-0.009002520694554206
tennessee,1995,family_sphere,parents,0.053756463314291736
tennessee,1995,family_sphere,children,0.13602390870753078
tennessee,1995,family_sphere,family,0.020614421536872984
tennessee,1995,family_sphere,cousins,-0.06418972661957689
tennessee,1995,family_sphere,marriage,0.0910322210680733
tennessee,1995,family_sphere,wedding,0.022181476198628425
tennessee,1995,family_sphere,relatives,0.08611658568544034
tennessee,1995,family_sphere,kitchen,0.022210599535825493
tennessee,1995,household,groceries,-0.05264478513804627
tennessee,1995,household,dishes,-0.07639556542552761
tennessee,2000,family_sphere,home,-0.013964389010552969
tennessee,2000,family_sphere,parents,0.01981623064909155
tennessee,2000,family_sphere,children,0.010577138895086935
tennessee,2000,family_sphere,family,0.008659697207510697
tennessee,2000,family_sphere,cousins,-0.016894822256552144
tennessee,2000,family_sphere,marriage,0.02264465134494542
tennessee,2000,family_sphere,wedding,-0.00572327361181979
tennessee,2000,family_sphere,relatives,0.0015000320843369108
tennessee,2000,family_sphere,household,0.018099668257469892
tennessee,2000,family_sphere,kitchen,-0.004871303470710298
tennessee,2000,household,cleaning,0.004335305415979596
tennessee,2000,household,cooking,-0.019146796657963816
tennessee,2000,household,groceries,-0.050729905399948816
tennessee,2000,household,dishes,-0.02701989761943302
tennessee,2005,family_sphere,home,0.0025107802645212285
tennessee,2005,family_sphere,parents,0.027033546307639544
tennessee,2005,family_sphere,children,0.026090999625059785
tennessee,2005,family_sphere,family,0.009901114061064864
tennessee,2005,family_sphere,cousins,-0.031111707488202134
tennessee,2005,family_sphere,marriage,0.007406862649952939
tennessee,2005,family_sphere,wedding,0.00644350039658137
tennessee,2005,family_sphere,relatives,0.01641238962250724
tennessee,2005,family_sphere,household,0.02443362164929974
tennessee,2005,family_sphere,kitchen,0.005534993474830552
tennessee,2005,household,cleaning,-0.00014497716304084918
tennessee,2005,household,laundry,0.033432802681148566
tennessee,2005,household,cooking,0.01414290679780561
tennessee,2005,household,groceries,-0.02226799073479968
tennessee,2005,household,dishes,-0.0006169060861143105
tennessee,2005,household,gardening,0.019036041957048777
tennessee,2010,family_sphere,home,-0.0045074303938742455
tennessee,2010,family_sphere,parents,0.03022016860372745
tennessee,2010,family_sphere,children,0.06013009993156582
tennessee,2010,family_sphere,family,0.007342749223041012
tennessee,2010,family_sphere,cousins,-0.009798379462274354
tennessee,2010,family_sphere,marriage,0.01882901086977129
tennessee,2010,family_sphere,wedding,0.022834434809385185
tennessee,2010,family_sphere,relatives,-0.003889278708490984
tennessee,2010,family_sphere,household,0.0024380753812669465
tennessee,2010,family_sphere,kitchen,0.012015245520904494
tennessee,2010,household,cleaning,0.018983464034597608
tennessee,2010,household,laundry,0.025092132893238528
tennessee,2010,household,cooking,0.012251601696755543
tennessee,2010,household,groceries,-0.01337669692061949
tennessee,2010,household,dishes,0.006759221046098718
tennessee,2010,household,gardening,0.004366691399730671
tennessee,2015,family_sphere,home,-0.0005453105486710186
tennessee,2015,family_sphere,parents,0.02951417792521216
tennessee,2015,family_sphere,children,0.04383115208598831
tennessee,2015,family_sphere,family,0.0036244169731038944
tennessee,2015,family_sphere,cousins,-0.024753866208206077
tennessee,2015,family_sphere,marriage,0.001661635342149692
tennessee,2015,family_sphere,wedding,0.0158144792673911
tennessee,2015,family_sphere,relatives,-0.013025480107668796
tennessee,2015,family_sphere,household,0.0204295407451085
tennessee,2015,family_sphere,kitchen,0.03863117319455611
tennessee,2015,household,cleaning,0.014780617405109497
tennessee,2015,household,laundry,0.023134217686068714
tennessee,2015,household,cooking,0.011972932884888543
tennessee,2015,household,groceries,-0.02067144696867962
tennessee,2015,household,dishes,0.00537424428783817
tennessee,2015,household,gardening,0.007875676337892212
texas,2000,family_sphere,home,-0.04178056639420291
texas,2000,family_sphere,parents,-0.01283339404956696
texas,2000,family_sphere,children,0.007082349114155173
texas,2000,family_sphere,family,0.01367754972815638
texas,2000,family_sphere,cousins,0.029662889442419238
texas,2000,family_sphere,marriage,0.029243672037147506
texas,2000,family_sphere,wedding,0.0249332796244478
texas,2000,family_sphere,relatives,0.0039036028690238034
texas,2000,family_sphere,household,0.018312934129050662
texas,2000,family_sphere,kitchen,-0.025970635836514044
texas,2000,household,cleaning,0.003332059277542543
texas,2000,household,laundry,0.02405094264475316
texas,2000,household,cooking,-0.006593807330751655
texas,2000,household,groceries,-0.022090808508227866
texas,2000,household,dishes,-0.01925141763401872
texas,2005,family_sphere,home,0.004441039026777949
texas,2005,family_sphere,parents,0.022946029352323816
texas,2005,family_sphere,children,0.042491995813913275
texas,2005,family_sphere,family,0.013469166823719347
texas,2005,family_sphere,cousins,0.01753842384458726
texas,2005,family_sphere,marriage,0.02045160462831397
texas,2005,family_sphere,wedding,0.014728120029886771
texas,2005,family_sphere,relatives,-0.008858369422365286
texas,2005,family_sphere,household,0.03212537830014317
texas,2005,family_sphere,kitchen,0.0028169706498555325
texas,2005,household,cleaning,-0.0010491926287798936
texas,2005,household,laundry,0.008218457922507305
texas,2005,household,cooking,-0.005751915301237087
texas,2005,household,groceries,-0.00888137930035482
texas,2005,household,dishes,0.010175169036400034
texas,2005,household,gardening,-0.0033198872297082183
texas,2010,family_sphere,home,0.017020454687259767
texas,2010,family_sphere,parents,-0.007139575802779796
texas,2010,family_sphere,children,0.02100703293965267
texas,2010,family_sphere,family,-0.005888548743424704
texas,2010,family_sphere,cousins,-0.027478730911164928
texas,2010,family_sphere,marriage,-0.013228320381329484
texas,2010,family_sphere,wedding,0.02850956830907192
texas,2010,family_sphere,relatives,0.004882615561189629
texas,2010,family_sphere,household,0.013512237488443324
texas,2010,family_sphere,kitchen,-0.008672975070529776
texas,2010,household,cleaning,0.016359184699863638
texas,2010,household,laundry,0.03423475396223563
texas,2010,household,cooking,-0.012252931554338486
texas,2010,household,groceries,-0.03515574255529064
texas,2010,household,dishes,-0.0038748976304827654
texas,2010,household,gardening,-0.01935487923888668
texas,2015,family_sphere,home,0.0025341550352654396
texas,2015,family_sphere,parents,-0.00022542023685723223
texas,2015,family_sphere,children,0.006275153166871661
texas,2015,family_sphere,family,0.0021635171590842495
texas,2015,family_sphere,cousins,-0.021912700694211695
texas,2015,family_sphere,marriage,0.015601535999241967
texas,2015,family_sphere,wedding,0.02472538404515534
texas,2015,family_sphere,relatives,-0.005316181462464931
texas,2015,family_sphere,household,0.014903658891087801
texas,2015,family_sphere,kitchen,0.03423660947881113
texas,2015,household,cleaning,-0.010160245288677539
texas,2015,household,laundry,0.04178807043722799
texas,2015,household,cooking,0.009259532420730299
texas,2015,household,groceries,-0.025039271474566194
texas,2015,household,dishes,0.0024327757026028074
texas,2015,household,gardening,-0.0035376674628304627
utah,1995,family_sphere,home,0.02893315926552964
utah,1995,family_sphere,parents,0.03511010113137136
utah,1995,family_sphere,children,0.041068081915271115
utah,1995,family_sphere,family,0.044858081651954484
utah,1995,family_sphere,marriage,0.020120727005297656
utah,1995,family_sphere,wedding,0.03088164188817566
utah,1995,family_sphere,relatives,-0.023269918605662965
utah,1995,family_sphere,household,0.027019752754438464
utah,1995,family_sphere,kitchen,-0.000788842618812069
utah,1995,household,cleaning,0.024708289907736658
utah,1995,household,groceries,-0.021053766500648385
utah,2000,family_sphere,home,-0.010424274099735897
utah,2000,family_sphere,parents,0.02974805565278893
utah,2000,family_sphere,children,0.028189267638774607
utah,2000,family_sphere,family,0.016611355385114268
utah,2000,family_sphere,cousins,-0.02858960995499027
utah,2000,family_sphere,marriage,0.010837800330381842
utah,2000,family_sphere,wedding,0.02483580508735983
utah,2000,family_sphere,relatives,0.027317630322368225
utah,2000,family_sphere,household,0.02572463752030496
utah,2000,family_sphere,kitchen,0.022571475167399102
utah,2000,household,cleaning,-0.025124606116003534
utah,2000,household,cooking,0.01831120376322426
utah,2000,household,groceries,0.004809630280151134
utah,2000,household,dishes,-0.006714745484667217
utah,2005,family_sphere,home,0.004832610004808502
utah,2005,family_sphere,parents,0.03043252091228732
utah,2005,family_sphere,children,0.03387565262758141
utah,2005,family_sphere,family,-0.0023941537773111143
utah,2005,family_sphere,cousins,0.006002466100261561
utah,2005,family_sphere,marriage,0.03459901900576745
utah,2005,family_sphere,wedding,0.010169734776947048
utah,2005,family_sphere,relatives,0.008139342375617087
utah,2005,family_sphere,household,0.007679670356715573
utah,2005,family_sphere,kitchen,0.013286822208978921
utah,2005,household,cleaning,0.017709810845396468
utah,2005,household,laundry,0.020979524613252365
utah,2005,household,cooking,0.0326605392006688
utah,2005,household,groceries,0.006597834350581477
utah,2005,household,dishes,0.03295881726819383
utah,2005,household,gardening,0.019666934305942352
utah,2010,family_sphere,home,0.0030744781814121547
utah,2010,family_sphere,parents,0.018248211447128182
utah,2010,family_sphere,children,0.03935059047861511
utah,2010,family_sphere,family,0.02246626950701569
utah,2010,family_sphere,cousins,-0.01564543778411942
utah,2010,family_sphere,marriage,0.007101308799179029
utah,2010,family_sphere,wedding,0.0193825119816341
utah,2010,family_sphere,relatives,-0.02522762912031362
utah,2010,family_sphere,household,-0.005330186049976149
utah,2010,family_sphere,kitchen,0.013508769803173282
utah,2010,household,cleaning,-0.012442501818543894
utah,2010,household,laundry,0.004394006941279782
utah,2010,household,cooking,0.008232836656172582
utah,2010,household,groceries,-0.0072816119709562255
utah,2010,household,dishes,0.00035100788090935975
utah,2010,household,gardening,-0.011885639227661171
utah,2015,family_sphere,home,0.01246567571949686
utah,2015,family_sphere,parents,0.014292030098201569
utah,2015,family_sphere,children,0.03224177238180603
utah,2015,family_sphere,family,0.023540249327237195
utah,2015,family_sphere,cousins,-0.021180995522897206
utah,2015,family_sphere,marriage,0.0338798590993491
utah,2015,family_sphere,wedding,-0.003242476699966801
utah,2015,family_sphere,relatives,-0.025235561431703024
utah,2015,family_sphere,household,0.019014361236653343
utah,2015,family_sphere,kitchen,-0.007598142668213681
utah,2015,household,cleaning,-0.0025326778836129993
utah,2015,household,laundry,-0.0058065278475949444
utah,2015,household,cooking,0.0006376030926580345
utah,2015,household,groceries,0.006494536219556091
utah,2015,household,dishes,0.005553922076715678
utah,2015,household,gardening,0.012109306088621041
vermont,2000,family_sphere,home,-0.026396438775008968
vermont,2000,family_sphere,parents,-0.013233725810909758
vermont,2000,family_sphere,children,0.024728190930977778
vermont,2000,family_sphere,family,0.007075420425608492
vermont,2000,family_sphere,cousins,-0.0031505672914745597
vermont,2000,family_sphere,marriage,-0.021431688000125515
vermont,2000,family_sphere,wedding,0.00967422271164109
vermont,2000,family_sphere,relatives,-0.010149084204645553
vermont,2000,family_sphere,household,-0.011871964083232878
vermont,2000,family_sphere,kitchen,-0.01110917515580212
vermont,2000,household,cleaning,-0.04121699125774392
vermont,2000,household,cooking,-0.02381657251062408
vermont,2000,household,groceries,-0.04646507141043965
vermont,2000,household,dishes,-0.018719284508229794
vermont,2000,household,gardening,-0.01494864735611301
vermont,2005,family_sphere,home,-0.0021470265121616983
vermont,2005,family_sphere,parents,0.0113513184123466
vermont,2005,family_sphere,children,0.0419809136183138
vermont,2005,family_sphere,family,0.01427838975091933
vermont,2005,family_sphere,cousins,-0.006522213467656801
vermont,2005,family_sphere,marriage,0.05073671718049766
vermont,2005,family_sphere,wedding,-0.012994782467561472
vermont,2005,family_sphere,relatives,0.007452028698063273
vermont,2005,family_sphere,household,-0.005408964829593521
vermont,2005,family_sphere,kitchen,0.008174195484313085
vermont,2005,household,cleaning,-0.022332358006717623
vermont,2005,household,cooking,0.015849782294135917
vermont,2005,household,groceries,-0.016257680822717502
vermont,2005,household,dishes,0.023971468227552917
vermont,2005,household,gardening,0.002836882074978231
vermont,2010,family_sphere,home,0.007129783304806847
vermont,2010,family_sphere,parents,0.016613925356646186
vermont,2010,family_sphere,children,0.03629815530195013
vermont,2010,family_sphere,family,0.01758386127699807
vermont,2010,family_sphere,cousins,-0.02334487192320578
vermont,2010,family_sphere,marriage,0.027637367862052953
vermont,2010,family_sphere,wedding,0.012700207742329717
vermont,2010,family_sphere,relatives,0.009972151755758385
vermont,2010,family_sphere,household,0.03335418825151604
vermont,2010,family_sphere,kitchen,-0.01056965009323263
vermont,2010,household,cleaning,-0.002002477289270388
vermont,2010,household,laundry,0.013898769905309027
vermont,2010,household,cooking,0.0018914312232656272
vermont,2010,household,groceries,-0.019617588830304178
vermont,2010,household,dishes,0.021982317855290034
vermont,2010,household,gardening,0.02415233612055423
vermont,2015,family_sphere,home,0.009207439568789666
vermont,2015,family_sphere,parents,0.02129750088868687
vermont,2015,family_sphere,children,0.05479873825592185
vermont,2015,family_sphere,family,0.0414589276850148
vermont,2015,family_sphere,cousins,-0.019390556351345567
vermont,2015,family_sphere,marriage,0.05111070336796375
vermont,2015,family_sphere,wedding,0.009188342209908051
vermont,2015,family_sphere,relatives,-0.006260431352727358
vermont,2015,family_sphere,household,0.05285886884147639
vermont,2015,family_sphere,kitchen,-0.0037118981110277893
vermont,2015,household,cleaning,-0.0046330415554964866
vermont,2015,household,laundry,-0.017196113888977127
vermont,2015,household,cooking,0.015156559126988212
vermont,2015,household,groceries,0.009220957435527644
vermont,2015,household,dishes,0.011375872562191858
vermont,2015,household,gardening,0.01287647140019721
virginia,1995,family_sphere,home,-0.018825916996936476
virginia,1995,family_sphere,parents,0.02929790922185571
virginia,1995,family_sphere,children,0.035813944043130874
virginia,1995,family_sphere,family,0.0009907958822213958
virginia,1995,family_sphere,cousins,-0.014633063977299687
virginia,1995,family_sphere,marriage,0.010068509339328235
virginia,1995,family_sphere,wedding,0.011099974693538517
virginia,1995,family_sphere,relatives,-0.009579559654780634
virginia,1995,family_sphere,kitchen,-0.011566866384693841
virginia,1995,household,groceries,-0.05511687381893837
virginia,2000,family_sphere,home,-0.04336604164606528
virginia,2000,family_sphere,parents,0.0005974728236761706
virginia,2000,family_sphere,children,-0.010200725062854188
virginia,2000,family_sphere,family,-0.0012711233099680364
virginia,2000,family_sphere,cousins,0.02529426552873626
virginia,2000,family_sphere,marriage,-0.01482376980106992
virginia,2000,family_sphere,wedding,0.009890900773977362
virginia,2000,family_sphere,relatives,-0.006407646213007712
virginia,2000,family_sphere,household,0.0056224270119801245
virginia,2000,family_sphere,kitchen,-0.018781476929639718
virginia,2000,household,cleaning,-0.024318289909724844
virginia,2000,household,laundry,-0.014891326765767987
virginia,2000,household,cooking,-0.03573625775220779
virginia,2000,household,groceries,-0.04017698678660797
virginia,2000,household,dishes,-0.061902673424807486
virginia,2005,family_sphere,home,-0.03198023461442956
virginia,2005,family_sphere,parents,0.005017933676522035
virginia,2005,family_sphere,children,0.025424671754098682
virginia,2005,family_sphere,family,-0.009923819952086577
virginia,2005,family_sphere,cousins,-0.01034425611024059
virginia,2005,family_sphere,marriage,0.0055023551566322215
virginia,2005,family_sphere,wedding,0.032700051356805315
virginia,2005,family_sphere,relatives,-0.005639764734001185
virginia,2005,family_sphere,household,0.027108470610122337
virginia,2005,family_sphere,kitchen,0.02785477646202872
virginia,2005,household,cleaning,-0.005617683968036191
virginia,2005,household,laundry,0.004587405666198752
virginia,2005,household,cooking,0.017705282529768107
virginia,2005,household,groceries,-0.0006549447995356505
virginia,2005,household,dishes,-0.016641326467182194
virginia,2005,household,gardening,0.005706748560006636
virginia,2010,family_sphere,home,-0.020381284624715
virginia,2010,family_sphere,parents,0.003524619939928697
virginia,2010,family_sphere,children,0.03622723905043268
virginia,2010,family_sphere,family,-0.009896254500849633
virginia,2010,family_sphere,cousins,-0.031661203623297496
virginia,2010,family_sphere,marriage,-0.0008190276835184918
virginia,2010,family_sphere,wedding,0.019929754757637586
virginia,2010,family_sphere,relatives,-0.012585124808401127
virginia,2010,family_sphere,household,-0.0016371997239401637
virginia,2010,family_sphere,kitchen,0.0025233151985606384
virginia,2010,household,cleaning,-0.017267122587308004
virginia,2010,household,laundry,0.0031227455630813417
virginia,2010,household,cooking,-0.01609794739755621
virginia,2010,household,groceries,-0.007330141820258151
virginia,2010,household,dishes,-0.033095759808990044
virginia,2010,household,gardening,-0.008141427754378983
virginia,2015,family_sphere,home,-0.01222382606661776
virginia,2015,family_sphere,parents,-0.01203873394244459
virginia,2015,family_sphere,children,0.020342266837816037
virginia,2015,family_sphere,family,-0.023923299612407578
virginia,2015,family_sphere,cousins,-0.038918808336492194
virginia,2015,family_sphere,marriage,0.030474976665250786
virginia,2015,family_sphere,wedding,0.012192183326156347
virginia,2015,family_sphere,relatives,-0.025187699847464606
virginia,2015,family_sphere,household,0.007104656694244316
virginia,2015,family_sphere,kitchen,-0.01250580656754563
virginia,2015,household,cleaning,-0.022696140166208245
virginia,2015,household,laundry,-0.010118680077137565
virginia,2015,household,cooking,0.029620422805608282
virginia,2015,household,groceries,-0.026792689055828878
virginia,2015,household,dishes,-0.015867272926555875
virginia,2015,household,gardening,0.025130603585243882
washington,1995,family_sphere,home,-0.027468337729234626
washington,1995,family_sphere,parents,0.018468898380952226
washington,1995,family_sphere,children,0.018469750568352428
washington,1995,family_sphere,family,-0.022034686177562324
washington,1995,family_sphere,cousins,-0.009219381675742655
washington,1995,family_sphere,marriage,0.021675764757997262
washington,1995,family_sphere,wedding,0.027011547422973736
washington,1995,family_sphere,relatives,-0.019409441749174028
washington,1995,family_sphere,kitchen,-0.04203153981925667
washington,1995,household,cleaning,-0.015825695889209235
washington,1995,household,cooking,-0.057378300199592
washington,1995,household,groceries,-0.0749997941325895
washington,1995,household,dishes,-0.015842855616647333
washington,1995,household,gardening,-0.05311080094459264
washington,2000,family_sphere,home,-0.00802632405736925
washington,2000,family_sphere,parents,-0.006814033658788743
washington,2000,family_sphere,children,-0.002001490586420851
washington,2000,family_sphere,family,-0.0048001247748418185
washington,2000,family_sphere,cousins,0.0037543733344946872
washington,2000,family_sphere,marriage,0.03115382287367452
washington,2000,family_sphere,wedding,0.025099268273737207
washington,2000,family_sphere,relatives,-0.010354370500552879
washington,2000,family_sphere,household,0.013392904915505821
washington,2000,family_sphere,kitchen,-0.007262608680446814
washington,2000,household,cleaning,-0.030233515840095482
washington,2000,household,laundry,-0.029325446098928287
washington,2000,household,cooking,0.016743311611898126
washington,2000,household,groceries,-0.007786262337029837
washington,2000,household,dishes,0.002699992461125178
washington,2000,household,gardening,-0.001205436251872638
washington,2005,family_sphere,home,-0.011998931272489854
washington,2005,family_sphere,parents,0.024073820896423404
washington,2005,family_sphere,children,0.03356268237712534
washington,2005,family_sphere,family,0.0020040590266068303
washington,2005,family_sphere,cousins,-0.013881673879398648
washington,2005,family_sphere,marriage,0.009332323570207302
washington,2005,family_sphere,wedding,0.019364955559791452
washington,2005,family_sphere,relatives,0.009439208017392509
washington,2005,family_sphere,household,0.016762984882998322
washington,2005,family_sphere,kitchen,-0.0011117124261263989
washington,2005,household,cleaning,-0.022723679797498342
washington,2005,household,laundry,-0.002982224576101089
washington,2005,household,cooking,0.026056691030210244
washington,2005,household,groceries,0.0017882810828309115
washington,2005,household,dishes,0.03443278081730372
washington,2005,household,gardening,0.013466057027980316
washington,2010,family_sphere,home,0.0028469561269859334
washington,2010,family_sphere,parents,0.011066669542131313
washington,2010,family_sphere,children,0.0318901417067734
washington,2010,family_sphere,family,-0.019773403294773395
washington,2010,family_sphere,cousins,-0.016184839285202424
washington,2010,family_sphere,marriage,0.022543029519865643
washington,2010,family_sphere,wedding,-0.0030700982979217084
washington,2010,family_sphere,relatives,-0.027406665206745506
washington,2010,family_sphere,household,0.0001671693272493613
washington,2010,family_sphere,kitchen,-0.005417091692623499
washington,2010,household,cleaning,0.0020633985770808216
washington,2010,household,laundry,-0.027565328080285
washington,2010,household,cooking,0.004837578365917805
washington,2010,household,groceries,-0.006091005995725762
washington,2010,household,dishes,0.034644360615367686
washington,2010,household,gardening,0.003025047918975954
washington,2015,family_sphere,home,-0.018127938748920935
washington,2015,family_sphere,parents,0.02901658609282698
washington,2015,family_sphere,children,0.04139173867526458
washington,2015,family_sphere,family,0.020879615268616147
washington,2015,family_sphere,cousins,0.00338908326875631
washington,2015,family_sphere,marriage,0.016014394156615763
washington,2015,family_sphere,wedding,0.011294121382357636
washington,2015,family_sphere,relatives,0.003227090624572604
washington,2015,family_sphere,household,0.014158797190756855
washington,2015,family_sphere,kitchen,-0.018603121479663587
washington,2015,household,cleaning,-0.012682335285512325
washington,2015,household,laundry,-0.011564221899924787
washington,2015,household,cooking,-0.022022478306850335
washington,2015,household,groceries,-0.0004570959873140268
washington,2015,household,dishes,-0.003046325049878673
washington,2015,household,gardening,0.015873512335713214
west_virginia,2000,family_sphere,home,0.03653405313642655
west_virginia,2000,family_sphere,parents,0.035157509461225644
west_virginia,2000,family_sphere,children,0.06508844774022282
west_virginia,2000,family_sphere,family,0.07177845606129685
west_virginia,2000,family_sphere,cousins,0.04986773802119615
west_virginia,2000,family_sphere,marriage,0.022255749876837205
west_virginia,2000,family_sphere,wedding,0.0227445259527439
west_virginia,2000,family_sphere,kitchen,0.018290383262493437
west_virginia,2005,family_sphere,home,0.009688302987042041
west_virginia,2005,family_sphere,parents,0.007100153018955502
west_virginia,2005,family_sphere,children,0.04054211345556058
west_virginia,2005,family_sphere,family,-0.0034835658930214564
west_virginia,2005,family_sphere,cousins,-0.02603361535997417
west_virginia,2005,family_sphere,marriage,0.01009443157856249
west_virginia,2005,family_sphere,wedding,0.014040429846846059
west_virginia,2005,family_sphere,relatives,0.0032346015697412023
west_virginia,2005,family_sphere,household,-0.0007720823108562369
west_virginia,2005,family_sphere,kitchen,0.015885553046749545
west_virginia,2005,household,cleaning,-0.018248609693651163
west_virginia,2005,household,cooking,-0.017720082633620793
west_virginia,2005,household,groceries,-0.03621954907158409
west_virginia,2010,family_sphere,home,-0.011246273860527678
west_virginia,2010,family_sphere,parents,0.027864921158965883
west_virginia,2010,family_sphere,children,0.029118915195987083
west_virginia,2010,family_sphere,family,-0.0008435407617178869
west_virginia,2010,family_sphere,cousins,-0.01813092628778168
west_virginia,2010,family_sphere,marriage,0.0160415470471994
west_virginia,2010,family_sphere,wedding,0.03157439196094791
west_virginia,2010,family_sphere,relatives,0.0029376339273879948
west_virginia,2010,family_sphere,household,-0.036649117215502014
west_virginia,2010,family_sphere,kitchen,0.008275925185988298
west_virginia,2010,household,cleaning,-0.0003974645957012246
west_virginia,2010,household,laundry,0.005437485354321314
west_virginia,2010,household,cooking,-0.009187826119834819
west_virginia,2010,household,groceries,-0.011232964838507775
west_virginia,2010,household,dishes,0.00935744844942743
west_virginia,2010,household,gardening,0.006885257793830757
west_virginia,2015,family_sphere,home,-0.01611038702685441
west_virginia,2015,family_sphere,parents,0.006369892968512869
west_virginia,2015,family_sphere,children,0.027737365530289937
west_virginia,2015,family_sphere,family,-0.010689599133354877
west_virginia,2015,family_sphere,cousins,-0.00944659726591901
west_virginia,2015,family_sphere,marriage,0.03412777830520186
west_virginia,2015,family_sphere,wedding,0.040320728920552495
west_virginia,2015,family_sphere,relatives,0.005609221489193628
west_virginia,2015,family_sphere,household,-0.02609789665872808
west_virginia,2015,family_sphere,kitchen,-0.022574870597473096
west_virginia,2015,household,cleaning,-0.013683892247087215
west_virginia,2015,household,laundry,0.001708804550810683
west_virginia,2015,household,cooking,0.0018251219854561462
west_virginia,2015,household,groceries,-0.01716083245805855
west_virginia,2015,household,dishes,0.006471837539833825
west_virginia,2015,household,gardening,-0.0004363413787437098
wisconsin,1995,family_sphere,home,-0.021847857143401983
wisconsin,1995,family_sphere,parents,0.02492701027377442
wisconsin,1995,family_sphere,children,0.00173571499671199
wisconsin,1995,family_sphere,family,-0.016064313263523755
wisconsin,1995,family_sphere,cousins,0.06888245557914241
wisconsin,1995,family_sphere,marriage,-0.026954908535479327
wisconsin,1995,family_sphere,wedding,-0.029332474216644755
wisconsin,1995,family_sphere,relatives,0.02640768868635568
wisconsin,2000,family_sphere,home,-0.046667790228534956
wisconsin,2000,family_sphere,parents,0.0018621738678109567
wisconsin,2000,family_sphere,children,0.005235229335497249
wisconsin,2000,family_sphere,family,-0.020650294808533642
wisconsin,2000,family_sphere,cousins,0.009374011921311709
wisconsin,2000,family_sphere,marriage,-0.012406121977730056
wisconsin,2000,family_sphere,wedding,0.01666362891856432
wisconsin,2000,family_sphere,relatives,0.012493635687683358
wisconsin,2000,family_sphere,household,-0.012219180323724266
wisconsin,2000,family_sphere,kitchen,0.0035762107935829457
wisconsin,2000,household,cleaning,-0.050993736139839596
wisconsin,2000,household,laundry,-0.03240196744130597
wisconsin,2000,household,cooking,-0.024006998059576623
wisconsin,2000,household,groceries,-0.039942981802002175
wisconsin,2000,household,dishes,-0.0296932374548875
wisconsin,2000,household,gardening,0.0038489379495527665
wisconsin,2005,family_sphere,home,-0.028072569493609922
wisconsin,2005,family_sphere,parents,-0.008640215653337058
wisconsin,2005,family_sphere,children,0.013361022728446637
wisconsin,2005,family_sphere,family,-0.009768787900609088
wisconsin,2005,family_sphere,cousins,-0.0032595508150152774
wisconsin,2005,family_sphere,marriage,0.015346826741969632
wisconsin,2005,family_sphere,wedding,0.012681273880661537
wisconsin,2005,family_sphere,relatives,0.012606912472175269
wisconsin,2005,family_sphere,household,-0.015393675104992122
wisconsin,2005,family_sphere,kitchen,-0.008853049319435868
wisconsin,2005,household,cleaning,-0.0033004600508852455
wisconsin,2005,household,laundry,-0.027188318543746814
wisconsin,2005,household,cooking,-0.014018388128549941
wisconsin,2005,household,groceries,-0.018091750333589562
wisconsin,2005,household,dishes,-0.028284596601089285
wisconsin,2005,household,gardening,0.01782695274236612
wisconsin,2010,family_sphere,home,-0.013052047141825174
wisconsin,2010,family_sphere,parents,0.007211405003305527
wisconsin,2010,family_sphere,children,0.013390619364475609
wisconsin,2010,family_sphere,family,-0.014085915874327504
wisconsin,2010,family_sphere,cousins,0.004126020860127144
wisconsin,2010,family_sphere,marriage,0.03773844193931397
wisconsin,2010,family_sphere,wedding,0.03279807882982222
wisconsin,2010,family_sphere,relatives,-0.023302245828908497
wisconsin,2010,family_sphere,household,0.02318789612889105
wisconsin,2010,family_sphere,kitchen,0.01853897173222996
wisconsin,2010,household,cleaning,0.01307742698840042
wisconsin,2010,household,laundry,0.015909629911140755
wisconsin,2010,household,cooking,-0.01381522641916888
wisconsin,2010,household,groceries,-0.013933212839605691
wisconsin,2010,household,dishes,-0.012679952290447938
wisconsin,2010,household,gardening,-0.004594056298574789
wisconsin,2015,family_sphere,home,-0.010592560272586593
wisconsin,2015,family_sphere,parents,0.004776417400781385
wisconsin,2015,family_sphere,children,0.025815363888987863
wisconsin,2015,family_sphere,family,-0.005987515756912365
wisconsin,2015,family_sphere,cousins,-0.016655047768219577
wisconsin,2015,family_sphere,marriage,0.03116152761766111
wisconsin,2015,family_sphere,wedding,0.05230278956145695
wisconsin,2015,family_sphere,relatives,-0.005911220626015901
wisconsin,2015,family_sphere,household,0.02381466502908436
wisconsin,2015,family_sphere,kitchen,0.009405342952869544
wisconsin,2015,household,cleaning,0.020846835939773545
wisconsin,2015,household,laundry,0.021935000664069726
wisconsin,2015,household,cooking,0.0023241640623301585
wisconsin,2015,household,groceries,-0.0011589116192556315
wisconsin,2015,household,dishes,0.008468945547907003
wisconsin,2015,household,gardening,0.0025113802955140097
wyoming,2000,family_sphere,home,0.01038501001244485
wyoming,2000,family_sphere,parents,-0.015549586779286972
wyoming,2000,family_sphere,children,0.02603459681198106
wyoming,2000,family_sphere,family,0.0028477362564538478
wyoming,2000,family_sphere,cousins,-0.02259807581231421
wyoming,2005,family_sphere,home,-0.01743120787610919
wyoming,2005,family_sphere,parents,0.04276686996509871
wyoming,2005,family_sphere,children,0.06055569204663813
wyoming,2005,family_sphere,family,0.00812571627632619
wyoming,2005,family_sphere,cousins,-0.007328950006821433
wyoming,2005,family_sphere,marriage,0.037164244232148924
wyoming,2005,family_sphere,wedding,0.021153672556388226
wyoming,2005,family_sphere,relatives,0.026382226331973846
wyoming,2005,family_sphere,kitchen,0.019324346325707342
wyoming,2005,household,cleaning,-0.010507587218533398
wyoming,2005,household,cooking,-0.005845261540617819
wyoming,2005,household,groceries,-0.012623157767863047
wyoming,2010,family_sphere,home,0.041417316911749213
wyoming,2010,family_sphere,parents,0.03588130665588074
wyoming,2010,family_sphere,children,0.05408105956307052
wyoming,2010,family_sphere,family,0.015295171644905792
wyoming,2010,family_sphere,cousins,0.004313077385868169
wyoming,2010,family_sphere,marriage,0.040808397382739336
wyoming,2010,family_sphere,wedding,0.022837250626723593
wyoming,2010,family_sphere,relatives,0.007644100966139211
wyoming,2010,family_sphere,household,0.013316924535934915
wyoming,2010,family_sphere,kitchen,0.015678583384899802
wyoming,2010,household,cleaning,-0.006500252222177094
wyoming,2010,household,laundry,0.033016484247376465
wyoming,2010,household,cooking,0.015710092560226707
wyoming,2010,household,groceries,0.031985358359394755
wyoming,2010,household,gardening,0.024778387942599234
wyoming,2015,family_sphere,home,0.028017161444698457
wyoming,2015,family_sphere,parents,0.011744705468975769
wyoming,2015,family_sphere,children,0.029599097644817163
wyoming,2015,family_sphere,family,0.020240563321332616
wyoming,2015,family_sphere,cousins,-0.002625865923521209
wyoming,2015,family_sphere,marriage,-0.0044545926519329315
wyoming,2015,family_sphere,wedding,-0.016481780521091838
wyoming,2015,family_sphere,relatives,0.006892756252006804
wyoming,2015,family_sphere,household,0.04134154694902292
wyoming,2015,family_sphere,kitchen,0.029325855909415388
wyoming,2015,household,cleaning,0.010557828190210339
wyoming,2015,household,laundry,0.01334855941238966
wyoming,2015,household,cooking,-0.001824669160760739
wyoming,2015,household,groceries,0.0018342646838813703
wyoming,2015,household,dishes,0.006202905233211209
wyoming,2015,household,gardening,0.019944804728354915
