state,period,category,term,rnd
alabama,1995,household,cooking,-0.03693552025037061
alabama,2000,household,cleaning,-0.008550594299951086
alabama,2000,household,cooking,-0.013079144915938534
alabama,2000,household,recipes,0.021577734874323462
alabama,2000,household,meals,0.04618103848805888
alabama,2000,household,kitchen,0.03367975512993071
alabama,2005,household,cleaning,-0.012414841626576356
alabama,2005,household,cleaned,-0.01241774259023476
alabama,2005,household,cooking,-0.017292015075095035
alabama,2005,household,recipes,0.003617518415425902
alabama,2005,household,meals,-0.001395353808657629
alabama,2005,household,lunches,0.015097193766137829
alabama,2005,household,kitchen,0.007126701866614238
alabama,2005,household,oven,-0.00925516036621532
alabama,2005,household,gardening,-0.0010828973561332056
alabama,2005,household,sewing,0.02470198973330695
alabama,2010,household,cleaning,-0.025576503974994447
alabama,2010,household,cleaned,-0.017719553667422172
alabama,2010,household,laundry,0.010159763295332525
alabama,2010,household,washing,-0.012405309770697759
alabama,2010,household,chores,-0.010080458920851187
alabama,2010,household,cooking,-0.01836376490889602
alabama,2010,household,baking,0.02465904085285542
alabama,2010,household,recipes,0.001461016297271911
alabama,2010,household,meals,0.005911539790129039
alabama,2010,household,lunches,0.004268849552316101
alabama,2010,household,kitchen,0.014630261675367962
alabama,2010,household,oven,0.0008488230113794515
alabama,2010,household,appliances,0.01158301492112046
alabama,2010,household,gardening,0.02724662983554227
alabama,2010,household,sewing,0.050880123407032185
alabama,2010,household,daycare,0.026113458392390876
alabama,2010,household,parenting,0.04600817308676464
alabama,2015,household,cleaning,-0.01982695568333348
alabama,2015,household,cleaned,-0.022983332084034025
alabama,2015,household,laundry,0.00011213303469737035
alabama,2015,household,washing,-0.011523943702359762
alabama,2015,household,cooking,-0.014968419163198465
alabama,2015,household,baking,0.0383752846233949
alabama,2015,household,recipes,-0.0033341924340123397
alabama,2015,household,meals,-0.005579718259077993
alabama,2015,household,lunches,-0.0007965839671550956
alabama,2015,household,kitchen,0.0008182094306672383
alabama,2015,household,stove,-0.011780236393133858
alabama,2015,household,oven,0.003949381726851442
alabama,2015,household,appliances,-0.012640904372216877
alabama,2015,household,refrigerator,0.012996379971303762
alabama,2015,household,gardening,-0.011933528733941712
alabama,2015,household,sewing,0.005492330779861998
alabama,2015,household,caregiver,0.03952901881637938
alabama,2015,household,childcare,0.023290143210823455
alabama,2015,household,daycare,0.004346070594553497
alabama,2015,household,parenting,0.06579467439831144
alaska,2000,household,meals,-0.008199148987373062
alaska,2005,household,cleaning,-0.01208898451280327
alaska,2005,household,cleaned,-0.009944987140171224
alaska,2005,household,cooking,-0.0006296363007848305
alaska,2005,household,recipes,0.004634763935567721
alaska,2005,household,meals,0.02049036861847464
alaska,2005,household,kitchen,0.03046485238168639
alaska,2005,household,stove,-0.008065148416406265
alaska,2005,household,gardening,-0.02729703974309783
alaska,2010,household,cleaning,-0.018126675557787575
alaska,2010,household,cleaned,-0.016456988783771553
alaska,2010,household,laundry,0.0017320940728599021
alaska,2010,household,washing,-0.0033248175677769165
alaska,2010,household,cooking,-0.01066266195713017
alaska,2010,household,baking,0.018326025108455934
alaska,2010,household,recipes,0.011130254960208696
alaska,2010,household,meals,0.011013577488425463
alaska,2010,household,kitchen,-0.0067831732508567555
alaska,2010,household,stove,0.008754110573460427
alaska,2010,household,oven,-0.01625872730052169
alaska,2010,household,refrigerator,0.031330528492772514
alaska,2010,household,gardening,0.014464538131166216
alaska,2015,household,cleaning,0.012880189550515064
alaska,2015,household,cleaned,0.010086259249570961
alaska,2015,household,laundry,0.03127763587424581
alaska,2015,household,washing,-0.00222873577280569
alaska,2015,household,cooking,0.012456503840289623
alaska,2015,household,baking,0.015450107295150062
alaska,2015,household,recipes,0.007682804180978886
alaska,2015,household,meals,0.03268663131385596
alaska,2015,household,kitchen,0.022432429724775993
alaska,2015,household,stove,0.018513679523894044
alaska,2015,household,oven,0.006073385085585192
alaska,2015,household,gardening,0.007696285267844827
alaska,2015,household,sewing,0.013819029969387664
alaska,2015,household,caregiver,0.06604279059088891
alaska,2015,household,childcare,0.017873758877157364
arizona,2010,household,cleaning,-0.00704794666274311
arizona,2010,household,cleaned,0.024571915318290727
arizona,2010,household,laundry,-0.002322505701162214
arizona,2010,household,washing,-0.0024703101849229414
arizona,2010,household,cooking,0.0014548978757753517
arizona,2010,household,baking,0.006491802710146155
arizona,2010,household,recipes,0.011983634985388791
arizona,2010,household,meals,0.024681949221283528
arizona,2010,household,kitchen,0.003762340679759557
arizona,2010,household,oven,0.005099183165812926
arizona,2010,household,gardening,0.008313136365478702
arizona,2010,household,sewing,0.03270692697040467
arizona,2015,household,cleaning,0.0014124103913482067
arizona,2015,household,cleaned,-0.008673876137439418
arizona,2015,household,laundry,-0.0015523422035659262
arizona,2015,household,washing,-0.020331532091765414
arizona,2015,household,cooking,0.0004732130749056651
arizona,2015,household,baking,-0.006206119625268514
arizona,2015,household,recipes,-0.011794236093802257
arizona,2015,household,meals,0.0008861375709776631
arizona,2015,household,lunches,0.004133473124209308
arizona,2015,household,kitchen,-0.012351929416186014
arizona,2015,household,stove,-0.027681095518885757
arizona,2015,household,oven,-0.044085133353856776
arizona,2015,household,appliances,-0.02544560946768848
arizona,2015,household,refrigerator,0.0056495863397166834
arizona,2015,household,gardening,0.015646485991462455
arizona,2015,household,sewing,-0.003944418574682751
arizona,2015,household,caregiver,0.008808799412209245
arizona,2015,household,childcare,0.022113378462564448
arizona,2015,household,daycare,0.0017534138472166116
arizona,2015,household,parenting,0.030831113899737805
arkansas,2010,household,cleaning,-0.018712410675229108
arkansas,2010,household,cleaned,-0.03946073867378308
arkansas,2010,household,laundry,-0.027847356578941884
arkansas,2010,household,cooking,0.0123875817568172
arkansas,2010,household,meals,0.019468747473514125
arkansas,2010,household,kitchen,-0.028242049915081502
arkansas,2010,household,refrigerator,-0.022904583687818225
arkansas,2010,household,gardening,0.0014763683420162543
arkansas,2010,household,parenting,0.012485477998462446
arkansas,2015,household,cleaning,-0.012615686110589719
arkansas,2015,household,cleaned,-0.010224927637810577
arkansas,2015,household,laundry,0.0025791499560279263
arkansas,2015,household,washing,-0.0010814943950534506
arkansas,2015,household,chores,-0.017832142869766088
arkansas,2015,household,cooking,0.03496827641814204
arkansas,2015,household,baking,0.024807140988030163
arkansas,2015,household,recipes,0.02392607817911263
arkansas,2015,household,meals,-0.008167924455748876
arkansas,2015,household,lunches,0.033480135625017615
arkansas,2015,household,kitchen,-0.013137905854372134
arkansas,2015,household,stove,-0.007881159003913507
arkansas,2015,household,oven,-0.01678121304819069
arkansas,2015,household,refrigerator,-0.010955290963475028
arkansas,2015,household,gardening,0.04205147332919845
arkansas,2015,household,sewing,0.021897923924109053
arkansas,2015,household,caregiver,0.03258444586380349
arkansas,2015,household,childcare,0.04118874464007727
arkansas,2015,household,daycare,0.01954623360724206
arkansas,2015,household,parenting,0.03546632177789022
california,1995,household,cleaning,-0.006842587684323886
california,1995,household,cleaned,-0.003002856874725346
california,1995,household,laundry,0.001628789290947008
california,1995,household,washing,-0.016517464889473032
california,1995,household,chores,-0.007850425481698675
california,1995,household,cooking,-0.014820646270827131
california,1995,household,baking,-0.016743301860265625
california,1995,household,recipes,0.0029233725663813104
california,1995,household,meals,0.0037125130086845815
california,1995,household,lunches,0.000663894366859541
california,1995,household,kitchen,0.0024727832449844556
california,1995,household,stove,0.0014810725922402845
california,1995,household,oven,-0.003684486435039158
california,1995,household,appliances,-0.017082305594368075
california,1995,household,refrigerator,0.02736360286272499
california,1995,household,gardening,0.01825367707047265
california,1995,household,sewing,0.0020564871348601743
california,1995,household,parenting,0.03606132454792266
california,2000,household,cleaning,0.011810061280543849
california,2000,household,cleaned,0.002917870483848395
california,2000,household,laundry,0.010557281447749478
california,2000,household,washing,0.0186391773593928
california,2000,household,chores,-0.012347557737372727
california,2000,household,cooking,-0.016097775394978697
california,2000,household,baking,0.002630159268324217
california,2000,household,recipes,0.014114297330688697
california,2000,household,meals,-0.0011537995650601207
california,2000,household,lunches,0.001979751739319191
california,2000,household,kitchen,-0.007701175752096834
california,2000,household,stove,-0.012354907189618514
california,2000,household,oven,-0.011774033171745746
california,2000,household,appliances,-0.02984629347417256
california,2000,household,refrigerator,0.0037646680114316045
california,2000,household,gardening,0.005840436283041095
california,2000,household,sewing,0.012075146648558466
california,2000,household,caregiver,0.029781865015562126
california,2000,household,childcare,0.03991879833278977
california,2000,household,daycare,0.03609231430928328
california,2000,household,parenting,0.011056915303931492
california,2005,household,cleaning,-0.0259970389302826
california,2005,household,cleaned,-0.026799388344648012
california,2005,household,laundry,-0.01841401652425456
california,2005,household,washing,-0.008978622087755461
california,2005,household,chores,-0.023542085493295284
california,2005,household,cooking,-0.01280481485766849
california,2005,household,baking,0.018141753967975793
california,2005,household,recipes,0.01869172603244995
california,2005,household,meals,-0.014440176401740779
california,2005,household,lunches,-0.019144182547455202
california,2005,household,kitchen,-0.015359824468716088
california,2005,household,stove,-0.03594033111402117
california,2005,household,oven,-0.02046510936015955
california,2005,household,appliances,-0.0335361720664753
california,2005,household,refrigerator,-0.030271953894259074
california,2005,household,gardening,-0.009645195578003252
california,2005,household,sewing,0.013385990519886093
california,2005,household,caregiver,0.0445832297039489
california,2005,household,childcare,0.058773900671607815
california,2005,household,daycare,0.013611701284863553
california,2005,household,parenting,0.016328054202358944
california,2010,household,cleaning,-0.019499574586133717
california,2010,household,cleaned,-0.01573588250174529
california,2010,household,laundry,-0.024086429730853398
california,2010,household,washing,-0.03143281425730704
california,2010,household,chores,0.0028436796945210396
california,2010,household,cooking,0.005054449118723214
california,2010,household,baking,0.03071627436380342
california,2010,household,recipes,0.030909920669057733
california,2010,household,meals,0.017259713986292446
california,2010,household,lunches,-0.002663265574685214
california,2010,household,kitchen,0.010920002913361593
california,2010,household,stove,0.002466853232984567
california,2010,household,oven,-0.007918778860509734
california,2010,household,appliances,-0.016326078671416777
california,2010,household,refrigerator,-0.006217433664713834
california,2010,household,gardening,0.013976231286386254
california,2010,household,sewing,0.01907693771562413
california,2010,household,caregiver,0.053327635106370064
california,2010,household,childcare,0.052940969095645496
california,2010,household,daycare,0.04016861006005523
california,2010,household,parenting,0.04221185444171327
california,2015,household,cleaning,-0.0038715141098424333
california,2015,household,cleaned,-0.015062593351741649
california,2015,household,laundry,-0.003924711547304671
california,2015,household,washing,-0.0035607575888998433
california,2015,household,chores,-0.004229805340074444
california,2015,household,cooking,0.008477252278006553
california,2015,household,baking,0.04466431411373106
california,2015,household,recipes,0.01486109328777152
california,2015,household,meals,0.008538871317617325
california,2015,household,lunches,-0.0041175579494798775
california,2015,household,kitchen,0.008498623512776193
california,2015,household,stove,-0.0036919925237111073
california,2015,household,oven,-0.01421657566494905
california,2015,household,appliances,-0.013214260395330912
california,2015,household,refrigerator,-0.0035441708219312584
california,2015,household,gardening,0.009288663185240909
california,2015,household,sewing,0.03035436674158687
california,2015,household,caregiver,0.04453273543497438
california,2015,household,childcare,0.05297258013796213
california,2015,household,daycare,0.0160380383571882
california,2015,household,parenting,0.03432308566350151
colorado,1995,household,cleaning,-0.015843252288564313
colorado,1995,household,cleaned,-0.024498148440107004
colorado,1995,household,cooking,0.03189111768972075
colorado,1995,household,recipes,0.005805587816153479
colorado,1995,household,meals,-0.00887519580204521
colorado,1995,household,kitchen,0.006029410381301448
colorado,1995,household,gardening,0.003964293491720561
colorado,2000,household,cleaning,-0.013332339576779706
colorado,2000,household,cleaned,-0.022056922644235755
colorado,2000,household,laundry,0.008480317093229939
colorado,2000,household,washing,-0.04153565404489057
colorado,2000,household,chores,0.010602771423608548
colorado,2000,household,cooking,0.018481665244977297
colorado,2000,household,baking,0.00972138354371399
colorado,2000,household,recipes,-0.011062392185139047
colorado,2000,household,meals,0.008217455241255278
colorado,2000,household,kitchen,0.04247880702922113
colorado,2000,household,stove,-0.0164008248401053
colorado,2000,household,oven,-0.021595623238925166
colorado,2000,household,gardening,0.013680298688275805
colorado,2000,household,sewing,-0.022829455368197693
colorado,2005,household,cleaning,0.026590389657245028
colorado,2005,household,cleaned,-0.015355738333517
colorado,2005,household,laundry,-0.008443818264147529
colorado,2005,household,washing,-0.04130567221274761
colorado,2005,household,chores,-9.987776085074174e-07
colorado,2005,household,cooking,0.0021776405109723562
colorado,2005,household,baking,0.034500770498636424
colorado,2005,household,recipes,0.015227206731895038
colorado,2005,household,meals,0.005138924719128246
colorado,2005,household,lunches,0.039111713162007566
colorado,2005,household,kitchen,0.01877869646867647
colorado,2005,household,stove,-0.0025891526246828445
colorado,2005,household,oven,-0.004630733906277884
colorado,2005,household,appliances,-0.019326655161233663
colorado,2005,household,refrigerator,-0.006616298545415011
colorado,2005,household,gardening,0.009331011392869293
colorado,2005,household,sewing,0.032562095728632334
colorado,2005,household,caregiver,0.05882249880688584
colorado,2005,household,childcare,0.04155606100160314
colorado,2005,household,parenting,0.0066799402573402
colorado,2010,household,cleaning,0.01890186392461124
colorado,2010,household,cleaned,-0.022601528157000006
colorado,2010,household,laundry,0.010578447913882405
colorado,2010,household,washing,-0.01401771347735914
colorado,2010,household,chores,0.00593135310843651
colorado,2010,household,cooking,0.013902809512346792
colorado,2010,household,baking,0.04175105867101925
colorado,2010,household,recipes,-0.0020325284515387843
colorado,2010,household,meals,0.03731637461060022
colorado,2010,household,lunches,0.027141555923033023
colorado,2010,household,kitchen,-0.0037072140588580993
colorado,2010,household,stove,-0.025034204962462336
colorado,2010,household,oven,-0.0017724097004614414
colorado,2010,household,appliances,-0.002557559194033443
colorado,2010,household,refrigerator,0.005414261450041202
colorado,2010,household,gardening,0.01669184846594507
colorado,2010,household,sewing,0.044834889540416034
colorado,2010,household,caregiver,0.06367302807368758
colorado,2010,household,childcare,0.057537854591968474
colorado,2010,household,parenting,0.02016255350222229
colorado,2015,household,cleaning,0.020787449549287018
colorado,2015,household,cleaned,-0.014153348010765843
colorado,2015,household,laundry,0.008072842990293871
colorado,2015,household,washing,0.0037770895490547574
colorado,2015,household,chores,-0.01852767432234237
colorado,2015,household,cooking,0.015490343085655667
colorado,2015,household,baking,0.014276235943643023
colorado,2015,household,recipes,-0.005338837506406291
colorado,2015,household,meals,0.013524548310884565
colorado,2015,household,lunches,0.016148694245524453
colorado,2015,household,kitchen,-0.016870728467379026
colorado,2015,household,stove,-0.0010247559270681883
colorado,2015,household,oven,-0.01821732215896321
colorado,2015,household,appliances,-0.0028376414838064967
colorado,2015,household,refrigerator,-0.009298265220240465
colorado,2015,household,gardening,-0.0026591713738988165
colorado,2015,household,sewing,0.026033116490282948
colorado,2015,household,caregiver,0.025099118147324906
colorado,2015,household,childcare,0.07078301273037058
colorado,2015,household,daycare,0.0436903638167393
colorado,2015,household,parenting,0.04455499738556212
connecticut,1995,household,cooking,0.02754123528682173
connecticut,1995,household,meals,0.024716845858745562
connecticut,1995,household,kitchen,0.012418112099237155
connecticut,2000,household,cleaning,-0.025919360652506995
connecticut,2000,household,laundry,-0.003395544341157297
connecticut,2000,household,cooking,-0.026024569261581254
connecticut,2000,household,recipes,-0.030972680183789625
connecticut,2000,household,meals,-0.04768719773627461
connecticut,2000,household,kitchen,-0.010383260054038002
connecticut,2000,household,oven,-0.04493483131578868
connecticut,2000,household,gardening,-0.02570564981471013
connecticut,2000,household,sewing,0.006598878992149282
connecticut,2005,household,cleaning,-0.002843709426218588
connecticut,2005,household,cleaned,-0.03682393521516203
connecticut,2005,household,laundry,0.016623349739064874
connecticut,2005,household,washing,-0.00856387057111574
connecticut,2005,household,cooking,0.02604623692377206
connecticut,2005,household,recipes,0.0017612696183030296
connecticut,2005,household,meals,-0.01216830583347428
connecticut,2005,household,kitchen,-0.013793817448470636
connecticut,2005,household,oven,-0.01608640679619089
connecticut,2005,household,refrigerator,0.015145388941519511
connecticut,2005,household,gardening,-0.013986724122908356
connecticut,2010,household,cleaning,0.0061842355158241435
connecticut,2010,household,cleaned,-0.018052344721080082
connecticut,2010,household,laundry,0.03189289315531707
connecticut,2010,household,washing,-0.004428468614139147
connecticut,2010,household,cooking,-0.003686873648871547
connecticut,2010,household,baking,0.03691648846321849
connecticut,2010,household,recipes,0.020337043968489676
connecticut,2010,household,meals,0.02014454007573807
connecticut,2010,household,kitchen,0.02139372269099349
connecticut,2010,household,stove,-0.013259401800330362
connecticut,2010,household,oven,-0.024262052105058496
connecticut,2010,household,appliances,0.012645496361441966
connecticut,2010,household,refrigerator,-0.006559085112821328
connecticut,2010,household,gardening,0.022615214485743995
connecticut,2010,household,sewing,0.026277422064618583
connecticut,2010,household,caregiver,0.08881056529747255
connecticut,2010,household,parenting,0.06311171595784737
connecticut,2015,household,cleaning,0.003306531281230596
connecticut,2015,household,cleaned,-0.012995383603061184
connecticut,2015,household,laundry,0.021632923527183934
connecticut,2015,household,washing,-7.218621833637862e-05
connecticut,2015,household,cooking,-0.031823055132302214
connecticut,2015,household,baking,-0.012580271223010087
connecticut,2015,household,recipes,-0.018751677992405846
connecticut,2015,household,meals,0.016244848446100635
connecticut,2015,household,lunches,0.03767894948011852
connecticut,2015,household,kitchen,0.0037834631467561497
connecticut,2015,household,stove,0.01743619114519468
connecticut,2015,household,oven,-0.0188088729109539
connecticut,2015,household,appliances,-0.012630949933239766
connecticut,2015,household,refrigerator,-0.0034802373130258246
connecticut,2015,household,gardening,-0.005268850050642482
connecticut,2015,household,sewing,0.010648094623417315
connecticut,2015,household,caregiver,0.052361031328121976
connecticut,2015,household,childcare,0.03466195735031252
connecticut,2015,household,parenting,0.03144306376915673
delaware,2000,household,kitchen,-0.02584325222728112
delaware,2005,household,cleaning,-0.022490578455383825
delaware,2005,household,cooking,0.03478965545451551
delaware,2005,household,baking,0.009920106678933172
delaware,2005,household,recipes,0.017805152158743898
delaware,2005,household,meals,0.004164892648993557
delaware,2005,household,kitchen,0.017107325946989826
delaware,2010,household,cleaning,-0.02375362191881414
delaware,2010,household,cleaned,0.00881379109587399
delaware,2010,household,cooking,-0.008526391544900647
delaware,2010,household,baking,-0.01849916399521101
delaware,2010,household,recipes,0.013093032812130811
delaware,2010,household,meals,-0.00284409519376716
delaware,2010,household,kitchen,-0.0072196547985339254
delaware,2010,household,oven,-0.038909544627370396
delaware,2010,household,gardening,0.023396539097301328
delaware,2010,household,daycare,0.03699334295593082
delaware,2015,household,cleaning,0.017643618781030934
delaware,2015,household,cleaned,0.0374831682469966
delaware,2015,household,washing,0.020870367214542718
delaware,2015,household,cooking,0.033459244191005655
delaware,2015,household,baking,0.014760510334818067
delaware,2015,household,recipes,0.018300070945495572
delaware,2015,household,meals,0.038243332641313965
delaware,2015,household,kitchen,0.018263799315483942
delaware,2015,household,gardening,0.03830725990802686
district_of_columbia,1995,household,parenting,-0.0794032870302992
district_of_columbia,2000,household,cleaning,-0.006603592570634698
district_of_columbia,2000,household,cooking,0.006611277367193136
district_of_columbia,2000,household,meals,-0.005102742329594956
district_of_columbia,2000,household,kitchen,0.029988878667100982
district_of_columbia,2000,household,parenting,0.030075432311342798
district_of_columbia,2005,household,cooking,-0.052953837179625984
district_of_columbia,2005,household,meals,0.005712382468554766
district_of_columbia,2005,household,kitchen,-0.017549151233601457
district_of_columbia,2010,household,cleaning,-0.01879252965483913
district_of_columbia,2010,household,meals,-0.0169005568818007
district_of_columbia,2010,household,kitchen,-0.006936749587348023
district_of_columbia,2015,household,cleaning,0.039108153905915266
district_of_columbia,2015,household,cooking,0.029271966063332155
district_of_columbia,2015,household,recipes,0.002387767166709076
district_of_columbia,2015,household,meals,0.03764204684081218
district_of_columbia,2015,household,kitchen,0.02243730677457445
florida,1995,household,cleaning,-0.007613341368486681
florida,1995,household,cleaned,-0.006760363202667041
florida,1995,household,laundry,-0.0021276692184215573
florida,1995,household,washing,-0.026782413534788496
florida,1995,household,cooking,0.005926823503897838
florida,1995,household,baking,-0.006800043031756964
florida,1995,household,recipes,0.022603252015648168
florida,1995,household,meals,0.021717433158777943
florida,1995,household,kitchen,0.014227071834644778
florida,1995,household,oven,-0.004661833996079334
florida,1995,household,refrigerator,0.03454471926997593
florida,2000,household,cleaning,-0.022788950254803764
florida,2000,household,cleaned,-0.040498088617642924
florida,2000,household,laundry,-0.00631401963910827
florida,2000,household,washing,-0.0053014790915391075
florida,2000,household,cooking,0.008271983579892339
florida,2000,household,baking,-0.04941883889130527
florida,2000,household,recipes,0.02923281165725078
florida,2000,household,meals,-0.004253027146602695
florida,2000,household,kitchen,-0.018510731607382036
florida,2000,household,stove,-0.018927176314160188
florida,2000,household,oven,-0.004684469154148996
florida,2000,household,refrigerator,0.023266579255743935
florida,2000,household,gardening,-0.007491859847810645
florida,2000,household,caregiver,0.03449206621891221
florida,2000,household,parenting,0.02074236316579603
florida,2005,household,cleaning,0.008814876118243609
florida,2005,household,cleaned,-0.02827518535966611
florida,2005,household,laundry,0.01839524922466307
florida,2005,household,washing,0.016414899074594258
florida,2005,household,chores,0.006552541033578274
florida,2005,household,cooking,0.02698222677364792
florida,2005,household,baking,-0.0004045083149015749
florida,2005,household,recipes,0.007084904836403894
florida,2005,household,meals,0.004118316940451061
florida,2005,household,lunches,0.012209814780509864
florida,2005,household,kitchen,0.03401567616107659
florida,2005,household,stove,-0.03799710312197724
florida,2005,household,oven,-0.020091314789052905
florida,2005,household,appliances,-0.008690452933250548
florida,2005,household,refrigerator,0.0037166265231056705
florida,2005,household,gardening,0.01076343215753417
florida,2005,household,sewing,0.016724436630748074
florida,2005,household,caregiver,0.04142717140224983
florida,2005,household,parenting,0.03979712020907322
florida,2010,household,cleaning,-0.01855510739325572
florida,2010,household,cleaned,6.954235398937136e-05
florida,2010,household,laundry,0.024518010623656883
florida,2010,household,washing,-0.01864644225862322
florida,2010,household,chores,0.029698028789692854
florida,2010,household,cooking,0.013355107480756523
florida,2010,household,baking,-0.011725678358109448
florida,2010,household,recipes,0.010857656490189327
florida,2010,household,meals,0.011284517781992687
florida,2010,household,lunches,0.022533393489374776
florida,2010,household,kitchen,0.015503418169200422
florida,2010,household,stove,-0.007485726971145024
florida,2010,household,oven,-0.009441707685851286
florida,2010,household,appliances,-0.020587709649329544
florida,2010,household,refrigerator,-0.015651272058975207
florida,2010,household,gardening,0.0023383388995681376
florida,2010,household,sewing,0.030073802995235988
florida,2010,household,caregiver,0.04919624338096973
florida,2010,household,childcare,0.03172601530737329
florida,2010,household,daycare,0.024073599194739947
florida,2010,household,parenting,0.041640457425214605
florida,2015,household,cleaning,-0.013734209591584001
florida,2015,household,cleaned,-0.020829711859379874
florida,2015,household,laundry,0.01969171686288984
florida,2015,household,washing,-0.011502360678733892
florida,2015,household,chores,0.01914080954095021
florida,2015,household,cooking,-0.0036054675640126987
florida,2015,household,baking,-0.01004998771675325
florida,2015,household,recipes,0.0016060880780792708
florida,2015,household,meals,0.024685087169588504
florida,2015,household,lunches,0.01209651258455069
florida,2015,household,kitchen,-0.003990906980657849
florida,2015,household,stove,0.007166285452385068
florida,2015,household,oven,-0.02589161594180367
florida,2015,household,appliances,-0.014959589516892358
florida,2015,household,refrigerator,-0.02166841507044759
florida,2015,household,gardening,0.0033831801724564237
florida,2015,household,sewing,-0.009485218851755572
florida,2015,household,caregiver,0.07008728209600512
florida,2015,household,childcare,0.03838019394351888
florida,2015,household,daycare,0.046763620651606996
florida,2015,household,parenting,0.03782019967135275
georgia,2000,household,cleaning,-0.017043607931903848
georgia,2000,household,cleaned,-0.011450454003127608
georgia,2000,household,cooking,0.013272303407217856
georgia,2000,household,meals,0.011740896825986225
georgia,2000,household,kitchen,0.010584972149620842
georgia,2005,household,cleaning,-0.020449941858373233
georgia,2005,household,cleaned,0.009190663251072095
georgia,2005,household,laundry,-0.00249265995644965
georgia,2005,household,washing,-0.014343874668146572
georgia,2005,household,chores,-0.05417892736628349
georgia,2005,household,cooking,-0.010343889941050621
georgia,2005,household,baking,-0.008667198415954647
georgia,2005,household,recipes,0.01249803996153509
georgia,2005,household,meals,0.029184774489781518
georgia,2005,household,lunches,0.038005219005850854
georgia,2005,household,kitchen,-0.0008375053706113356
georgia,2005,household,stove,-0.026892615325858515
georgia,2005,household,oven,0.0040465017753619215
georgia,2005,household,appliances,-0.028236026897455524
georgia,2005,household,refrigerator,-0.013724063444531365
georgia,2005,household,gardening,-0.010683119866007118
georgia,2005,household,sewing,-0.028464187859594592
georgia,2005,household,caregiver,0.028756210948114536
georgia,2005,household,daycare,0.008313398666497385
georgia,2005,household,parenting,0.022244839943242223
georgia,2010,household,cleaning,0.01143169363691432
georgia,2010,household,cleaned,0.005063032268453949
georgia,2010,household,laundry,0.009172389367928968
georgia,2010,household,washing,-0.00028388732550621576
georgia,2010,household,chores,-0.027907999569442787
georgia,2010,household,cooking,0.025702508106410615
georgia,2010,household,baking,0.013963565052878435
georgia,2010,household,recipes,0.021927187359583544
georgia,2010,household,meals,0.011540538156488589
georgia,2010,household,lunches,0.01496457277234775
georgia,2010,household,kitchen,0.007400038414486332
georgia,2010,household,stove,-0.02828859362937708
georgia,2010,household,oven,0.0066910418309091835
georgia,2010,household,appliances,-0.02193045083599432
georgia,2010,household,refrigerator,0.012110326621031176
georgia,2010,household,gardening,0.008438580600144019
georgia,2010,household,sewing,-0.0034326384431939694
georgia,2010,household,caregiver,0.048153422205224006
georgia,2010,household,childcare,0.006188855252478476
georgia,2010,household,daycare,0.024567998572724736
georgia,2010,household,parenting,0.04207706719391291
georgia,2015,household,cleaning,-1.4222449171930052e-05
georgia,2015,household,cleaned,-0.023155642682178845
georgia,2015,household,laundry,-0.012906361280788037
georgia,2015,household,washing,-0.007858422101471474
georgia,2015,household,chores,-0.021002120743953245
georgia,2015,household,cooking,-0.014197603585352603
georgia,2015,household,baking,0.024932697319555608
georgia,2015,household,recipes,-0.01598035708995893
georgia,2015,household,meals,0.005612433601710043
georgia,2015,household,lunches,0.004787603119217776
georgia,2015,household,kitchen,0.02568792816509502
georgia,2015,household,stove,-0.009300465987151174
georgia,2015,household,oven,0.0026347983097010363
georgia,2015,household,appliances,-0.0006551347380450157
georgia,2015,household,refrigerator,-0.0036275223039581306
georgia,2015,household,gardening,4.8494990789516024e-05
georgia,2015,household,sewing,0.001148164029019627
georgia,2015,household,caregiver,0.05674569436346144
georgia,2015,household,childcare,-0.002335529999689445
georgia,2015,household,daycare,0.01850080608451088
georgia,2015,household,parenting,0.029181527350576997
hawaii,2000,household,cooking,-0.019752390937657016
hawaii,2000,household,kitchen,-0.042178645208131416
hawaii,2005,household,cleaning,-0.018285194094659563
hawaii,2005,household,cooking,0.004999470321844557
hawaii,2005,household,recipes,0.0066732724946203525
hawaii,2005,household,meals,0.026514203205710407
hawaii,2005,household,kitchen,0.011815026556034502
hawaii,2010,household,cleaning,-0.00014567170661305973
hawaii,2010,household,cleaned,-0.002609004065444287
hawaii,2010,household,laundry,-0.02109835193127363
hawaii,2010,household,washing,0.01904819272967151
hawaii,2010,household,cooking,-0.001712133294439866
hawaii,2010,household,recipes,-0.004140642279568785
hawaii,2010,household,meals,0.008684743995272193
hawaii,2010,household,lunches,-0.006233650669523194
hawaii,2010,household,kitchen,0.0018816027561481263
hawaii,2010,household,oven,-0.0007525773831122962
hawaii,2010,household,gardening,0.011647520131527811
hawaii,2010,household,caregiver,0.017290973570672552
hawaii,2015,household,cleaning,-0.02420618475576708
hawaii,2015,household,cleaned,-0.012762197527865116
hawaii,2015,household,laundry,-0.04730537514844457
hawaii,2015,household,washing,0.017049704022321643
hawaii,2015,household,cooking,0.0052723250411375044
hawaii,2015,household,recipes,-0.03470132610835608
hawaii,2015,household,meals,-0.020918845572736933
hawaii,2015,household,lunches,-0.026015387442789972
hawaii,2015,household,kitchen,-0.007618177577838781
hawaii,2015,household,oven,-0.013694848218461786
hawaii,2015,household,appliances,-0.043843558551990514
hawaii,2015,household,gardening,-0.017360565368975234
hawaii,2015,household,caregiver,-0.016996231363457626
idaho,2000,household,cooking,0.0002576518734137556
idaho,2000,household,meals,0.046309642351933133
idaho,2000,household,kitchen,-0.04190835309312502
idaho,2005,household,cleaning,0.00012207988556556248
idaho,2005,household,cleaned,-0.025145218811368553
idaho,2005,household,laundry,-0.0007564797136379031
idaho,2005,household,cooking,-0.012990853117233025
idaho,2005,household,recipes,-0.022288241434087697
idaho,2005,household,meals,0.009813023635244722
idaho,2005,household,kitchen,-0.020174909731759616
idaho,2010,household,cleaning,0.005172383797998892
idaho,2010,household,cleaned,-0.023824011195559436
idaho,2010,household,laundry,0.021242721732514958
idaho,2010,household,washing,-0.014943695268304191
idaho,2010,household,cooking,0.014749417934331488
idaho,2010,household,recipes,0.01287971769789753
idaho,2010,household,meals,0.00978440515523804
idaho,2010,household,lunches,0.02662636548338626
idaho,2010,household,kitchen,-0.0008600155596698578
idaho,2010,household,stove,-0.018276569399669262
idaho,2010,household,oven,-0.003641017922211498
idaho,2010,household,gardening,-0.0024577159744916255
idaho,2010,household,sewing,0.03177138027039317
idaho,2010,household,parenting,0.008764255490961381
idaho,2015,household,cleaning,-0.011574397776875411
idaho,2015,household,cleaned,0.0046789055715650285
idaho,2015,household,laundry,0.019488098088118466
idaho,2015,household,washing,-0.009125144650895978
idaho,2015,household,cooking,0.019375756089552665
idaho,2015,household,baking,0.01060304795226985
idaho,2015,household,recipes,0.01560297342791106
idaho,2015,household,meals,0.021268877543331177
idaho,2015,household,lunches,0.006066345268055384
idaho,2015,household,kitchen,0.013684492503599488
idaho,2015,household,stove,-0.0023198609688244165
idaho,2015,household,oven,0.026278877718464377
idaho,2015,household,gardening,0.01787195585490542
idaho,2015,household,sewing,0.030107204156666678
idaho,2015,household,caregiver,0.05469364693131995
idaho,2015,household,childcare,0.03833020377123697
idaho,2015,household,daycare,0.008246857016777076
idaho,2015,household,parenting,0.034920198350253284
illinois,1995,household,cleaning,0.012432841283667617
illinois,1995,household,cooking,0.008331597022050108
illinois,1995,household,recipes,-0.003693593007971785
illinois,1995,household,meals,-0.0037906205363010814
illinois,1995,household,kitchen,-0.006384412666395223
illinois,2000,household,cleaning,0.02114923630861587
illinois,2000,household,cleaned,-0.014012342247268439
illinois,2000,household,laundry,0.0014322759859433098
illinois,2000,household,washing,-0.010501867650078989
illinois,2000,household,chores,-0.003039494605067028
illinois,2000,household,cooking,0.021842477253648518
illinois,2000,household,baking,0.013464831549721445
illinois,2000,household,recipes,0.006810893495922121
illinois,2000,household,meals,0.03512176801105238
illinois,2000,household,kitchen,0.0037389424411058414
illinois,2000,household,stove,-0.010613550430260466
illinois,2000,household,oven,0.006853931732377028
illinois,2000,household,appliances,-0.03416807273120148
illinois,2000,household,refrigerator,0.010513039355015463
illinois,2000,household,gardening,0.0031212988857515223
illinois,2000,household,sewing,-0.012940355921800317
illinois,2000,household,parenting,0.012030498246421995
illinois,2005,household,cleaning,0.015756642852351233
illinois,2005,household,cleaned,-0.010459621545553466
illinois,2005,household,laundry,-0.0036673057919978103
illinois,2005,household,washing,-0.004914222009583691
illinois,2005,household,chores,-0.005069938904776361
illinois,2005,household,cooking,0.009125983084202316
illinois,2005,household,baking,0.014961651411948829
illinois,2005,household,recipes,0.00974547137484083
illinois,2005,household,meals,0.034563380208559535
illinois,2005,household,lunches,0.02783796780691783
illinois,2005,household,kitchen,0.015750584273882318
illinois,2005,household,stove,0.025531980124978704
illinois,2005,household,oven,0.010048988229761413
illinois,2005,household,appliances,-0.013831720659199576
illinois,2005,household,refrigerator,0.018358594344317858
illinois,2005,household,gardening,0.007370195050246275
illinois,2005,household,sewing,0.014353835758426525
illinois,2005,household,caregiver,0.07227659601920589
illinois,2005,household,daycare,0.04601574728017821
illinois,2005,household,parenting,0.04917258861825624
illinois,2010,household,cleaning,-0.016369025266575354
illinois,2010,household,cleaned,-0.008523386729014204
illinois,2010,household,laundry,-0.00959636038848366
illinois,2010,household,washing,-0.008938301282041428
illinois,2010,household,chores,-0.002678348066611047
illinois,2010,household,cooking,0.02353879406966608
illinois,2010,household,baking,0.013402611822545651
illinois,2010,household,recipes,0.010587143559131151
illinois,2010,household,meals,0.018070618609288713
illinois,2010,household,lunches,0.018086891221118284
illinois,2010,household,kitchen,-0.002480940419761435
illinois,2010,household,stove,0.01293717434168462
illinois,2010,household,oven,-0.016386473817977087
illinois,2010,household,appliances,0.009386133107410544
illinois,2010,household,refrigerator,0.008311824458586248
illinois,2010,household,gardening,0.010917501971126509
illinois,2010,household,sewing,0.02554231085721026
illinois,2010,household,caregiver,0.06939054281537349
illinois,2010,household,childcare,0.01098203130538944
illinois,2010,household,daycare,0.03317865868612102
illinois,2010,household,parenting,0.012820682970552166
illinois,2015,household,cleaning,-0.018226640572805985
illinois,2015,household,cleaned,0.017513720903069796
illinois,2015,household,laundry,0.0257556864699795
illinois,2015,household,washing,-0.02591167109416581
illinois,2015,household,chores,-0.01400604411615669
illinois,2015,household,cooking,0.00798642260046356
illinois,2015,household,baking,0.04056676589745156
illinois,2015,household,recipes,0.0006444807385390661
illinois,2015,household,meals,0.014565648715656687
illinois,2015,household,lunches,-0.000668763467719824
illinois,2015,household,kitchen,0.010670648575404895
illinois,2015,household,stove,-0.01748488983103802
illinois,2015,household,oven,-0.020985647898592807
illinois,2015,household,appliances,-0.025035629917651514
illinois,2015,household,refrigerator,-0.017659153269692807
illinois,2015,household,gardening,0.014905581957872727
illinois,2015,household,sewing,0.029057904871197637
illinois,2015,household,caregiver,0.04883851858535593
illinois,2015,household,childcare,0.02997328978369751
illinois,2015,household,daycare,0.006542048432530478
illinois,2015,household,parenting,0.021966648218317175
indiana,1995,household,cooking,0.022728749596191755
indiana,1995,household,kitchen,0.03289320082548297
indiana,2000,household,cleaning,0.013744081066453084
indiana,2000,household,cleaned,0.026110805460361153
indiana,2000,household,laundry,-0.015563778358101854
indiana,2000,household,washing,-0.03293077119543186
indiana,2000,household,cooking,-0.0021910351919744997
indiana,2000,household,baking,-0.0018017701654866602
indiana,2000,household,recipes,-0.0028763969002382206
indiana,2000,household,meals,0.017990666421393464
indiana,2000,household,kitchen,-0.004988328569737299
indiana,2000,household,oven,-0.013491934444792575
indiana,2000,household,appliances,-0.055277777516092086
indiana,2000,household,sewing,-0.006212103006947967
indiana,2000,household,parenting,0.008794370783410166
indiana,2005,household,cleaning,0.009378980180202001
indiana,2005,household,cleaned,-0.013045831454197465
indiana,2005,household,laundry,0.0027280929486555028
indiana,2005,household,washing,-0.028466939337311148
indiana,2005,household,chores,0.0022237303282657273
indiana,2005,household,cooking,0.010119272767660115
indiana,2005,household,baking,0.013110338617287942
indiana,2005,household,recipes,0.021029652596287862
indiana,2005,household,meals,0.013260920498169515
indiana,2005,household,lunches,0.03360663646938589
indiana,2005,household,kitchen,0.008728940896971737
indiana,2005,household,stove,0.0031606842470102148
indiana,2005,household,oven,0.015299571208504892
indiana,2005,household,appliances,-0.02790304257625431
indiana,2005,household,gardening,0.012221541369479616
indiana,2005,household,sewing,0.025358485082202176
indiana,2005,household,caregiver,0.03129673593978122
indiana,2005,household,daycare,0.037897433655196266
indiana,2005,household,parenting,0.019189082060999008
indiana,2010,household,cleaning,0.0038632212373863606
indiana,2010,household,cleaned,0.0016151174782446098
indiana,2010,household,laundry,0.021041137894377338
indiana,2010,household,washing,-0.010645992339556765
indiana,2010,household,chores,0.00019802827856707506
indiana,2010,household,cooking,0.02734544233636771
indiana,2010,household,baking,0.026304545386565792
indiana,2010,household,recipes,0.004635858276007321
indiana,2010,household,meals,0.012733717475160278
indiana,2010,household,lunches,0.03352343259866197
indiana,2010,household,kitchen,-0.008492953177826834
indiana,2010,household,stove,-0.006158327836819355
indiana,2010,household,oven,0.0018578464094465286
indiana,2010,household,appliances,-0.014623364657125437
indiana,2010,household,refrigerator,0.022606625366482946
indiana,2010,household,gardening,5.3469441496867276e-05
indiana,2010,household,sewing,0.04128342763787174
indiana,2010,household,caregiver,0.053041572758981026
indiana,2010,household,childcare,0.06669050672179844
indiana,2010,household,daycare,0.05234011074990641
indiana,2010,household,parenting,0.03649594142285184
indiana,2015,household,cleaning,0.005502317592262607
indiana,2015,household,cleaned,0.0013788013947479971
indiana,2015,household,laundry,0.02343233823003721
indiana,2015,household,washing,0.016075100290718458
indiana,2015,household,chores,-0.006925349746622844
indiana,2015,household,cooking,0.030118392906005598
indiana,2015,household,baking,0.05531836080222474
indiana,2015,household,recipes,0.029513322642750195
indiana,2015,household,meals,0.00297010251079155
indiana,2015,household,lunches,0.022862559142968086
indiana,2015,household,kitchen,0.012142761760412402
indiana,2015,household,stove,-0.017984888605804716
indiana,2015,household,oven,-0.005744987683126812
indiana,2015,household,appliances,-0.019933696158253023
indiana,2015,household,refrigerator,0.033647823250193776
indiana,2015,household,gardening,0.007853481104059368
indiana,2015,household,sewing,0.03593132717571601
indiana,2015,household,caregiver,0.0461942164995115
indiana,2015,household,childcare,0.04964681478235544
indiana,2015,household,daycare,0.03588774825637575
indiana,2015,household,parenting,0.04334466346834831
iowa,1995,household,cooking,0.04505995737687396
iowa,1995,household,kitchen,0.03833978035927588
iowa,1995,household,oven,0.050572928306703235
iowa,1995,household,gardening,0.03811921885295544
iowa,2000,household,cleaning,-0.0023276703056180903
iowa,2000,household,cleaned,-0.017982830233465696
iowa,2000,household,chores,0.03610551183536348
iowa,2000,household,cooking,0.004770274555109477
iowa,2000,household,baking,0.008725735818524427
iowa,2000,household,recipes,0.01978419205093407
iowa,2000,household,meals,0.02923760951181209
iowa,2000,household,kitchen,0.005246070262175051
iowa,2000,household,appliances,-0.022476125267802738
iowa,2000,household,refrigerator,-0.0023715351584425726
iowa,2000,household,gardening,0.015701951525989744
iowa,2000,household,sewing,0.027107150053023332
iowa,2005,household,cleaning,-0.042453834772927745
iowa,2005,household,cleaned,-0.034813116221348306
iowa,2005,household,laundry,0.006049258818159098
iowa,2005,household,washing,-0.03779379713930475
iowa,2005,household,chores,-0.025428649534637526
iowa,2005,household,cooking,-0.0006862801680935782
iowa,2005,household,baking,-0.004509709770004644
iowa,2005,household,recipes,0.016792352812275868
iowa,2005,household,meals,0.011398487560523085
iowa,2005,household,kitchen,0.027051394122185046
iowa,2005,household,stove,-0.00844369283587909
iowa,2005,household,appliances,-0.019773418634240647
iowa,2005,household,refrigerator,-0.0059540872244083776
iowa,2005,household,gardening,-0.014261283954039694
iowa,2005,household,sewing,0.004661212956895255
iowa,2005,household,caregiver,0.027553212773483327
iowa,2010,household,cleaning,-0.017098794726869038
iowa,2010,household,cleaned,0.008912007959502644
iowa,2010,household,laundry,0.023701517683338613
iowa,2010,household,washing,-0.004632737176128554
iowa,2010,household,chores,0.01646479452258698
iowa,2010,household,cooking,0.023444714411860357
iowa,2010,household,baking,0.04252640814231545
iowa,2010,household,recipes,0.00905007452247808
iowa,2010,household,meals,0.00669680585406196
iowa,2010,household,lunches,6.056683273025776e-05
iowa,2010,household,kitchen,0.021296050439694403
iowa,2010,household,stove,-0.033400207792094294
iowa,2010,household,oven,0.018612725459019153
iowa,2010,household,appliances,-0.01173766433232748
iowa,2010,household,refrigerator,-0.022679875943730998
iowa,2010,household,gardening,0.012347098382933686
iowa,2010,household,sewing,0.02556215728867417
iowa,2010,household,caregiver,0.04650585713245037
iowa,2010,household,childcare,0.043646684485751264
iowa,2010,household,daycare,0.02253100013686893
iowa,2010,household,parenting,0.03526423101828735
iowa,2015,household,cleaning,-0.0009484577518685811
iowa,2015,household,cleaned,0.015162737797288495
iowa,2015,household,laundry,-0.012218782731690858
iowa,2015,household,washing,0.0029995886639306857
iowa,2015,household,chores,-0.02935185160446452
iowa,2015,household,cooking,0.01922644565246512
iowa,2015,household,baking,0.04084286486037303
iowa,2015,household,recipes,0.028781289794407527
iowa,2015,household,meals,0.019316502575441374
iowa,2015,household,lunches,-0.0030525910312664273
iowa,2015,household,kitchen,0.0105303005670343
iowa,2015,household,stove,-0.021998140148358214
iowa,2015,household,oven,0.016188940149346465
iowa,2015,household,appliances,-0.012897037749492135
iowa,2015,household,refrigerator,-0.005045446994425884
iowa,2015,household,gardening,0.010398944055830972
iowa,2015,household,sewing,0.035795004047879386
iowa,2015,household,caregiver,0.06217690310305524
iowa,2015,household,childcare,0.03615205358242268
iowa,2015,household,daycare,0.035601761122801
iowa,2015,household,parenting,0.04022809074439693
kansas,2000,household,cleaning,0.04377605939644369
kansas,2000,household,kitchen,0.009727832916922585
kansas,2005,household,cleaning,-0.013475893321878374
kansas,2005,household,cleaned,-0.020863888064036495
kansas,2005,household,laundry,0.027211386576267982
kansas,2005,household,cooking,0.02586766351729808
kansas,2005,household,recipes,-0.02051716582830554
kansas,2005,household,meals,-0.004344273721010872
kansas,2005,household,kitchen,0.015740636559278487
kansas,2010,household,cleaning,-0.005518852713115363
kansas,2010,household,cleaned,-0.005656852472208818
kansas,2010,household,laundry,0.023412184374077327
kansas,2010,household,washing,-0.013572047199534532
kansas,2010,household,cooking,0.012891138575299
kansas,2010,household,baking,0.011039944948971536
kansas,2010,household,recipes,0.05019504346649484
kansas,2010,household,meals,0.017482824240772632
kansas,2010,household,lunches,-0.0056956646967165625
kansas,2010,household,kitchen,0.04308120107633684
kansas,2010,household,stove,0.00024633808462970475
kansas,2010,household,oven,-0.0223927981122245
kansas,2015,household,cleaning,-0.0006072294157970504
kansas,2015,household,cleaned,0.022159240427314875
kansas,2015,household,laundry,0.007559605576868744
kansas,2015,household,washing,0.007031246821075587
kansas,2015,household,cooking,0.0021876428029704575
kansas,2015,household,baking,0.023792610062572828
kansas,2015,household,recipes,0.03383620183139302
kansas,2015,household,meals,0.020445611160301636
kansas,2015,household,lunches,0.04451467121453678
kansas,2015,household,kitchen,0.02146209122792131
kansas,2015,household,stove,-0.005177912568500753
kansas,2015,household,oven,0.01162878968775738
kansas,2015,household,appliances,0.013997394241516137
kansas,2015,household,gardening,0.039520185440798605
kansas,2015,household,sewing,0.008864112489448628
kansas,2015,household,childcare,0.007605221851477495
kansas,2015,household,daycare,0.02258300514944145
kentucky,2000,household,cleaning,0.029825303815399273
kentucky,2000,household,cooking,-0.042713681532354664
kentucky,2000,household,recipes,-0.00133040738089929
kentucky,2000,household,meals,0.020007315816305327
kentucky,2000,household,kitchen,-0.007731868254755803
kentucky,2005,household,cleaning,-0.002426098292597878
kentucky,2005,household,cleaned,0.009927528165002641
kentucky,2005,household,laundry,0.011390321697995143
kentucky,2005,household,cooking,-0.017334641290457475
kentucky,2005,household,baking,0.01632487907152247
kentucky,2005,household,recipes,-0.011677732958925824
kentucky,2005,household,meals,0.03138572553801189
kentucky,2005,household,kitchen,0.004629982048423242
kentucky,2005,household,stove,-0.0225524348388495
kentucky,2005,household,oven,-0.018897214861378075
kentucky,2005,household,refrigerator,-0.03869839215639459
kentucky,2010,household,cleaning,-0.006122081952395275
kentucky,2010,household,cleaned,0.007515128860510645
kentucky,2010,household,laundry,0.01560444925953619
kentucky,2010,household,washing,-0.03179284472716348
kentucky,2010,household,cooking,0.009050693207182992
kentucky,2010,household,baking,0.03647808851538592
kentucky,2010,household,recipes,-0.013999678191172538
kentucky,2010,household,meals,0.024417852367364823
kentucky,2010,household,lunches,0.03781790112640948
kentucky,2010,household,kitchen,0.02180679388371587
kentucky,2010,household,stove,-0.020742329887232125
kentucky,2010,household,oven,-0.025035349500590165
kentucky,2010,household,refrigerator,0.005671959036370411
kentucky,2010,household,gardening,0.023512580247416426
kentucky,2010,household,sewing,0.0037172936370440945
kentucky,2010,household,caregiver,0.03463260364418996
kentucky,2010,household,parenting,0.031862545057260716
kentucky,2015,household,cleaning,0.017830366229286243
kentucky,2015,household,cleaned,-0.00368035651175469
kentucky,2015,household,laundry,0.02181069012590986
kentucky,2015,household,washing,-0.005452909395571526
kentucky,2015,household,chores,0.019532794630052086
kentucky,2015,household,cooking,0.025097949868993608
kentucky,2015,household,baking,0.029894537464165927
kentucky,2015,household,recipes,0.008613830247747423
kentucky,2015,household,meals,0.009848997829882578
kentucky,2015,household,lunches,0.027498018227174015
kentucky,2015,household,kitchen,0.02440746874627342
kentucky,2015,household,stove,0.0031843751419011745
kentucky,2015,household,oven,-0.005513194670377031
kentucky,2015,household,appliances,0.02041721491568005
kentucky,2015,household,refrigerator,0.006688404266808945
kentucky,2015,household,gardening,0.00887314206194978
kentucky,2015,household,sewing,0.03687832928155699
kentucky,2015,household,caregiver,0.0744670647535779
kentucky,2015,household,childcare,0.059932642280746906
kentucky,2015,household,daycare,0.04974849859154351
kentucky,2015,household,parenting,0.026041220181277303
louisiana,1995,household,cooking,-0.034263602147775685
louisiana,1995,household,kitchen,-0.029359033211295404
louisiana,2000,household,cooking,-0.02124997374133475
louisiana,2000,household,baking,-0.014533654739977031
louisiana,2000,household,recipes,-0.005041301957572353
louisiana,2000,household,meals,0.010199002360071985
louisiana,2000,household,kitchen,-0.02419672943489226
louisiana,2000,household,stove,-0.01831877454012898
louisiana,2000,household,oven,0.004837441834052436
louisiana,2005,household,cleaning,-0.019605117646143144
louisiana,2005,household,cleaned,-0.02545886058710789
louisiana,2005,household,laundry,-0.005910726360102814
louisiana,2005,household,washing,-0.02000941235130993
louisiana,2005,household,cooking,0.004753019938965375
louisiana,2005,household,baking,-0.03849626595258748
louisiana,2005,household,recipes,-0.04257731126809461
louisiana,2005,household,meals,-0.00972819843399475
louisiana,2005,household,kitchen,-0.011432322495961156
louisiana,2005,household,stove,-0.05158064144610186
louisiana,2005,household,oven,-0.0030417725145359675
louisiana,2005,household,sewing,-0.04489374770404875
louisiana,2010,household,cleaning,-0.00034368151763164434
louisiana,2010,household,cleaned,0.015297733263960334
louisiana,2010,household,laundry,0.03213833279645084
louisiana,2010,household,washing,-0.012080325965484584
louisiana,2010,household,cooking,0.0031495211393062217
louisiana,2010,household,baking,-0.0007166465894619112
louisiana,2010,household,recipes,-0.00392312150406382
louisiana,2010,household,meals,0.007487517206460126
louisiana,2010,household,lunches,0.026286749834868672
louisiana,2010,household,kitchen,-0.00947237212092511
louisiana,2010,household,stove,-0.01373762876662843
louisiana,2010,household,oven,0.041106242678629945
louisiana,2010,household,appliances,0.006022919202745447
louisiana,2010,household,gardening,0.023755850999739314
louisiana,2010,household,sewing,0.027970900811754906
louisiana,2015,household,cleaning,-0.025261035876217752
louisiana,2015,household,cleaned,-0.018311186710268545
louisiana,2015,household,laundry,-0.009405199219527871
louisiana,2015,household,washing,-0.022076771026161346
louisiana,2015,household,cooking,-0.024072197975229193
louisiana,2015,household,baking,-0.005000472720847249
louisiana,2015,household,recipes,-0.015927084580528494
louisiana,2015,household,meals,-0.020820145858602368
louisiana,2015,household,lunches,0.008760627515253638
louisiana,2015,household,kitchen,-0.03601645439386392
louisiana,2015,household,oven,0.00986823364800471
louisiana,2015,household,appliances,-0.00989835596901223
louisiana,2015,household,refrigerator,-0.03312632224402323
louisiana,2015,household,gardening,0.0003575703683326159
louisiana,2015,household,sewing,0.011429605147993738
louisiana,2015,household,caregiver,0.04604989309150098
louisiana,2015,household,daycare,-0.027504893567408928
maine,2000,household,meals,0.042958751805190376
maine,2000,household,kitchen,-0.005830579796617941
maine,2005,household,cleaning,-0.07610471572755073
maine,2005,household,cleaned,-0.06405744307056649
maine,2005,household,cooking,-0.014774432785010672
maine,2005,household,recipes,-0.042863251973232264
maine,2005,household,meals,-0.04434359700260759
maine,2005,household,kitchen,0.0022391579309909426
maine,2005,household,gardening,0.007488467493513062
maine,2010,household,cleaning,-0.0031980133199323024
maine,2010,household,cleaned,-0.04933218806273176
maine,2010,household,washing,-0.029582202113829004
maine,2010,household,cooking,0.03473444018477023
maine,2010,household,baking,0.032784985580088466
maine,2010,household,recipes,0.0007421224419486006
maine,2010,household,meals,0.009451713619622493
maine,2010,household,kitchen,-0.005570935834516844
maine,2010,household,stove,-0.03540951219369426
maine,2010,household,oven,0.00794217984355794
maine,2010,household,gardening,-0.00016405940035391087
maine,2010,household,sewing,-0.00971507985889064
maine,2010,household,caregiver,0.039537099012339705
maine,2015,household,cleaning,0.012072143376110622
maine,2015,household,cleaned,0.00930738990290303
maine,2015,household,laundry,0.028558662188930883
maine,2015,household,washing,0.010423450575515858
maine,2015,household,cooking,0.03267477575140143
maine,2015,household,baking,0.05168870076184373
maine,2015,household,recipes,0.0014724632681158978
maine,2015,household,meals,0.0013829053974852012
maine,2015,household,lunches,0.013031177323003962
maine,2015,household,kitchen,0.021024068624743375
maine,2015,household,stove,-0.017221000135534847
maine,2015,household,oven,0.0014100019818372722
maine,2015,household,gardening,-0.0018164078746600865
maine,2015,household,sewing,0.021139367391791675
maine,2015,household,caregiver,0.03839400590607589
maine,2015,household,childcare,0.019708793927498136
maine,2015,household,daycare,0.03425566986579087
maryland,1995,household,meals,0.02504223545196438
maryland,1995,household,kitchen,0.01955615155088708
maryland,2000,household,cleaning,-0.002123369882569004
maryland,2000,household,laundry,0.03549474194202851
maryland,2000,household,cooking,-0.0071897194723360425
maryland,2000,household,baking,-0.013827610779777455
maryland,2000,household,meals,-0.024540096103752185
maryland,2000,household,kitchen,0.004338184007797841
maryland,2005,household,cleaning,-0.02274037239713167
maryland,2005,household,cleaned,0.0035263561257037335
maryland,2005,household,laundry,0.010798931134580858
maryland,2005,household,washing,-0.0001477383902045437
maryland,2005,household,cooking,-0.02017488392086031
maryland,2005,household,baking,0.018290473544144148
maryland,2005,household,recipes,0.005705515797516103
maryland,2005,household,meals,0.011706606795925611
maryland,2005,household,kitchen,0.015857357335649747
maryland,2005,household,oven,0.0012327099489224391
maryland,2005,household,refrigerator,-0.01002773982219407
maryland,2005,household,gardening,-0.008760923438419832
maryland,2005,household,sewing,-0.005897231905923395
maryland,2005,household,daycare,0.040533077424544706
maryland,2010,household,cleaning,-0.013312601145042846
maryland,2010,household,cleaned,0.01578242438459121
maryland,2010,household,laundry,0.026621165511635403
maryland,2010,household,washing,-0.018533719548739724
maryland,2010,household,cooking,-0.003805883105262531
maryland,2010,household,baking,-0.020471021741273798
maryland,2010,household,recipes,0.012166829973574322
maryland,2010,household,meals,0.007845688546286977
maryland,2010,household,lunches,0.02135444533798425
maryland,2010,household,kitchen,0.010992771355804898
maryland,2010,household,stove,-0.0043095952682937755
maryland,2010,household,oven,-0.022326060143531334
maryland,2010,household,appliances,-0.010993944983087811
maryland,2010,household,refrigerator,-0.021933765148695827
maryland,2010,household,gardening,-0.008611569327009683
maryland,2010,household,sewing,0.013396905176697338
maryland,2010,household,daycare,0.035414160978456954
maryland,2015,household,cleaning,-0.019401499093148145
maryland,2015,household,cleaned,0.015620619839839867
maryland,2015,household,laundry,0.012474780347042413
maryland,2015,household,washing,-0.009589849982619691
maryland,2015,household,cooking,0.01482086464656951
maryland,2015,household,baking,0.019584031855131023
maryland,2015,household,recipes,0.032294583498313156
maryland,2015,household,meals,0.009826406304833224
maryland,2015,household,lunches,0.026037812343259636
maryland,2015,household,kitchen,-0.00775454032736822
maryland,2015,household,stove,-0.025421114149241197
maryland,2015,household,oven,-0.011197626817330386
maryland,2015,household,appliances,-0.017659300697998814
maryland,2015,household,refrigerator,-0.005075477226900604
maryland,2015,household,gardening,0.020866383527124
maryland,2015,household,sewing,0.008881610995525757
maryland,2015,household,caregiver,0.0554268649133729
maryland,2015,household,daycare,0.04567051599165861
massachusetts,1995,household,cleaning,0.007403141769530386
massachusetts,1995,household,cleaned,-0.02780881945813951
massachusetts,1995,household,laundry,0.03298952476726491
massachusetts,1995,household,washing,-0.008112434316972283
massachusetts,1995,household,cooking,-0.014128460172981527
massachusetts,1995,household,baking,0.027941194572078776
massachusetts,1995,household,recipes,-0.01291528755602711
massachusetts,1995,household,meals,0.051605310837786744
massachusetts,1995,household,kitchen,0.012777551222942662
massachusetts,1995,household,stove,0.00816939704309183
massachusetts,1995,household,oven,-0.006541425955708835
massachusetts,1995,household,refrigerator,-0.002942347169546
massachusetts,1995,household,gardening,0.004555016784795529
massachusetts,1995,household,sewing,-0.010604526366801204
massachusetts,1995,household,parenting,0.023018623596603005
massachusetts,2000,household,cleaning,0.0007343677492550604
massachusetts,2000,household,cleaned,-0.017009065624980613
massachusetts,2000,household,laundry,0.012826053871815235
massachusetts,2000,household,washing,-0.017721963488451342
massachusetts,2000,household,chores,-0.0028004648099749785
massachusetts,2000,household,cooking,-0.005574348297604059
massachusetts,2000,household,baking,0.0016018862865245787
massachusetts,2000,household,recipes,0.008975717718486154
massachusetts,2000,household,meals,0.003931149645658216
massachusetts,2000,household,lunches,-0.017123505157984997
massachusetts,2000,household,kitchen,0.01086448393200734
massachusetts,2000,household,stove,0.0031133497132638244
massachusetts,2000,household,oven,-0.0019801058998212273
massachusetts,2000,household,appliances,-0.007078406650230962
massachusetts,2000,household,refrigerator,0.015131148278266782
massachusetts,2000,household,gardening,0.008733136285467014
massachusetts,2000,household,sewing,-0.0016261828189481076
massachusetts,2000,household,caregiver,0.08461558247192369
massachusetts,2000,household,childcare,0.024802952131782408
massachusetts,2000,household,parenting,-0.00035477977194586785
massachusetts,2005,household,cleaning,0.015130505190675825
massachusetts,2005,household,cleaned,-0.002766042216203468
massachusetts,2005,household,laundry,0.0027213942428179205
massachusetts,2005,household,washing,-0.012957430772053247
massachusetts,2005,household,chores,0.009251913837073578
massachusetts,2005,household,cooking,0.005382383163439641
massachusetts,2005,household,baking,-0.01675713316444094
massachusetts,2005,household,recipes,0.02053501474670627
massachusetts,2005,household,meals,0.027245192902393578
massachusetts,2005,household,lunches,0.0030521664423870387
massachusetts,2005,household,kitchen,-0.014738375666843773
massachusetts,2005,household,stove,-0.024951106956532465
massachusetts,2005,household,oven,-0.018843217771279397
massachusetts,2005,household,appliances,-0.03512549359572548
massachusetts,2005,household,refrigerator,0.006233823093834134
massachusetts,2005,household,gardening,-0.010053896884427482
massachusetts,2005,household,sewing,0.029153632800380525
massachusetts,2005,household,caregiver,0.06353499335544943
massachusetts,2005,household,childcare,0.017447500828946083
massachusetts,2005,household,daycare,0.023300353473935553
massachusetts,2005,household,parenting,0.012432163788586137
massachusetts,2010,household,cleaning,-0.012976549043298702
massachusetts,2010,household,cleaned,0.00539894903035365
massachusetts,2010,household,laundry,0.01068017908084573
massachusetts,2010,household,washing,-0.0013483669498826067
massachusetts,2010,household,chores,-0.006863593693547609
massachusetts,2010,household,cooking,0.010610340899203763
massachusetts,2010,household,baking,0.03585112101454335
massachusetts,2010,household,recipes,0.03891308973325747
massachusetts,2010,household,meals,0.014332164541336345
massachusetts,2010,household,lunches,0.016048302079307852
massachusetts,2010,household,kitchen,-0.00104949983730096
massachusetts,2010,household,stove,-0.019791889460212708
massachusetts,2010,household,oven,0.003437433477429863
massachusetts,2010,household,appliances,-0.01481061660695504
massachusetts,2010,household,refrigerator,0.012271927006693106
massachusetts,2010,household,gardening,0.001172367172725064
massachusetts,2010,household,sewing,0.01283899972793967
massachusetts,2010,household,caregiver,0.04740992362258145
massachusetts,2010,household,childcare,0.013705248421475247
massachusetts,2010,household,daycare,0.007090582591519734
massachusetts,2010,household,parenting,0.027428467048708494
massachusetts,2015,household,cleaning,-0.03280694576982057
massachusetts,2015,household,cleaned,0.005187131368763698
massachusetts,2015,household,laundry,0.0147515960644522
massachusetts,2015,household,washing,-0.006716085942559014
massachusetts,2015,household,chores,-0.008557145069772898
massachusetts,2015,household,cooking,0.006036150368643245
massachusetts,2015,household,baking,0.00937645838000667
massachusetts,2015,household,recipes,0.004451778727727174
massachusetts,2015,household,meals,0.01337768876318668
massachusetts,2015,household,lunches,0.02983449801463145
massachusetts,2015,household,kitchen,0.012719463438694234
massachusetts,2015,household,stove,-0.034283495337815495
massachusetts,2015,household,oven,-0.0062389237410973575
massachusetts,2015,household,appliances,-0.015964957942927738
massachusetts,2015,household,refrigerator,-0.007942015087667675
massachusetts,2015,household,gardening,-0.011598476446698758
massachusetts,2015,household,sewing,0.0006632757509308362
massachusetts,2015,household,caregiver,0.05854815269919966
massachusetts,2015,household,childcare,0.03966785449498356
massachusetts,2015,household,daycare,0.02844972307294813
massachusetts,2015,household,parenting,0.028658856400869626
michigan,1995,household,cooking,0.03075015687721394
michigan,1995,household,kitchen,-0.027156569358194882
michigan,1995,household,gardening,-0.004530357190551393
michigan,2000,household,cleaning,-0.018641964330794347
michigan,2000,household,cleaned,-0.013047479457229727
michigan,2000,household,washing,-0.017134515050103438
michigan,2000,household,cooking,0.00012260809801301065
michigan,2000,household,baking,0.035172485406372966
michigan,2000,household,recipes,0.003266927823589949
michigan,2000,household,meals,0.03146519458750896
michigan,2000,household,kitchen,-0.037462117110172555
michigan,2000,household,stove,-0.030931014650724564
michigan,2000,household,oven,-0.004628693321112598
michigan,2000,household,refrigerator,0.004346480417725562
michigan,2000,household,gardening,0.017369304138142305
michigan,2005,household,cleaning,-0.00048101589668347877
michigan,2005,household,cleaned,0.003494913361628438
michigan,2005,household,laundry,0.00019465375276705998
michigan,2005,household,washing,-0.022393958304534056
michigan,2005,household,chores,-0.02043235803861143
michigan,2005,household,cooking,-0.001164298026067545
michigan,2005,household,baking,-0.00870963521210022
michigan,2005,household,recipes,0.011273427005903836
michigan,2005,household,meals,0.019174209365064865
michigan,2005,household,lunches,0.03313630637104992
michigan,2005,household,kitchen,-0.011057673921053945
michigan,2005,household,stove,-0.03139747385381808
michigan,2005,household,oven,-0.0012048436308538246
michigan,2005,household,appliances,-0.0073967729359372125
michigan,2005,household,refrigerator,-0.012329124117322898
michigan,2005,household,gardening,0.017136234285693774
michigan,2005,household,sewing,0.006413695090976557
michigan,2005,household,caregiver,0.0409854990781966
michigan,2005,household,daycare,0.04496163456045832
michigan,2005,household,parenting,0.04134758124809779
michigan,2010,household,cleaning,-0.0031097227206517974
michigan,2010,household,cleaned,-7.868902579755144e-05
michigan,2010,household,laundry,-0.00775951468400371
michigan,2010,household,washing,-0.0029595226559184784
michigan,2010,household,chores,-0.0031535201275599833
michigan,2010,household,cooking,0.006557661840421725
michigan,2010,household,baking,0.003535103699585651
michigan,2010,household,recipes,0.0013664444434677847
michigan,2010,household,meals,0.00205533837905314
michigan,2010,household,lunches,-0.0015787536522338108
michigan,2010,household,kitchen,0.0042965720789864825
michigan,2010,household,stove,-0.007181650666380435
michigan,2010,household,oven,0.011058879155147139
michigan,2010,household,appliances,-0.028514731241869207
michigan,2010,household,refrigerator,-0.02114031648185999
michigan,2010,household,gardening,0.005076328420330123
michigan,2010,household,sewing,0.03610413026888204
michigan,2010,household,caregiver,0.03310613078304492
michigan,2010,household,childcare,0.049499142383575334
michigan,2010,household,daycare,0.03516834215116171
michigan,2010,household,parenting,0.036928617729201085
michigan,2015,household,cleaning,0.005241335652459211
michigan,2015,household,cleaned,-0.008075212806333054
michigan,2015,household,laundry,-0.004465358223755489
michigan,2015,household,washing,0.003437639259312064
michigan,2015,household,chores,0.0027712496244168827
michigan,2015,household,cooking,0.027586951141681748
michigan,2015,household,baking,0.016971192718244432
michigan,2015,household,recipes,0.020078793233676118
michigan,2015,household,meals,0.005949707585307218
michigan,2015,household,lunches,0.009147250134642348
michigan,2015,household,kitchen,0.02424233039299062
michigan,2015,household,stove,-0.006017990364824755
michigan,2015,household,oven,0.017792465715680494
michigan,2015,household,appliances,-0.020372786459315728
michigan,2015,household,refrigerator,-0.006027898991209035
michigan,2015,household,gardening,-0.002722539850693595
michigan,2015,household,sewing,0.02464618900596116
michigan,2015,household,caregiver,0.013834868834967429
michigan,2015,household,childcare,0.021948503579858336
michigan,2015,household,daycare,0.02164959044721204
michigan,2015,household,parenting,0.023260111896263647
minnesota,1995,household,cleaning,-0.0024137662730678855
minnesota,1995,household,cleaned,-0.02225417395978191
minnesota,1995,household,washing,-0.019703238932856637
minnesota,1995,household,chores,0.02870099007993876
minnesota,1995,household,cooking,0.004727186393106431
minnesota,1995,household,baking,0.013096563707908127
minnesota,1995,household,recipes,-0.0019779604264047457
minnesota,1995,household,meals,0.033004647579634394
minnesota,1995,household,kitchen,0.00691319951328373
minnesota,1995,household,stove,-0.016142364013887245
minnesota,1995,household,gardening,0.0375045551532488
minnesota,1995,household,sewing,0.01352547207597976
minnesota,1995,household,caregiver,0.05423640862279322
minnesota,1995,household,childcare,0.036901714587060264
minnesota,2000,household,cleaning,0.004689291585763478
minnesota,2000,household,cleaned,-0.029399719335816754
minnesota,2000,household,laundry,0.0010156192787006413
minnesota,2000,household,washing,-0.007558302141345008
minnesota,2000,household,chores,0.0038244560549731688
minnesota,2000,household,cooking,-0.004862911648894519
minnesota,2000,household,baking,0.00413813419192488
minnesota,2000,household,recipes,0.006512217857245206
minnesota,2000,household,meals,0.01952741406421943
minnesota,2000,household,kitchen,0.015053305105762416
minnesota,2000,household,stove,-0.015536394276959298
minnesota,2000,household,refrigerator,-0.004248849986642211
minnesota,2000,household,gardening,0.01224785597603184
minnesota,2000,household,sewing,0.00813053095128291
minnesota,2000,household,caregiver,0.046825218034114324
minnesota,2000,household,childcare,0.006227466899445533
minnesota,2000,household,daycare,-0.0037373921265242416
minnesota,2005,household,cleaning,0.004579346263350326
minnesota,2005,household,cleaned,0.010893432624428323
minnesota,2005,household,laundry,0.02007577656675119
minnesota,2005,household,washing,-0.009264246749344673
minnesota,2005,household,chores,-0.02383609894521388
minnesota,2005,household,cooking,0.0016165557481017112
minnesota,2005,household,baking,0.005536081701918105
minnesota,2005,household,recipes,0.019078271208363695
minnesota,2005,household,meals,0.003227119887750929
minnesota,2005,household,kitchen,0.021180117066452286
minnesota,2005,household,stove,0.0032759952955769833
minnesota,2005,household,oven,0.014214290522809536
minnesota,2005,household,appliances,-0.012486440352184713
minnesota,2005,household,gardening,0.0077763012286088395
minnesota,2005,household,sewing,0.017896757330192914
minnesota,2005,household,caregiver,0.04385150427492679
minnesota,2005,household,childcare,0.054573949976580494
minnesota,2005,household,daycare,0.0314631350482385
minnesota,2010,household,cleaning,-0.003968637439996758
minnesota,2010,household,cleaned,-0.0008927327401968554
minnesota,2010,household,laundry,-0.009812404142053976
minnesota,2010,household,washing,-0.00031937505137347166
minnesota,2010,household,chores,-0.0062264006194372445
minnesota,2010,household,cooking,-0.006288670516941597
minnesota,2010,household,baking,0.01202336799685777
minnesota,2010,household,recipes,0.0016796401822802842
minnesota,2010,household,meals,3.38449190731005e-05
minnesota,2010,household,lunches,0.002214287487499078
minnesota,2010,household,kitchen,0.01297925518416898
minnesota,2010,household,stove,-0.021587009973978555
minnesota,2010,household,oven,-0.02001986359466934
minnesota,2010,household,appliances,-0.04164643832328596
minnesota,2010,household,refrigerator,-0.0002115560318094456
minnesota,2010,household,gardening,-0.004561182305149236
minnesota,2010,household,sewing,0.02388320004132849
minnesota,2010,household,caregiver,0.03332911881848111
minnesota,2010,household,childcare,0.03479619304152304
minnesota,2010,household,daycare,0.037022655241575664
minnesota,2010,household,parenting,0.03310951170791088
minnesota,2015,household,cleaning,-0.00026274821380289914
minnesota,2015,household,cleaned,0.0014332945693829036
minnesota,2015,household,laundry,-0.0013738552351474365
minnesota,2015,household,washing,-0.005589688251426583
minnesota,2015,household,chores,-0.01079272127768871
minnesota,2015,household,cooking,0.021278504294738765
minnesota,2015,household,baking,0.03159492780254536
minnesota,2015,household,recipes,0.034860020552661464
minnesota,2015,household,meals,0.02497383735460912
minnesota,2015,household,lunches,0.006446069041575964
minnesota,2015,household,kitchen,0.022987573611481738
minnesota,2015,household,stove,-0.015487750782650522
minnesota,2015,household,oven,-0.00284753351322542
minnesota,2015,household,appliances,-0.029729626205520887
minnesota,2015,household,refrigerator,-0.007250751626297847
minnesota,2015,household,gardening,0.018011722421730436
minnesota,2015,household,sewing,0.029840384192612923
minnesota,2015,household,caregiver,0.07578059233426127
minnesota,2015,household,childcare,0.034924340705744905
minnesota,2015,household,daycare,0.05566264470115334
minnesota,2015,household,parenting,0.037086447497784
mississippi,2000,household,cleaning,0.009479523127325584
mississippi,2000,household,cooking,0.016252580359721658
mississippi,2000,household,kitchen,-0.004138654131228825
mississippi,2000,household,gardening,0.015060724710781015
mississippi,2005,household,cleaning,-0.005106860869530494
mississippi,2005,household,cleaned,-0.002697733940886682
mississippi,2005,household,cooking,0.02112769219998456
mississippi,2005,household,recipes,-0.0011329165844748967
mississippi,2005,household,meals,0.007122125136148627
mississippi,2005,household,kitchen,-0.028721903180346953
mississippi,2005,household,oven,0.0015922684701688006
mississippi,2005,household,gardening,0.00282130391254265
mississippi,2010,household,cleaning,0.011055939560597361
mississippi,2010,household,cleaned,-0.008526925958001863
mississippi,2010,household,laundry,0.004374239421026993
mississippi,2010,household,washing,-0.01843484528062289
mississippi,2010,household,cooking,0.006533958110959581
mississippi,2010,household,baking,0.011084442411190332
mississippi,2010,household,recipes,0.01421311445387985
mississippi,2010,household,meals,0.010365060478996324
mississippi,2010,household,kitchen,0.003455283483820404
mississippi,2010,household,stove,-0.005448650502108521
mississippi,2010,household,oven,-0.01330755279432827
mississippi,2010,household,gardening,-0.01032209768974468
mississippi,2010,household,sewing,0.04247665633228348
mississippi,2010,household,caregiver,0.06060840368290066
mississippi,2010,household,daycare,0.023214020923277845
mississippi,2015,household,cleaning,0.01925070582050603
mississippi,2015,household,cleaned,-0.01295862505498313
mississippi,2015,household,laundry,-0.01952907018732064
mississippi,2015,household,washing,0.006799402119377795
mississippi,2015,household,chores,0.010081789469056912
mississippi,2015,household,cooking,0.02658374806966779
mississippi,2015,household,baking,0.02434281929637483
mississippi,2015,household,recipes,-0.002459143537887787
mississippi,2015,household,meals,-0.01793367135988433
mississippi,2015,household,lunches,0.025903610238674823
mississippi,2015,household,kitchen,0.010729267282626243
mississippi,2015,household,stove,0.002020393404513543
mississippi,2015,household,oven,-0.010787810001732456
mississippi,2015,household,appliances,-0.02217782712643679
mississippi,2015,household,refrigerator,0.006834484869760349
mississippi,2015,household,gardening,0.020006361631593972
mississippi,2015,household,sewing,0.054534824437922125
mississippi,2015,household,caregiver,0.05915643513322788
mississippi,2015,household,childcare,0.029850625070174663
mississippi,2015,household,daycare,0.03209164740777748
mississippi,2015,household,parenting,0.04997491500234397
missouri,1995,household,laundry,-0.028653224050609105
missouri,1995,household,cooking,0.012591764897007196
missouri,1995,household,meals,0.026032412840741315
missouri,1995,household,kitchen,0.019974585103190834
missouri,2000,household,cleaning,0.008415677251373932
missouri,2000,household,cleaned,-0.018945781437025522
missouri,2000,household,laundry,-0.004354553907042424
missouri,2000,household,washing,-0.01612696246795642
missouri,2000,household,cooking,-0.0004855038140816337
missouri,2000,household,baking,0.0012643658208630892
missouri,2000,household,recipes,-0.012133082078476187
missouri,2000,household,meals,0.007954731429181239
missouri,2000,household,kitchen,0.024825078925205357
missouri,2000,household,oven,0.01476939795422716
missouri,2000,household,daycare,-0.003448719533979183
missouri,2005,household,cleaning,-0.006351551096449359
missouri,2005,household,cleaned,-0.0046925873567911225
missouri,2005,household,laundry,0.017437239552025252
missouri,2005,household,washing,-0.02894256847819332
missouri,2005,household,chores,0.009545697898387107
missouri,2005,household,cooking,0.01700344775841134
missouri,2005,household,baking,0.0008713932269375224
missouri,2005,household,recipes,0.015648577964746835
missouri,2005,household,meals,0.0077909353658213165
missouri,2005,household,lunches,0.03446319016709254
missouri,2005,household,kitchen,0.00842550234372963
missouri,2005,household,stove,-0.022075640035717936
missouri,2005,household,oven,-0.0006791813713507011
missouri,2005,household,refrigerator,0.006147438400935901
missouri,2005,household,gardening,-0.00739082440925376
missouri,2005,household,caregiver,0.01854445879208766
missouri,2005,household,daycare,0.021309693058758405
missouri,2005,household,parenting,0.021618333282796387
missouri,2010,household,cleaning,0.002700262915267704
missouri,2010,household,cleaned,-0.004730063420046893
missouri,2010,household,laundry,0.02496269917588334
missouri,2010,household,washing,-0.008241798038596482
missouri,2010,household,chores,0.028963357234707998
missouri,2010,household,cooking,-0.0011192519632023945
missouri,2010,household,baking,0.03166861269415866
missouri,2010,household,recipes,0.008390847965143111
missouri,2010,household,meals,0.005852318547566959
missouri,2010,household,lunches,0.04241389215406688
missouri,2010,household,kitchen,0.004803378869302932
missouri,2010,household,stove,0.0012261249720371126
missouri,2010,household,oven,-0.0055097681313627245
missouri,2010,household,appliances,-0.005913121207136385
missouri,2010,household,refrigerator,0.011168628869353547
missouri,2010,household,gardening,-0.009759356403951092
missouri,2010,household,sewing,-0.00931387575668785
missouri,2010,household,caregiver,0.027430632216307815
missouri,2010,household,daycare,0.014646029821054896
missouri,2010,household,parenting,0.01877130554886508
missouri,2015,household,cleaning,0.004720319086676472
missouri,2015,household,cleaned,-0.027633267294616237
missouri,2015,household,laundry,0.017364903449727853
missouri,2015,household,washing,0.019340946312262908
missouri,2015,household,chores,0.018202105305997307
missouri,2015,household,cooking,0.012172771195054999
missouri,2015,household,baking,0.03354054463565026
missouri,2015,household,recipes,0.009187745966832583
missouri,2015,household,meals,-0.01035295941159009
missouri,2015,household,lunches,0.010714434631001524
missouri,2015,household,kitchen,0.0056431658805959906
missouri,2015,household,stove,-0.023126022016006553
missouri,2015,household,oven,-0.009854088523374216
missouri,2015,household,appliances,-0.023130626700702317
missouri,2015,household,refrigerator,0.001328040559681165
missouri,2015,household,gardening,0.014113714437319791
missouri,2015,household,sewing,0.025865871883540836
missouri,2015,household,caregiver,0.021193482295071453
missouri,2015,household,childcare,0.0426460957639454
missouri,2015,household,daycare,0.023083811494467588
missouri,2015,household,parenting,0.04431741078075746
montana,1995,household,cooking,-0.027350611249494894
montana,1995,household,kitchen,-0.001954239772837374
montana,2000,household,cleaning,-0.008446809864417926
montana,2000,household,cleaned,0.014812950805771274
montana,2000,household,laundry,0.006873666372939957
montana,2000,household,cooking,0.004841523214907939
montana,2000,household,recipes,0.007639313740468667
montana,2000,household,meals,0.01514964803099561
montana,2000,household,kitchen,0.010745183825794369
montana,2000,household,gardening,-0.022544528788175033
montana,2005,household,cleaning,-0.01720548788002607
montana,2005,household,cleaned,-0.011657721121318465
montana,2005,household,laundry,-0.014917221941059489
montana,2005,household,washing,-0.01340546907306861
montana,2005,household,cooking,-0.01951961523437218
montana,2005,household,baking,0.006508808383597131
montana,2005,household,recipes,-0.01830431792811793
montana,2005,household,meals,0.02256076689660247
montana,2005,household,kitchen,0.03226707045865984
montana,2005,household,stove,-0.021248545544116704
montana,2005,household,refrigerator,0.018281255322998513
montana,2005,household,gardening,-0.003172171943781832
montana,2005,household,sewing,0.0056075957451077185
montana,2005,household,caregiver,-0.01134603543938828
montana,2005,household,daycare,0.0002810550158787173
montana,2010,household,cleaning,0.006135660255621955
montana,2010,household,cleaned,-0.0067218035234963835
montana,2010,household,laundry,-0.002886896739587641
montana,2010,household,washing,-0.041511728112351265
montana,2010,household,chores,-0.03313323236783183
montana,2010,household,cooking,0.0024758357885219517
montana,2010,household,baking,0.01882967523847856
montana,2010,household,recipes,0.008549526459055046
montana,2010,household,meals,0.02875135209488011
montana,2010,household,kitchen,0.029427560440086875
montana,2010,household,stove,-0.0004547135698993454
montana,2010,household,oven,0.01157256575894594
montana,2010,household,appliances,0.002917529406709196
montana,2010,household,refrigerator,0.03737755502073015
montana,2010,household,gardening,-0.005752211896106085
montana,2010,household,sewing,0.002095616501243347
montana,2010,household,caregiver,0.02121021865866557
montana,2010,household,daycare,0.029977404151243947
montana,2010,household,parenting,0.028955436706673332
montana,2015,household,cleaning,0.0227762303924528
montana,2015,household,cleaned,0.003091407713299521
montana,2015,household,laundry,0.02472075610579383
montana,2015,household,washing,0.002159903082626924
montana,2015,household,chores,-0.030688921681576886
montana,2015,household,cooking,0.011526807162185237
montana,2015,household,baking,0.024640128622111845
montana,2015,household,recipes,0.020049727370418435
montana,2015,household,meals,0.0019975985263565033
montana,2015,household,lunches,-0.009824814523091252
montana,2015,household,kitchen,0.024405888952409693
montana,2015,household,stove,-0.024089352847336043
montana,2015,household,oven,0.013935862369820695
montana,2015,household,appliances,-0.0023272419507602837
montana,2015,household,refrigerator,0.012032369631325368
montana,2015,household,gardening,-0.007715405256630503
montana,2015,household,sewing,-0.008786279825096166
montana,2015,household,caregiver,0.03639062351704758
montana,2015,household,childcare,0.04703457004668854
montana,2015,household,daycare,0.03460660483651312
montana,2015,household,parenting,0.03613104092737218
nebraska,2000,household,cleaning,-0.016252844929115273
nebraska,2000,household,cooking,-0.02096796602660167
nebraska,2000,household,meals,0.010424440264638513
nebraska,2000,household,kitchen,0.0018865747147044365
nebraska,2005,household,cleaning,-0.05553604442555282
nebraska,2005,household,cleaned,-0.04060517427417498
nebraska,2005,household,laundry,-0.010168451844604798
nebraska,2005,household,cooking,-0.015435348173790886
nebraska,2005,household,baking,-0.022000854689487648
nebraska,2005,household,recipes,-0.011826582938035513
nebraska,2005,household,meals,-0.014453906472600697
nebraska,2005,household,lunches,-0.00845234052111521
nebraska,2005,household,kitchen,-0.0023739984499482336
nebraska,2005,household,appliances,-0.0305171631354062
nebraska,2005,household,gardening,-0.022012413243501894
nebraska,2005,household,sewing,0.0036949333089016934
nebraska,2010,household,cleaning,-0.02203642088085056
nebraska,2010,household,cleaned,-0.03186967088137138
nebraska,2010,household,laundry,0.02907742608982211
nebraska,2010,household,washing,0.006553094561113415
nebraska,2010,household,chores,0.010959220743458564
nebraska,2010,household,cooking,0.00932280666971097
nebraska,2010,household,baking,-0.0027623393370371785
nebraska,2010,household,recipes,0.0028229312081944347
nebraska,2010,household,meals,-0.006579284489476311
nebraska,2010,household,lunches,-0.0053077231706673
nebraska,2010,household,kitchen,-0.00570167595920279
nebraska,2010,household,oven,0.0007910370899724128
nebraska,2010,household,appliances,-0.01508422737616355
nebraska,2010,household,gardening,0.00975019137333133
nebraska,2010,household,sewing,0.009806299636563431
nebraska,2010,household,caregiver,0.03361286971821853
nebraska,2010,household,daycare,0.047422948709780366
nebraska,2010,household,parenting,0.03518560681597627
nebraska,2015,household,cleaning,0.008728717634746141
nebraska,2015,household,cleaned,-0.0005594197905478548
nebraska,2015,household,laundry,0.0213998130261277
nebraska,2015,household,washing,0.026847944215016906
nebraska,2015,household,chores,0.001438137624331648
nebraska,2015,household,cooking,0.015465883451539764
nebraska,2015,household,baking,0.017714589931763114
nebraska,2015,household,recipes,0.017883203454650443
nebraska,2015,household,meals,0.008346306821885419
nebraska,2015,household,lunches,0.0018798208583377107
nebraska,2015,household,kitchen,0.015864985453010183
nebraska,2015,household,oven,-0.009135262762584473
nebraska,2015,household,appliances,-0.0214033863242995
nebraska,2015,household,refrigerator,-0.011130893466173353
nebraska,2015,household,gardening,0.013134053050503858
nebraska,2015,household,sewing,0.013599496092564611
nebraska,2015,household,caregiver,0.032392258065642054
nebraska,2015,household,childcare,0.0416864330375617
nebraska,2015,household,daycare,0.027333643267673957
nebraska,2015,household,parenting,0.02748117103996861
nevada,1995,household,kitchen,0.002243774899290396
nevada,2000,household,cleaning,0.008048749742700423
nevada,2000,household,cleaned,-0.0008967643697324057
nevada,2000,household,cooking,-0.007519457000930485
nevada,2000,household,meals,0.054430266906505764
nevada,2000,household,kitchen,0.03291199391638977
nevada,2005,household,cleaning,-0.03303131969095352
nevada,2005,household,cleaned,0.004468801521985366
nevada,2005,household,laundry,0.01294874765902354
nevada,2005,household,washing,0.013540490365652857
nevada,2005,household,cooking,-0.004823361358479605
nevada,2005,household,recipes,0.03826918200789042
nevada,2005,household,meals,0.047482285369692456
nevada,2005,household,kitchen,0.02440936903144375
nevada,2005,household,appliances,0.03310355214040417
nevada,2005,household,gardening,0.02371724571752365
nevada,2010,household,cleaning,-0.015688171537463935
nevada,2010,household,cleaned,-0.012259215147187641
nevada,2010,household,laundry,0.01592166631052072
nevada,2010,household,washing,0.01996302826911922
nevada,2010,household,cooking,0.009260304100140004
nevada,2010,household,baking,0.002731840600081137
nevada,2010,household,recipes,0.035275667432949076
nevada,2010,household,meals,0.008688764111794867
nevada,2010,household,kitchen,8.636756023761016e-05
nevada,2010,household,stove,-0.020874459028577874
nevada,2010,household,oven,-0.00021539671991610554
nevada,2010,household,gardening,0.02193635269426386
nevada,2010,household,parenting,0.025919907963620092
nevada,2015,household,cleaning,-0.0041121019960033145
nevada,2015,household,cleaned,-0.029380828950085425
nevada,2015,household,laundry,-0.0016779094403520656
nevada,2015,household,washing,0.0215055138251945
nevada,2015,household,cooking,-0.01757080189472715
nevada,2015,household,baking,0.007621606008483495
nevada,2015,household,recipes,0.021956955747869822
nevada,2015,household,meals,-0.007020787611652146
nevada,2015,household,lunches,0.00032525944313310795
nevada,2015,household,kitchen,-0.005502292922931806
nevada,2015,household,stove,-0.0023702106893577213
nevada,2015,household,oven,-0.017143319446853322
nevada,2015,household,appliances,-0.017227497436549832
nevada,2015,household,refrigerator,-0.003158826804938508
nevada,2015,household,gardening,0.01410762826844747
nevada,2015,household,sewing,-0.004636967452092855
nevada,2015,household,caregiver,0.03359479503290508
nevada,2015,household,childcare,0.014957013341570735
nevada,2015,household,daycare,0.03327022517069966
nevada,2015,household,parenting,0.022982024849414806
new_hampshire,1995,household,meals,0.01734990699786143
new_hampshire,1995,household,kitchen,-0.00395342006218502
new_hampshire,2000,household,meals,0.008024944624765218
new_hampshire,2000,household,kitchen,0.00094222134478128
new_hampshire,2005,household,meals,0.007213224061274448
new_hampshire,2005,household,kitchen,0.009449768400142
new_hampshire,2010,household,meals,0.00991517106112405
new_hampshire,2010,household,kitchen,0.029233079715539123
new_hampshire,2015,household,meals,0.022914930374740683
new_hampshire,2015,household,kitchen,0.01127271785260775
new_jersey,1995,household,cleaning,0.02119892509595922
new_jersey,1995,household,washing,-0.025234808548078247
new_jersey,1995,household,cooking,-0.026817245182852556
new_jersey,1995,household,meals,0.009885886345710304
new_jersey,1995,household,kitchen,-0.022476847198767302
new_jersey,1995,household,gardening,0.02354757355219772
new_jersey,1995,household,caregiver,0.07127333773857036
new_jersey,2000,household,cleaning,0.016280354417442577
new_jersey,2000,household,washing,-0.013665223570642038
new_jersey,2000,household,cooking,-0.014960706643718069
new_jersey,2000,household,recipes,0.0261769050424161
new_jersey,2000,household,meals,0.013105930688191547
new_jersey,2000,household,kitchen,-0.012154570339176773
new_jersey,2000,household,gardening,0.013906561735508749
new_jersey,2000,household,caregiver,0.07159321927586648
new_jersey,2005,household,cleaning,0.015809033525130634
new_jersey,2005,household,cleaned,0.0018880690617809615
new_jersey,2005,household,laundry,0.011988800504153518
new_jersey,2005,household,washing,-0.004851905675642865
new_jersey,2005,household,cooking,0.0003577251670934256
new_jersey,2005,household,baking,0.008728977493193124
new_jersey,2005,household,recipes,0.032907767384924624
new_jersey,2005,household,meals,0.027519939174578734
new_jersey,2005,household,lunches,-0.007659140598304859
new_jersey,2005,household,kitchen,0.04399840094421925
new_jersey,2005,household,oven,0.003292014786316466
new_jersey,2005,household,gardening,0.023162345534824658
new_jersey,2005,household,caregiver,0.04826583942502083
new_jersey,2010,household,cleaning,0.0027396616105563876
new_jersey,2010,household,cleaned,-0.031238866243380237
new_jersey,2010,household,laundry,0.024111914060382933
new_jersey,2010,household,washing,0.00022203787814900622
new_jersey,2010,household,chores,-0.01439455835466974
new_jersey,2010,household,cooking,0.012785998560093326
new_jersey,2010,household,baking,0.03242066742830996
new_jersey,2010,household,recipes,0.03396976085654613
new_jersey,2010,household,meals,0.00035658697745222234
new_jersey,2010,household,lunches,0.001044944719807095
new_jersey,2010,household,kitchen,0.007528477129421507
new_jersey,2010,household,stove,-0.0230022111381869
new_jersey,2010,household,oven,0.004980241018952336
new_jersey,2010,household,appliances,-0.02635903837266751
new_jersey,2010,household,refrigerator,-0.039297628888908864
new_jersey,2010,household,gardening,0.02825729783459563
new_jersey,2010,household,sewing,0.012500797599633295
new_jersey,2010,household,caregiver,0.04697250190778879
new_jersey,2010,household,childcare,0.029174548107595122
new_jersey,2010,household,daycare,0.011609739760166549
new_jersey,2010,household,parenting,0.025226299532047358
new_jersey,2015,household,cleaning,-0.01863372473870606
new_jersey,2015,household,cleaned,-0.014308935293220193
new_jersey,2015,household,laundry,-0.0014665059020206872
new_jersey,2015,household,washing,0.004053822233891058
new_jersey,2015,household,chores,-0.014305086006158096
new_jersey,2015,household,cooking,0.00017149990076203991
new_jersey,2015,household,baking,0.04246264281087697
new_jersey,2015,household,recipes,0.026346806703705705
new_jersey,2015,household,meals,-0.022265072261503205
new_jersey,2015,household,lunches,-0.014775743886088488
new_jersey,2015,household,kitchen,0.010162812653500275
new_jersey,2015,household,stove,-0.034194808962940026
new_jersey,2015,household,oven,-0.02047097879894877
new_jersey,2015,household,appliances,-0.0051418525730644316
new_jersey,2015,household,refrigerator,-0.013636411017964312
new_jersey,2015,household,gardening,0.03383258441919179
new_jersey,2015,household,sewing,0.017201281130152735
new_jersey,2015,household,caregiver,0.04159572290650848
new_jersey,2015,household,childcare,0.03392053880902601
new_jersey,2015,household,daycare,0.010642873588947444
new_jersey,2015,household,parenting,0.04770632480070569
new_mexico,2005,household,cooking,0.02478124872334786
new_mexico,2005,household,recipes,-0.011753994470357743
new_mexico,2005,household,meals,0.019378320163954688
new_mexico,2005,household,kitchen,0.020336283155977797
new_mexico,2005,household,oven,-0.01613463590681219
new_mexico,2010,household,cleaning,-0.020179406639991404
new_mexico,2010,household,laundry,0.02913033365658224
new_mexico,2010,household,washing,-0.00023819180540707308
new_mexico,2010,household,cooking,0.051916094947832
new_mexico,2010,household,recipes,0.043767628662751634
new_mexico,2010,household,meals,0.03651973696267774
new_mexico,2010,household,kitchen,0.00958524405371275
new_mexico,2010,household,stove,0.015237187730178459
new_mexico,2010,household,oven,0.0038067695582013616
new_mexico,2010,household,gardening,0.01903887566024509
new_mexico,2010,household,parenting,0.036009882337151966
new_mexico,2015,household,cleaning,-0.015398077251636222
new_mexico,2015,household,cleaned,-0.0191266469937299
new_mexico,2015,household,laundry,0.005328259590505979
new_mexico,2015,household,washing,-0.011788015563343412
new_mexico,2015,household,cooking,0.020120625026166405
new_mexico,2015,household,baking,0.013890002272463842
new_mexico,2015,household,recipes,0.02428632636658512
new_mexico,2015,household,meals,0.012261783337561116
new_mexico,2015,household,kitchen,0.0056352799056624825
new_mexico,2015,household,stove,-0.01278062478329911
new_mexico,2015,household,refrigerator,-0.037776663684999434
new_mexico,2015,household,gardening,-0.013706366209007559
new_mexico,2015,household,sewing,-0.003409462328008317
new_mexico,2015,household,caregiver,0.015820539253504684
new_mexico,2015,household,childcare,0.04208778037883054
new_mexico,2015,household,daycare,0.032577943560154754
new_mexico,2015,household,parenting,0.020703435728744446
new_york,1995,household,cleaning,-0.017607364600064734
new_york,1995,household,cleaned,-0.027478872135256793
new_york,1995,household,laundry,0.009302171642665558
new_york,1995,household,washing,-0.0035460127643486272
new_york,1995,household,cooking,-0.0049733871610253555
new_york,1995,household,baking,-0.0013226883660353295
new_york,1995,household,recipes,0.00023839243423429135
new_york,1995,household,meals,-0.0036057003975041857
new_york,1995,household,lunches,-0.0011276836777792676
new_york,1995,household,kitchen,-0.015734352770844673
new_york,1995,household,stove,-0.03277181262394735
new_york,1995,household,oven,-0.029910554636703335
new_york,1995,household,refrigerator,-0.006473952058848709
new_york,1995,household,gardening,0.003876812416246489
new_york,1995,household,sewing,-0.0012899222603099947
new_york,1995,household,parenting,0.03168256968779415
new_york,2000,household,cleaning,0.00012322926620034202
new_york,2000,household,cleaned,-0.016248296086841307
new_york,2000,household,laundry,0.003915062050805496
new_york,2000,household,washing,-0.0009351590149155875
new_york,2000,household,chores,-0.005502893779575246
new_york,2000,household,cooking,0.0005478551063393677
new_york,2000,household,baking,-0.01799353296723427
new_york,2000,household,recipes,-0.0076151610648467205
new_york,2000,household,meals,0.010307948096232034
new_york,2000,household,lunches,-0.018475048382437187
new_york,2000,household,kitchen,0.0008243377536079066
new_york,2000,household,stove,-0.008375986092905574
new_york,2000,household,oven,-0.04593413974159022
new_york,2000,household,appliances,0.008773166321664583
new_york,2000,household,refrigerator,0.0019860729069327565
new_york,2000,household,gardening,0.01694791259116979
new_york,2000,household,sewing,0.020008142190303113
new_york,2000,household,caregiver,0.06028651392654205
new_york,2000,household,parenting,0.033469133612913815
new_york,2005,household,cleaning,-0.0013130673287702344
new_york,2005,household,cleaned,0.007940291467904093
new_york,2005,household,laundry,0.010083199852618963
new_york,2005,household,washing,-0.004910090758909469
new_york,2005,household,chores,0.0013761966456975472
new_york,2005,household,cooking,0.021814073442427473
new_york,2005,household,baking,-0.002552116594099152
new_york,2005,household,recipes,0.01965056400812948
new_york,2005,household,meals,0.003691774062056785
new_york,2005,household,lunches,0.01978652331450026
new_york,2005,household,kitchen,0.0027562981571460643
new_york,2005,household,stove,-0.0068858299000797984
new_york,2005,household,oven,-0.010904339475770408
new_york,2005,household,appliances,-0.01469567318791598
new_york,2005,household,refrigerator,0.005626939090977556
new_york,2005,household,gardening,0.016448320875162903
new_york,2005,household,sewing,0.030170573703317882
new_york,2005,household,caregiver,0.044212237725084425
new_york,2005,household,childcare,0.0241408748125298
new_york,2005,household,daycare,0.03607243827742934
new_york,2005,household,parenting,0.04680563136965088
new_york,2010,household,cleaning,-0.014794723069922577
new_york,2010,household,cleaned,-0.014008869592617934
new_york,2010,household,laundry,-0.0070557994351281295
new_york,2010,household,washing,-0.02277574592618925
new_york,2010,household,chores,0.0156398399565143
new_york,2010,household,cooking,0.013165587409247781
new_york,2010,household,baking,0.007241642674648663
new_york,2010,household,recipes,-0.01243276132150628
new_york,2010,household,meals,0.0017406803618911226
new_york,2010,household,lunches,0.013816643486791458
new_york,2010,household,kitchen,0.006026403905571742
new_york,2010,household,stove,-0.015406705101887574
new_york,2010,household,oven,0.009876630259158192
new_york,2010,household,appliances,-0.032690517222006665
new_york,2010,household,refrigerator,-0.009476774846744807
new_york,2010,household,gardening,0.018307519930603977
new_york,2010,household,sewing,0.013021511847428169
new_york,2010,household,caregiver,0.04266348273843057
new_york,2010,household,childcare,0.02425577123506839
new_york,2010,household,daycare,0.04367601058296011
new_york,2010,household,parenting,0.02023730863665918
new_york,2015,household,cleaning,-0.008535238931481004
new_york,2015,household,cleaned,-0.009959994630321267
new_york,2015,household,laundry,0.022904042142282588
new_york,2015,household,washing,0.014195258364166463
new_york,2015,household,chores,0.0037350236213526955
new_york,2015,household,cooking,0.006640104201330876
new_york,2015,household,baking,0.026849451004277602
new_york,2015,household,recipes,-0.02126493349625469
new_york,2015,household,meals,-0.011133059517649535
new_york,2015,household,lunches,0.010763642822291253
new_york,2015,household,kitchen,-0.0034099656864401418
new_york,2015,household,stove,-0.020570527210945766
new_york,2015,household,oven,-0.0005032679079715052
new_york,2015,household,appliances,-0.04806621485648588
new_york,2015,household,refrigerator,0.014168203142905567
new_york,2015,household,gardening,0.01272292552586185
new_york,2015,household,sewing,0.02271151192689258
new_york,2015,household,caregiver,0.03974434196140586
new_york,2015,household,childcare,0.01564230602596317
new_york,2015,household,daycare,0.023321779318089986
new_york,2015,household,parenting,0.010750242878365235
north_carolina,1995,household,kitchen,0.03157571423115246
north_carolina,2000,household,cleaning,-0.003180446770622236
north_carolina,2000,household,cleaned,-0.02645959432782652
north_carolina,2000,household,laundry,0.007183314155101428
north_carolina,2000,household,cooking,0.01819761750244031
north_carolina,2000,household,recipes,-0.018468733843481577
north_carolina,2000,household,meals,0.01658624578843637
north_carolina,2000,household,kitchen,0.018622726393180522
north_carolina,2000,household,oven,-0.017806813797247467
north_carolina,2000,household,gardening,0.013980783369295646
north_carolina,2000,household,sewing,-0.008432615787380748
north_carolina,2005,household,cleaning,0.011088282402440974
north_carolina,2005,household,cleaned,0.004238279466915795
north_carolina,2005,household,laundry,0.021334078916024124
north_carolina,2005,household,washing,-0.018824159688683784
north_carolina,2005,household,cooking,-0.003932512715498548
north_carolina,2005,household,baking,0.022950182609723035
north_carolina,2005,household,recipes,0.012515641242952125
north_carolina,2005,household,meals,0.006132334290641528
north_carolina,2005,household,lunches,0.029528868927760743
north_carolina,2005,household,kitchen,0.004438559828148003
north_carolina,2005,household,stove,-0.042966103950495826
north_carolina,2005,household,oven,-0.02679598634336111
north_carolina,2005,household,appliances,-0.009529461566328834
north_carolina,2005,household,refrigerator,0.008815103835735916
north_carolina,2005,household,gardening,-0.00829919291730108
north_carolina,2005,household,sewing,0.006731385848846694
north_carolina,2010,household,cleaning,-0.01820761114584668
north_carolina,2010,household,cleaned,-0.008758996412229214
north_carolina,2010,household,laundry,0.0012851073650250733
north_carolina,2010,household,washing,6.951299336344086e-05
north_carolina,2010,household,chores,-0.03115663075112396
north_carolina,2010,household,cooking,0.0022268907358315992
north_carolina,2010,household,baking,-0.004678261527190419
north_carolina,2010,household,recipes,0.02565156102411459
north_carolina,2010,household,meals,-0.014609695315242144
north_carolina,2010,household,lunches,0.00786157438598245
north_carolina,2010,household,kitchen,0.00975963336042307
north_carolina,2010,household,stove,-0.026316485675850876
north_carolina,2010,household,oven,0.0013673384065988614
north_carolina,2010,household,appliances,-0.004773254041295472
north_carolina,2010,household,refrigerator,-0.0010550464275621563
north_carolina,2010,household,gardening,-0.001759029288610825
north_carolina,2010,household,sewing,0.020173488845486753
north_carolina,2010,household,caregiver,0.04343840927967557
north_carolina,2010,household,daycare,0.015349620550596521
north_carolina,2010,household,parenting,0.051449832294821474
north_carolina,2015,household,cleaning,-0.010073396551494307
north_carolina,2015,household,cleaned,0.0032626630198508977
north_carolina,2015,household,laundry,0.02091187983701137
north_carolina,2015,household,washing,-0.008589042323224438
north_carolina,2015,household,chores,-0.013595529852485688
north_carolina,2015,household,cooking,-0.0047016158919144235
north_carolina,2015,household,baking,0.01953977034930765
north_carolina,2015,household,recipes,0.026360374540849607
north_carolina,2015,household,meals,0.008751694960392964
north_carolina,2015,household,lunches,0.016378850060773997
north_carolina,2015,household,kitchen,0.014618260208414391
north_carolina,2015,household,stove,-0.023832251414651395
north_carolina,2015,household,oven,0.014308840527563538
north_carolina,2015,household,appliances,0.0005698134252256626
north_carolina,2015,household,refrigerator,0.011734571898058155
north_carolina,2015,household,gardening,-0.0016108605341755844
north_carolina,2015,household,sewing,0.01957543835068931
north_carolina,2015,household,caregiver,0.04504478577543569
north_carolina,2015,household,childcare,0.03678123504326214
north_carolina,2015,household,daycare,0.02020457404915532
north_carolina,2015,household,parenting,0.0388079254649194
north_dakota,2000,household,kitchen,-0.04589026630195914
north_dakota,2005,household,cleaning,-0.04436795709396302
north_dakota,2005,household,cleaned,-0.041563465871422345
north_dakota,2005,household,laundry,-0.022241959680379897
north_dakota,2005,household,cooking,0.007845537043567385
north_dakota,2005,household,baking,0.005115085402316311
north_dakota,2005,household,meals,0.024241370485506675
north_dakota,2005,household,kitchen,0.0332344429632937
north_dakota,2005,household,appliances,-0.012736065662420915
north_dakota,2005,household,gardening,0.008438957764782318
north_dakota,2005,household,sewing,0.040401787586529236
north_dakota,2010,household,cleaning,-0.00895984757789492
north_dakota,2010,household,cleaned,-0.04160686591099738
north_dakota,2010,household,laundry,-0.0005415716850354357
north_dakota,2010,household,washing,-0.013134735309931589
north_dakota,2010,household,chores,-0.007686456355392224
north_dakota,2010,household,cooking,-0.008578554544509065
north_dakota,2010,household,baking,0.015365073726937295
north_dakota,2010,household,recipes,-0.0004269045594077481
north_dakota,2010,household,meals,0.0014483075137786683
north_dakota,2010,household,kitchen,0.0009513913908647531
north_dakota,2010,household,oven,-0.03189380635668826
north_dakota,2010,household,appliances,-0.008693638756836597
north_dakota,2010,household,refrigerator,0.00545295694028658
north_dakota,2010,household,gardening,0.010952208630164328
north_dakota,2010,household,sewing,0.04128411731981274
north_dakota,2015,household,cleaning,-0.0042473078244242846
north_dakota,2015,household,cleaned,-0.02645150572191879
north_dakota,2015,household,laundry,0.014543874822643743
north_dakota,2015,household,washing,-0.01368017002597366
north_dakota,2015,household,chores,-0.013755145566673788
north_dakota,2015,household,cooking,0.0009303246792713438
north_dakota,2015,household,baking,0.03590735901821007
north_dakota,2015,household,recipes,0.02428546920981467
north_dakota,2015,household,meals,0.026412742326158423
north_dakota,2015,household,kitchen,0.006674362801055267
north_dakota,2015,household,oven,-0.002812876397119801
north_dakota,2015,household,appliances,-0.013080346291357126
north_dakota,2015,household,gardening,0.018948479380711314
north_dakota,2015,household,sewing,0.027097803792134556
north_dakota,2015,household,caregiver,0.05073314864997314
north_dakota,2015,household,daycare,0.019709752761899124
ohio,1995,household,cleaning,0.004062339805804394
ohio,1995,household,laundry,0.0001938012267046485
ohio,1995,household,cooking,0.0031924672135519305
ohio,1995,household,recipes,0.010665654152811066
ohio,1995,household,meals,0.004764406936717869
ohio,1995,household,kitchen,-0.008081871487765513
ohio,1995,household,gardening,0.035471424446832045
ohio,2000,household,cleaning,0.007335313882478101
ohio,2000,household,cleaned,0.002006252014986165
ohio,2000,household,laundry,-0.015995981206243015
ohio,2000,household,washing,-0.04094109068234786
ohio,2000,household,chores,-0.002471281405976189
ohio,2000,household,cooking,0.04451857929308989
ohio,2000,household,baking,0.019930571625353277
ohio,2000,household,recipes,0.0165389769797043
ohio,2000,household,meals,0.008110328545749557
ohio,2000,household,kitchen,0.021142387902213233
ohio,2000,household,stove,-0.03767373586054501
ohio,2000,household,oven,-0.01354110019219057
ohio,2000,household,refrigerator,-0.010061048410609286
ohio,2000,household,gardening,2.532196041793444e-05
ohio,2000,household,sewing,-0.0033491458644346883
ohio,2000,household,childcare,0.012804957777302839
ohio,2000,household,parenting,0.02330062658114318
ohio,2005,household,cleaning,-0.014846466860824359
ohio,2005,household,cleaned,0.011260998381727783
ohio,2005,household,laundry,0.0053647772829399365
ohio,2005,household,washing,0.0004268450109798927
ohio,2005,household,chores,-0.0035947070957020877
ohio,2005,household,cooking,0.024464541541180496
ohio,2005,household,baking,0.005965201482861282
ohio,2005,household,recipes,0.013825270148085878
ohio,2005,household,meals,0.003949475816440007
ohio,2005,household,lunches,0.017240554198447944
ohio,2005,household,kitchen,0.026645597482462313
ohio,2005,household,stove,-0.03435876373951663
ohio,2005,household,oven,-0.028544803390269102
ohio,2005,household,appliances,-0.046455353058001414
ohio,2005,household,refrigerator,0.0009189474243473938
ohio,2005,household,gardening,-0.0092867087685089
ohio,2005,household,sewing,0.003458377309056071
ohio,2005,household,caregiver,0.04897824138761386
ohio,2005,household,childcare,0.019607720706162013
ohio,2005,household,daycare,0.02443078966325285
ohio,2005,household,parenting,0.039532631468837565
ohio,2010,household,cleaning,0.003355905004471138
ohio,2010,household,cleaned,-0.0021753461922313644
ohio,2010,household,laundry,0.010571131188857219
ohio,2010,household,washing,0.005379801245963378
ohio,2010,household,chores,0.03774046187972502
ohio,2010,household,cooking,0.02479557254384268
ohio,2010,household,baking,0.000181118469541941
ohio,2010,household,recipes,-0.002041736490156154
ohio,2010,household,meals,0.011033100901919335
ohio,2010,household,lunches,0.017941627120931614
ohio,2010,household,kitchen,0.017058713253475855
ohio,2010,household,stove,-0.03212357041950065
ohio,2010,household,oven,0.005258837502879921
ohio,2010,household,appliances,-0.023262111976797728
ohio,2010,household,refrigerator,-0.022722792664229052
ohio,2010,household,gardening,0.008241081485973911
ohio,2010,household,sewing,0.013384732768228824
ohio,2010,household,caregiver,0.06132805682459774
ohio,2010,household,childcare,0.05242753908843478
ohio,2010,household,daycare,0.03875064373266812
ohio,2010,household,parenting,0.02706724437225705
ohio,2015,household,cleaning,0.01241900996470613
ohio,2015,household,cleaned,0.008562062001138404
ohio,2015,household,laundry,0.014336852730352234
ohio,2015,household,washing,0.014535654876083548
ohio,2015,household,chores,0.012644778623237762
ohio,2015,household,cooking,0.021927832045224305
ohio,2015,household,baking,0.024689575861021718
ohio,2015,household,recipes,0.0009614675532430006
ohio,2015,household,meals,0.01741852635012653
ohio,2015,household,lunches,0.006880716130604592
ohio,2015,household,kitchen,0.0024465961884792
ohio,2015,household,stove,-0.02441013270606418
ohio,2015,household,oven,-0.007082848853813495
ohio,2015,household,appliances,-0.028191309043547053
ohio,2015,household,refrigerator,-0.009440151609614977
ohio,2015,household,gardening,0.020293173122839292
ohio,2015,household,sewing,0.015800655608811942
ohio,2015,household,caregiver,0.0557500445821798
ohio,2015,household,childcare,0.04413326954218655
ohio,2015,household,daycare,0.027167173928814403
ohio,2015,household,parenting,0.020374495007420612
oklahoma,1995,household,cooking,0.006995030608049957
oklahoma,1995,household,recipes,0.03596871432720905
oklahoma,1995,household,meals,0.015492289446747298
oklahoma,1995,household,kitchen,0.021163116137481564
oklahoma,2000,household,cleaning,-0.0023859475548135833
oklahoma,2000,household,laundry,0.050647535982619285
oklahoma,2000,household,cooking,0.04239107093972039
oklahoma,2000,household,recipes,0.031192658095933523
oklahoma,2000,household,meals,0.04594445695857852
oklahoma,2000,household,kitchen,0.03847705164904436
oklahoma,2000,household,gardening,0.04418532647166751
oklahoma,2005,household,cleaning,0.006974472570649315
oklahoma,2005,household,cleaned,-0.009714242867112866
oklahoma,2005,household,laundry,0.020273244253863898
oklahoma,2005,household,washing,-0.002908508102535956
oklahoma,2005,household,cooking,0.035766808263319794
oklahoma,2005,household,recipes,0.03518545299634057
oklahoma,2005,household,meals,0.024758590850187723
oklahoma,2005,household,kitchen,0.01385122575999409
oklahoma,2005,household,appliances,-0.010348164505888935
oklahoma,2005,household,gardening,0.02022546908738143
oklahoma,2005,household,sewing,0.0190824801327234
oklahoma,2005,household,daycare,0.009023232899417089
oklahoma,2005,household,parenting,0.04186018860789209
oklahoma,2010,household,cleaning,0.02220422095629071
oklahoma,2010,household,cleaned,0.01276449188195894
oklahoma,2010,household,laundry,0.033300194058638155
oklahoma,2010,household,washing,-0.0021984920561417542
oklahoma,2010,household,cooking,0.009029619998882854
oklahoma,2010,household,baking,0.009338330772129089
oklahoma,2010,household,recipes,0.03048459013353333
oklahoma,2010,household,meals,0.03375888586369613
oklahoma,2010,household,lunches,0.014357289001071694
oklahoma,2010,household,kitchen,0.01861475171296023
oklahoma,2010,household,oven,-0.004506391109511121
oklahoma,2010,household,appliances,-0.009594402281530856
oklahoma,2010,household,refrigerator,0.000719394380374605
oklahoma,2010,household,gardening,0.035362379247580344
oklahoma,2010,household,sewing,0.006683984091615858
oklahoma,2010,household,childcare,0.04299532236264603
oklahoma,2010,household,daycare,0.032977956263874564
oklahoma,2010,household,parenting,0.02009720956264016
oklahoma,2015,household,cleaning,-0.001952720771460914
oklahoma,2015,household,cleaned,0.0033507579939162646
oklahoma,2015,household,laundry,0.01272530136924721
oklahoma,2015,household,washing,-0.008951101268183326
oklahoma,2015,household,chores,-0.010608976821620208
oklahoma,2015,household,cooking,0.006822015304918105
oklahoma,2015,household,baking,0.010185665782123987
oklahoma,2015,household,recipes,0.016483308598121305
oklahoma,2015,household,meals,0.0023238567719185976
oklahoma,2015,household,lunches,-0.006691547078178095
oklahoma,2015,household,kitchen,-0.0001018169160971194
oklahoma,2015,household,oven,0.009518601561353757
oklahoma,2015,household,appliances,0.015298836454926912
oklahoma,2015,household,refrigerator,0.014233079245263403
oklahoma,2015,household,gardening,0.0026218381199987206
oklahoma,2015,household,sewing,0.009314815787835773
oklahoma,2015,household,caregiver,0.025265584910697303
oklahoma,2015,household,childcare,0.03584424000178821
oklahoma,2015,household,daycare,0.03882583667571571
oklahoma,2015,household,parenting,0.021737116897699527
oregon,1995,household,cooking,-0.016593629134634358
oregon,1995,household,kitchen,-0.013464441846535613
oregon,1995,household,gardening,-0.021599218809213783
oregon,2000,household,cleaning,-0.005445108704838608
oregon,2000,household,cleaned,0.007663141604493995
oregon,2000,household,laundry,0.008453366071620616
oregon,2000,household,washing,0.0181600692131052
oregon,2000,household,cooking,0.020218089994708643
oregon,2000,household,baking,0.025911039369111877
oregon,2000,household,meals,0.026634123636591567
oregon,2000,household,kitchen,0.01566580181209898
oregon,2000,household,gardening,0.032894290304799956
oregon,2000,household,sewing,0.015642374619647792
oregon,2005,household,cleaning,0.01393653459546984
oregon,2005,household,cleaned,-0.0045470158630323
oregon,2005,household,laundry,0.012760148497307
oregon,2005,household,washing,0.0027259491383762047
oregon,2005,household,chores,0.03640483936018635
oregon,2005,household,cooking,0.015006125731462427
oregon,2005,household,baking,0.03137013402737965
oregon,2005,household,recipes,0.01987854757194607
oregon,2005,household,meals,0.039930025926527946
oregon,2005,household,lunches,0.001747218250728766
oregon,2005,household,kitchen,0.02796362439430289
oregon,2005,household,stove,0.014223876991589224
oregon,2005,household,oven,0.029055926546454947
oregon,2005,household,appliances,0.01438230264979623
oregon,2005,household,refrigerator,0.022222332096706432
oregon,2005,household,gardening,0.02523514070679289
oregon,2005,household,sewing,0.0031309184114285404
oregon,2005,household,caregiver,0.04777561896113891
oregon,2005,household,daycare,0.04229528213753808
oregon,2005,household,parenting,0.054880456010990786
oregon,2010,household,cleaning,0.018517177193368317
oregon,2010,household,cleaned,0.014167850497339485
oregon,2010,household,laundry,0.03155369373516781
oregon,2010,household,washing,0.01224848508071874
oregon,2010,household,chores,0.030758741536069945
oregon,2010,household,cooking,0.04253246228180063
oregon,2010,household,baking,0.0057217555640356466
oregon,2010,household,recipes,0.0330347279647738
oregon,2010,household,meals,0.05746265615748891
oregon,2010,household,lunches,0.02586680142471276
oregon,2010,household,kitchen,0.030503868706889037
oregon,2010,household,stove,0.028206814283535664
oregon,2010,household,oven,0.02356567062848902
oregon,2010,household,appliances,0.006458695657917124
oregon,2010,household,refrigerator,0.035148108344566165
oregon,2010,household,gardening,0.0031047524868683674
oregon,2010,household,sewing,-0.01279331367510772
oregon,2010,household,caregiver,0.06509798413168355
oregon,2010,household,childcare,0.05314364448735498
oregon,2010,household,daycare,0.041823268593244034
oregon,2010,household,parenting,0.07046204638738462
oregon,2015,household,cleaning,0.014368454064664027
oregon,2015,household,cleaned,0.016949522645948623
oregon,2015,household,laundry,0.03141264198943294
oregon,2015,household,washing,0.03863685353870894
oregon,2015,household,chores,-0.0072766636738430535
oregon,2015,household,cooking,0.006576263476122168
oregon,2015,household,baking,0.006294748509052761
oregon,2015,household,recipes,0.02708179533613042
oregon,2015,household,meals,0.03298211621775682
oregon,2015,household,lunches,0.027097125015782986
oregon,2015,household,kitchen,0.014926491409898324
oregon,2015,household,stove,0.006004331785704586
oregon,2015,household,oven,0.02389881517107173
oregon,2015,household,appliances,0.011115438054114746
oregon,2015,household,refrigerator,0.029813380812541368
oregon,2015,household,gardening,-0.011689605241054668
oregon,2015,household,sewing,0.006114405445037274
oregon,2015,household,caregiver,0.039877839552945105
oregon,2015,household,childcare,0.057806842644360534
oregon,2015,household,daycare,0.022779248099873306
oregon,2015,household,parenting,0.02128812467798835
pennsylvania,1995,household,cleaning,0.04883287489096877
pennsylvania,1995,household,cleaned,-0.0056037150165290095
pennsylvania,1995,household,laundry,0.04543772816769709
pennsylvania,1995,household,cooking,0.03510327199054719
pennsylvania,1995,household,recipes,0.04554504419591976
pennsylvania,1995,household,meals,0.06347449735901223
pennsylvania,1995,household,kitchen,0.040214783315881686
pennsylvania,1995,household,gardening,0.05112845234801522
pennsylvania,1995,household,sewing,0.05606894288424158
pennsylvania,2000,household,cleaning,0.0068942734706836095
pennsylvania,2000,household,cleaned,-0.016177626995717675
pennsylvania,2000,household,laundry,0.04881639016104866
pennsylvania,2000,household,washing,-0.021515354541433718
pennsylvania,2000,household,chores,0.011633503340008233
pennsylvania,2000,household,cooking,0.01876823032695496
pennsylvania,2000,household,baking,0.006777499084064109
pennsylvania,2000,household,recipes,0.01509563490261201
pennsylvania,2000,household,meals,0.017492512510772995
pennsylvania,2000,household,kitchen,-0.0008276376895222093
pennsylvania,2000,household,stove,-0.007007544135212873
pennsylvania,2000,household,oven,-0.021219369869914795
pennsylvania,2000,household,appliances,-0.021416324381805518
pennsylvania,2000,household,refrigerator,-0.02934112928365995
pennsylvania,2000,household,gardening,0.023846462243810818
pennsylvania,2000,household,sewing,0.021817234026584642
pennsylvania,2000,household,caregiver,0.06239791001378714
pennsylvania,2000,household,parenting,0.022974410288943314
pennsylvania,2005,household,cleaning,0.0007720361665306541
pennsylvania,2005,household,cleaned,-0.0007673719875112006
pennsylvania,2005,household,laundry,-0.0026950930420117647
pennsylvania,2005,household,washing,-0.0031503958796861298
pennsylvania,2005,household,chores,-0.006899113420205438
pennsylvania,2005,household,cooking,0.010621647632812703
pennsylvania,2005,household,baking,0.024875518593340917
pennsylvania,2005,household,recipes,-0.00432530635401096
pennsylvania,2005,household,meals,0.013878626819826989
pennsylvania,2005,household,lunches,0.027074078451854833
pennsylvania,2005,household,kitchen,0.028125140836027684
pennsylvania,2005,household,stove,-0.03347103386470662
pennsylvania,2005,household,oven,-0.03707739812633504
pennsylvania,2005,household,appliances,-0.044888212456896115
pennsylvania,2005,household,refrigerator,-0.0089544395357255
pennsylvania,2005,household,gardening,0.0118004184191417
pennsylvania,2005,household,sewing,0.02899052479664732
pennsylvania,2005,household,caregiver,0.08142075396508852
pennsylvania,2005,household,daycare,0.02995079788797783
pennsylvania,2005,household,parenting,0.036981328134931046
pennsylvania,2010,household,cleaning,0.004870724572159979
pennsylvania,2010,household,cleaned,0.008204033024075796
pennsylvania,2010,household,laundry,-0.022162535833244013
pennsylvania,2010,household,washing,0.023276163034339215
pennsylvania,2010,household,chores,-0.015239795420054714
pennsylvania,2010,household,cooking,-0.005622480293091092
pennsylvania,2010,household,baking,0.015512180984531776
pennsylvania,2010,household,recipes,-0.00018454407769930015
pennsylvania,2010,household,meals,0.00406703561006716
pennsylvania,2010,household,lunches,0.016930483175226607
pennsylvania,2010,household,kitchen,-0.007567022670146528
pennsylvania,2010,household,stove,-0.012936434246084927
pennsylvania,2010,household,oven,-0.03172740161636867
pennsylvania,2010,household,appliances,-0.020681204628157923
pennsylvania,2010,household,refrigerator,-0.005236308181060689
pennsylvania,2010,household,gardening,-0.006584031832485682
pennsylvania,2010,household,sewing,0.007871719558150136
pennsylvania,2010,household,caregiver,0.04446842199594214
pennsylvania,2010,household,daycare,0.024980607496099427
pennsylvania,2010,household,parenting,0.0322506729318317
pennsylvania,2015,household,cleaning,0.01036505879966243
pennsylvania,2015,household,cleaned,-0.00274203635244219
pennsylvania,2015,household,laundry,0.01964416891481746
pennsylvania,2015,household,washing,0.0015630113273061852
pennsylvania,2015,household,chores,-0.01480219598337662
pennsylvania,2015,household,cooking,0.030017917676103734
pennsylvania,2015,household,baking,0.01639064765580689
pennsylvania,2015,household,recipes,0.013901103367391032
pennsylvania,2015,household,meals,0.013234259301772244
pennsylvania,2015,household,lunches,0.0366658073128987
pennsylvania,2015,household,kitchen,0.01717834372250926
pennsylvania,2015,household,stove,-0.018470564884267127
pennsylvania,2015,household,oven,-0.013877781118503574
pennsylvania,2015,household,appliances,-0.023526371950916225
pennsylvania,2015,household,refrigerator,-0.030498965788221755
pennsylvania,2015,household,gardening,-0.0016330899673719923
pennsylvania,2015,household,sewing,0.009215784152690087
pennsylvania,2015,household,caregiver,0.04208264310303811
pennsylvania,2015,household,childcare,0.024190446958922918
pennsylvania,2015,household,daycare,0.04701903881653857
pennsylvania,2015,household,parenting,0.02866962365368786
rhode_island,2000,household,cleaning,-0.013218963715055487
rhode_island,2000,household,recipes,0.012250856235592966
rhode_island,2000,household,meals,0.02154233646743886
rhode_island,2000,household,kitchen,0.008979091692391972
rhode_island,2005,household,cleaning,-0.008912499421101616
rhode_island,2005,household,cooking,0.021190035562856147
rhode_island,2005,household,baking,-0.018311836957651373
rhode_island,2005,household,recipes,-0.007743289544016374
rhode_island,2005,household,meals,0.011820364586548893
rhode_island,2005,household,kitchen,-0.021254301629292094
rhode_island,2005,household,gardening,-0.006223822168295645
rhode_island,2005,household,caregiver,0.028264756425789184
rhode_island,2010,household,cleaning,-0.020727403689098645
rhode_island,2010,household,cleaned,0.0003994919133594177
rhode_island,2010,household,laundry,-0.00344367831275183
rhode_island,2010,household,washing,-0.0547121015308607
rhode_island,2010,household,cooking,-0.041429007974324916
rhode_island,2010,household,baking,-0.007970186950729041
rhode_island,2010,household,recipes,-0.039982587498549105
rhode_island,2010,household,meals,-0.0015302041699920554
rhode_island,2010,household,kitchen,-0.0046887284472962865
rhode_island,2010,household,oven,-0.038861468961475465
rhode_island,2010,household,gardening,-0.013335006274359351
rhode_island,2010,household,caregiver,0.04753226434419622
rhode_island,2010,household,childcare,0.06640303529753111
rhode_island,2015,household,cleaning,0.01797939179446395
rhode_island,2015,household,cleaned,0.01204026009992254
rhode_island,2015,household,laundry,0.0020234212293066545
rhode_island,2015,household,washing,-0.00599282983380145
rhode_island,2015,household,cooking,-0.00010440963083246935
rhode_island,2015,household,baking,0.03997512927321267
rhode_island,2015,household,recipes,0.014045123166182671
rhode_island,2015,household,meals,0.005251968437895993
rhode_island,2015,household,lunches,0.02850431151697652
rhode_island,2015,household,kitchen,0.011644900928474367
rhode_island,2015,household,oven,-0.01807392906679317
rhode_island,2015,household,gardening,0.011312192292709522
rhode_island,2015,household,caregiver,0.030640839072963222
rhode_island,2015,household,childcare,0.051414916501765884
rhode_island,2015,household,daycare,0.016524712220907234
south_carolina,1995,household,kitchen,0.018656675176192294
south_carolina,2000,household,recipes,-0.03170466929821758
south_carolina,2000,household,kitchen,0.01870576643184596
south_carolina,2000,household,gardening,0.011853599843234197
south_carolina,2005,household,cleaning,-0.022169442775835213
south_carolina,2005,household,cleaned,0.01140313375588664
south_carolina,2005,household,cooking,-0.012204102987598553
south_carolina,2005,household,baking,-0.016777976491005875
south_carolina,2005,household,recipes,0.005008411042868088
south_carolina,2005,household,meals,-0.006483598614354991
south_carolina,2005,household,kitchen,0.013974948476788596
south_carolina,2005,household,gardening,-0.00612338859632755
south_carolina,2010,household,cleaning,0.015722267053559724
south_carolina,2010,household,cleaned,0.02121170995012145
south_carolina,2010,household,laundry,0.02547913591730988
south_carolina,2010,household,washing,-0.015395351660710599
south_carolina,2010,household,cooking,0.0065997852104902055
south_carolina,2010,household,baking,0.011557103767228183
south_carolina,2010,household,recipes,-0.006997643814284693
south_carolina,2010,household,meals,0.013581657877217213
south_carolina,2010,household,kitchen,0.0036202225553052525
south_carolina,2010,household,oven,0.01077530079951905
south_carolina,2010,household,gardening,0.016732017737181692
south_carolina,2010,household,sewing,0.018429470163612405
south_carolina,2015,household,cleaning,0.0050005687358174455
south_carolina,2015,household,cleaned,-0.006301390925758654
south_carolina,2015,household,laundry,0.012197543449765869
south_carolina,2015,household,washing,0.007761083770762234
south_carolina,2015,household,cooking,0.016405472618015948
south_carolina,2015,household,baking,0.010249901461618416
south_carolina,2015,household,recipes,-0.023712462454038685
south_carolina,2015,household,meals,0.027680767113965277
south_carolina,2015,household,kitchen,0.020977363164148555
south_carolina,2015,household,oven,0.007485748968156347
south_carolina,2015,household,appliances,-0.005789223842963764
south_carolina,2015,household,gardening,0.001677693102024147
south_carolina,2015,household,sewing,0.011473018924188727
south_carolina,2015,household,caregiver,0.017623176222574144
south_carolina,2015,household,daycare,0.013372692032500577
south_carolina,2015,household,parenting,0.017656240113444355
south_dakota,2000,household,kitchen,-0.04101648546515002
south_dakota,2005,household,cleaning,-0.056138998895504666
south_dakota,2005,household,meals,-0.021187920488784817
south_dakota,2005,household,kitchen,-0.013955194493071255
south_dakota,2010,household,cleaning,-0.020446248515371357
south_dakota,2010,household,cleaned,-0.0024358599824978455
south_dakota,2010,household,laundry,-0.01618387010386413
south_dakota,2010,household,washing,-0.022661332073053764
south_dakota,2010,household,chores,-0.03095895864394349
south_dakota,2010,household,cooking,-0.02728621961940625
south_dakota,2010,household,baking,-0.013021111075610659
south_dakota,2010,household,meals,-0.00907525807733589
south_dakota,2010,household,kitchen,-0.007792292625921959
south_dakota,2010,household,gardening,-0.04200995616974168
south_dakota,2015,household,cleaning,-0.0057768107397144774
south_dakota,2015,household,cleaned,0.0016908179109551558
south_dakota,2015,household,laundry,0.02371541054418791
south_dakota,2015,household,washing,0.0072401021676773425
south_dakota,2015,household,chores,-0.006601045406717465
south_dakota,2015,household,cooking,-0.014412158815750309
south_dakota,2015,household,baking,0.009124863854102938
south_dakota,2015,household,recipes,0.008762481935183142
south_dakota,2015,household,meals,0.023686487501126896
south_dakota,2015,household,lunches,0.026753797553944025
south_dakota,2015,household,kitchen,-7.774311505648335e-05
south_dakota,2015,household,stove,0.003111099967542663
south_dakota,2015,household,oven,0.0011070648656605897
south_dakota,2015,household,gardening,0.005673116566896397
south_dakota,2015,household,sewing,0.0035526477813583313
south_dakota,2015,household,caregiver,0.01405600033797727
south_dakota,2015,household,daycare,0.005105973006473419
tennessee,1995,household,meals,-0.06429405359340357
tennessee,1995,household,kitchen,0.022210599535825493
tennessee,2000,household,cleaning,0.004335305415979596
tennessee,2000,household,cooking,-0.019146796657963816
tennessee,2000,household,meals,-0.016900940763822647
tennessee,2000,household,kitchen,-0.004871303470710298
tennessee,2000,household,stove,-0.02774341351264109
tennessee,2005,household,cleaning,-0.00014497716304084918
tennessee,2005,household,cleaned,-0.015284908352226956
tennessee,2005,household,laundry,0.033432802681148566
tennessee,2005,household,washing,0.009236328951076844
tennessee,2005,household,chores,0.026175882742484946
tennessee,2005,household,cooking,0.01414290679780561
tennessee,2005,household,baking,-0.004227974395875522
tennessee,2005,household,recipes,0.012815649438347232
tennessee,2005,household,meals,0.019996143197478333
tennessee,2005,household,lunches,0.012243690364220572
tennessee,2005,household,kitchen,0.005534993474830552
tennessee,2005,household,stove,0.003736063285375124
tennessee,2005,household,oven,0.005482566986485304
tennessee,2005,household,gardening,0.019036041957048777
tennessee,2010,household,cleaning,0.018983464034597608
tennessee,2010,household,cleaned,-0.018545991934611372
tennessee,2010,household,laundry,0.025092132893238528
tennessee,2010,household,washing,-0.008037822638111258
tennessee,2010,household,chores,0.012815257417527648
tennessee,2010,household,cooking,0.012251601696755543
tennessee,2010,household,baking,0.02405279459383247
tennessee,2010,household,recipes,0.017040008898323356
tennessee,2010,household,meals,0.002870603203672495
tennessee,2010,household,lunches,0.027145473132515696
tennessee,2010,household,kitchen,-0.007195916338401442
tennessee,2010,household,stove,-0.02225712907654409
tennessee,2010,household,oven,0.0033059602547482747
tennessee,2010,household,appliances,-0.008663839631739334
tennessee,2010,household,refrigerator,0.017998070877675465
tennessee,2010,household,gardening,0.004366691399730671
tennessee,2010,household,sewing,0.02565408716759565
tennessee,2010,household,caregiver,0.05439395512387879
tennessee,2015,household,cleaning,0.014780617405109497
tennessee,2015,household,cleaned,-0.0010269384480170451
tennessee,2015,household,laundry,0.023134217686068714
tennessee,2015,household,washing,0.004262990197728245
tennessee,2015,household,cooking,0.011972932884888543
tennessee,2015,household,baking,0.044012999872811154
tennessee,2015,household,recipes,0.006294259750446285
tennessee,2015,household,meals,0.0012385354832453732
tennessee,2015,household,lunches,0.025618145873646636
tennessee,2015,household,kitchen,0.03731923501045653
tennessee,2015,household,stove,-0.03133961263658702
tennessee,2015,household,oven,-0.0010254632710771094
tennessee,2015,household,appliances,-0.007533658628200435
tennessee,2015,household,refrigerator,-0.011627951350934307
tennessee,2015,household,gardening,0.007875676337892212
tennessee,2015,household,sewing,0.01552059143237916
tennessee,2015,household,caregiver,0.06376482015908258
tennessee,2015,household,childcare,0.017998364719363114
tennessee,2015,household,daycare,0.04784166507101484
tennessee,2015,household,parenting,0.04994291557997321
texas,2000,household,cleaning,0.003332059277542543
texas,2000,household,cleaned,-0.004621217585266901
texas,2000,household,laundry,0.02405094264475316
texas,2000,household,washing,-0.013476437160451882
texas,2000,household,cooking,-0.006593807330751655
texas,2000,household,baking,-0.002724664344358474
texas,2000,household,recipes,-0.02612509907890681
texas,2000,household,meals,0.01195401776843541
texas,2000,household,kitchen,-0.025970635836514044
texas,2000,household,oven,-0.006978823374351295
texas,2000,household,refrigerator,-0.02542169623324142
texas,2005,household,cleaning,-0.0010491926287798936
texas,2005,household,cleaned,0.0007142020342145727
texas,2005,household,laundry,0.008218457922507305
texas,2005,household,washing,-0.0033976935978847767
texas,2005,household,chores,-0.013746855984280715
texas,2005,household,cooking,-0.005751915301237087
texas,2005,household,baking,0.01529255424626852
texas,2005,household,recipes,-0.00028365613388481314
texas,2005,household,meals,-0.01210082897244913
texas,2005,household,lunches,0.0006463300589429899
texas,2005,household,kitchen,0.001906841271113402
texas,2005,household,stove,0.019065172380850925
texas,2005,household,oven,0.007587020961111968
texas,2005,household,appliances,-0.03146581146796257
texas,2005,household,refrigerator,-0.0071515397319342755
texas,2005,household,gardening,-0.0033198872297082183
texas,2005,household,sewing,0.0038263480228334368
texas,2005,household,caregiver,0.05866678200008424
texas,2005,household,daycare,0.055824339056454564
texas,2005,household,parenting,0.025619872321894555
texas,2010,household,cleaning,0.016359184699863638
texas,2010,household,cleaned,-0.009998620813822523
texas,2010,household,laundry,0.03423475396223563
texas,2010,household,washing,-0.01168045603449408
texas,2010,household,chores,-0.02131257561813371
texas,2010,household,cooking,-0.012252931554338486
texas,2010,household,baking,-0.004556736778299708
texas,2010,household,recipes,-0.02878212141563341
texas,2010,household,meals,-0.014159028051145217
texas,2010,household,lunches,0.037995052555770625
texas,2010,household,kitchen,-0.003024660475096752
texas,2010,household,stove,-0.0158704530785867
texas,2010,household,oven,-0.0035978695673035688
texas,2010,household,appliances,-0.005109485632110333
texas,2010,household,refrigerator,0.0004303494326467483
texas,2010,household,gardening,-0.01935487923888668
texas,2010,household,sewing,0.021742213487506712
texas,2010,household,caregiver,0.04315185717046677
texas,2010,household,childcare,0.017346660477108422
texas,2010,household,daycare,0.025493196369141935
texas,2010,household,parenting,0.004356748677292743
texas,2015,household,cleaning,-0.010160245288677539
texas,2015,household,cleaned,0.0036076266314757355
texas,2015,household,laundry,0.04178807043722799
texas,2015,household,washing,-0.01413715929928916
texas,2015,household,chores,-0.005522125294280755
texas,2015,household,cooking,0.009259532420730299
texas,2015,household,baking,0.014502861487820873
texas,2015,household,recipes,0.00659463496182866
texas,2015,household,meals,0.024316014640255235
texas,2015,household,lunches,0.03902624296428825
texas,2015,household,kitchen,0.03034004653276612
texas,2015,household,stove,-0.011638546636925762
texas,2015,household,oven,0.007482832769307501
texas,2015,household,appliances,-0.0018751663257898787
texas,2015,household,refrigerator,0.019612190421907982
texas,2015,household,gardening,-0.0035376674628304627
texas,2015,household,sewing,0.030234111083573767
texas,2015,household,caregiver,0.03058736823297936
texas,2015,household,childcare,0.03260930987623567
texas,2015,household,daycare,0.041250954484422175
texas,2015,household,parenting,-0.0031983235932357967
utah,1995,household,cleaning,0.024708289907736658
utah,1995,household,meals,0.026874811555714584
utah,1995,household,kitchen,-0.000788842618812069
utah,2000,household,cleaning,-0.025124606116003534
utah,2000,household,cooking,0.01831120376322426
utah,2000,household,recipes,-0.0005290182085468942
utah,2000,household,meals,0.037712869443270125
utah,2000,household,kitchen,0.022571475167399102
utah,2000,household,oven,0.00756330201432065
utah,2005,household,cleaning,0.017709810845396468
utah,2005,household,cleaned,0.018700542522767538
utah,2005,household,laundry,0.020979524613252365
utah,2005,household,washing,0.0013884584249985732
utah,2005,household,cooking,0.0326605392006688
utah,2005,household,recipes,0.024114202444895372
utah,2005,household,meals,0.030113886395632394
utah,2005,household,kitchen,0.013286822208978921
utah,2005,household,oven,0.0025175686895797522
utah,2005,household,gardening,0.019666934305942352
utah,2005,household,parenting,0.013927168192913841
utah,2010,household,cleaning,-0.012442501818543894
utah,2010,household,cleaned,-0.007036767487769824
utah,2010,household,laundry,0.004394006941279782
utah,2010,household,washing,0.031236730464079265
utah,2010,household,chores,-0.0021722480444993364
utah,2010,household,cooking,0.008232836656172582
utah,2010,household,baking,0.030720974156172143
utah,2010,household,recipes,0.01725500470274699
utah,2010,household,meals,0.01972162121694976
utah,2010,household,kitchen,0.013508769803173282
utah,2010,household,stove,-0.04672222188656561
utah,2010,household,oven,-0.02180316464045262
utah,2010,household,gardening,-0.011885639227661171
utah,2010,household,sewing,0.01822128566186132
utah,2010,household,parenting,0.031053098810452817
utah,2015,household,cleaning,-0.0025326778836129993
utah,2015,household,cleaned,0.00888347520018029
utah,2015,household,laundry,-0.0058065278475949444
utah,2015,household,washing,-0.014452286394025071
utah,2015,household,chores,-0.02398706595446043
utah,2015,household,cooking,0.0006376030926580345
utah,2015,household,baking,0.021004560469007783
utah,2015,household,recipes,0.024489016156996057
utah,2015,household,meals,0.018067359014352302
utah,2015,household,lunches,0.031055843367433167
utah,2015,household,kitchen,-0.007598142668213681
utah,2015,household,stove,-0.04679838225799948
utah,2015,household,oven,-0.02240022309060019
utah,2015,household,appliances,-0.023270990117316703
utah,2015,household,gardening,0.012109306088621041
utah,2015,household,sewing,0.009523969409267696
utah,2015,household,caregiver,0.052252831759728724
utah,2015,household,childcare,0.038490145361614214
utah,2015,household,parenting,0.043830579784301604
vermont,2000,household,cleaning,-0.04121699125774392
vermont,2000,household,cooking,-0.02381657251062408
vermont,2000,household,baking,-0.008564898658665054
vermont,2000,household,recipes,-0.014825629958639341
vermont,2000,household,meals,0.0042411398393483735
vermont,2000,household,kitchen,-0.01110917515580212
vermont,2000,household,stove,-0.041897369817021746
vermont,2000,household,oven,-0.034522693848790476
vermont,2000,household,gardening,-0.01494864735611301
vermont,2000,household,sewing,-0.01282144017404041
vermont,2005,household,cleaning,-0.022332358006717623
vermont,2005,household,cleaned,-0.010465665466532936
vermont,2005,household,washing,-0.012481739339696651
vermont,2005,household,cooking,0.015849782294135917
vermont,2005,household,baking,-0.005936605496278058
vermont,2005,household,recipes,0.012209695482069516
vermont,2005,household,meals,0.033301868858940264
vermont,2005,household,kitchen,0.008174195484313085
vermont,2005,household,stove,-0.03945023101982881
vermont,2005,household,oven,0.008233568862235474
vermont,2005,household,refrigerator,0.01702229782943343
vermont,2005,household,gardening,0.002836882074978231
vermont,2005,household,sewing,-0.01657156540742366
vermont,2005,household,caregiver,0.057408710828686815
vermont,2010,household,cleaning,-0.002002477289270388
vermont,2010,household,cleaned,-0.012200906141019319
vermont,2010,household,laundry,0.013898769905309027
vermont,2010,household,washing,0.007392890089854998
vermont,2010,household,chores,0.02134925702754009
vermont,2010,household,cooking,0.0018914312232656272
vermont,2010,household,baking,0.011119761242725512
vermont,2010,household,recipes,0.021798239171441858
vermont,2010,household,meals,0.02884365083133833
vermont,2010,household,lunches,0.03232932435504288
vermont,2010,household,kitchen,-0.01056965009323263
vermont,2010,household,stove,-0.0037633134995811446
vermont,2010,household,oven,0.014757928187817182
vermont,2010,household,refrigerator,0.00732268059947816
vermont,2010,household,gardening,0.02415233612055423
vermont,2010,household,sewing,-0.0009636852156217346
vermont,2010,household,caregiver,0.05221499564000098
vermont,2010,household,childcare,0.05991758366612521
vermont,2010,household,daycare,0.06878336754196568
vermont,2010,household,parenting,0.02530335083093216
vermont,2015,household,cleaning,-0.0046330415554964866
vermont,2015,household,cleaned,-0.01688944388173086
vermont,2015,household,laundry,-0.017196113888977127
vermont,2015,household,washing,-0.006455150328975812
vermont,2015,household,chores,0.002384690249344068
vermont,2015,household,cooking,0.015156559126988212
vermont,2015,household,baking,0.03490636302633665
vermont,2015,household,recipes,0.01962410387304403
vermont,2015,household,meals,0.0031147989464057613
vermont,2015,household,lunches,0.024737297003852632
vermont,2015,household,kitchen,0.002174829347230345
vermont,2015,household,stove,-0.013559691012730468
vermont,2015,household,oven,0.0015333436700253333
vermont,2015,household,appliances,-0.005780051853445212
vermont,2015,household,refrigerator,0.014296477344538427
vermont,2015,household,gardening,0.01287647140019721
vermont,2015,household,sewing,0.0340035016293464
vermont,2015,household,caregiver,0.05784313961905496
vermont,2015,household,childcare,0.04265588851613056
vermont,2015,household,daycare,0.03292484848259869
virginia,1995,household,cleaned,0.06241178118365598
virginia,1995,household,meals,-0.030642490274416567
virginia,1995,household,kitchen,-0.011566866384693841
virginia,2000,household,cleaning,-0.024318289909724844
virginia,2000,household,cleaned,-0.028134534266633593
virginia,2000,household,laundry,-0.014891326765767987
virginia,2000,household,cooking,-0.03573625775220779
virginia,2000,household,meals,-0.04138174320752119
virginia,2000,household,kitchen,-0.018781476929639718
virginia,2005,household,cleaning,-0.005617683968036191
virginia,2005,household,cleaned,-0.0024072836326767266
virginia,2005,household,laundry,0.004587405666198752
virginia,2005,household,washing,-0.016591292485656606
virginia,2005,household,chores,0.006267891953861127
virginia,2005,household,cooking,0.017705282529768107
virginia,2005,household,baking,0.013676964299059846
virginia,2005,household,recipes,0.019215267916057432
virginia,2005,household,meals,-0.0030215055055629048
virginia,2005,household,lunches,0.039481435772807494
virginia,2005,household,kitchen,0.014028629433695539
virginia,2005,household,stove,-0.014244006000140863
virginia,2005,household,oven,-0.009184677386443907
virginia,2005,household,appliances,0.008096854431161593
virginia,2005,household,refrigerator,0.009092023433788121
virginia,2005,household,gardening,0.005706748560006636
virginia,2005,household,sewing,0.0013868313526070875
virginia,2005,household,caregiver,0.08629321537419465
virginia,2005,household,parenting,0.04016173180677596
virginia,2010,household,cleaning,-0.017267122587308004
virginia,2010,household,cleaned,-0.014564485053098819
virginia,2010,household,laundry,0.0031227455630813417
virginia,2010,household,washing,-0.03752119684967892
virginia,2010,household,chores,-0.002962214896805593
virginia,2010,household,cooking,-0.01609794739755621
virginia,2010,household,baking,-0.024441588201738806
virginia,2010,household,recipes,0.012376639789103416
virginia,2010,household,meals,-0.007932052057444627
virginia,2010,household,lunches,0.018183636257420144
virginia,2010,household,kitchen,0.0007754430985644767
virginia,2010,household,stove,-0.008019084218239492
virginia,2010,household,oven,-0.0033337726064963658
virginia,2010,household,appliances,-0.004076677029299702
virginia,2010,household,refrigerator,0.02103992264275778
virginia,2010,household,gardening,-0.008141427754378983
virginia,2010,household,sewing,0.0035076707982617528
virginia,2010,household,caregiver,0.051916116808055524
virginia,2010,household,daycare,0.015227083620161563
virginia,2010,household,parenting,0.05230013555729629
virginia,2015,household,cleaning,-0.022696140166208245
virginia,2015,household,cleaned,-0.02700441900884587
virginia,2015,household,laundry,-0.010118680077137565
virginia,2015,household,washing,-0.04128484074988226
virginia,2015,household,chores,-0.003949702815558953
virginia,2015,household,cooking,0.029620422805608282
virginia,2015,household,baking,-0.00993880595178842
virginia,2015,household,recipes,0.005517024956992245
virginia,2015,household,meals,0.010218223107617774
virginia,2015,household,lunches,0.0031870041516384173
virginia,2015,household,kitchen,-0.005091709389845489
virginia,2015,household,stove,-0.007703850167180448
virginia,2015,household,oven,-0.018862298689310553
virginia,2015,household,appliances,-0.05668938934327339
virginia,2015,household,refrigerator,-0.02154514037106936
virginia,2015,household,gardening,0.025130603585243882
virginia,2015,household,sewing,0.02949113953917093
virginia,2015,household,caregiver,0.02345458943440637
virginia,2015,household,childcare,0.0028650619956998025
virginia,2015,household,daycare,0.010550119390251078
virginia,2015,household,parenting,0.021318884720742393
washington,1995,household,cleaning,-0.015825695889209235
washington,1995,household,cooking,-0.057378300199592
washington,1995,household,recipes,-0.041479765069979524
washington,1995,household,meals,-0.012085477540322964
washington,1995,household,kitchen,-0.04203153981925667
washington,1995,household,gardening,-0.05311080094459264
washington,1995,household,sewing,-0.08942806032161144
washington,2000,household,cleaning,-0.030233515840095482
washington,2000,household,cleaned,-0.03346119634707401
washington,2000,household,laundry,-0.029325446098928287
washington,2000,household,washing,-0.018515021897635764
washington,2000,household,cooking,0.016743311611898126
washington,2000,household,baking,0.0016223647934067165
washington,2000,household,recipes,0.004174457360325956
washington,2000,household,meals,0.015695915148977835
washington,2000,household,lunches,0.022012058276477342
washington,2000,household,kitchen,-0.007262608680446814
washington,2000,household,stove,-0.001278837337136851
washington,2000,household,gardening,-0.001205436251872638
washington,2000,household,sewing,-0.018218533451022312
washington,2000,household,caregiver,-0.013818495271561537
washington,2000,household,parenting,0.03906475783383134
washington,2005,household,cleaning,-0.022723679797498342
washington,2005,household,cleaned,-0.020004589953519503
washington,2005,household,laundry,-0.002982224576101089
washington,2005,household,washing,0.025398590627999873
washington,2005,household,chores,0.03461896911389106
washington,2005,household,cooking,0.026056691030210244
washington,2005,household,baking,0.02040427948693191
washington,2005,household,recipes,0.018128309860471203
washington,2005,household,meals,0.04038940036699101
washington,2005,household,lunches,0.04894276486802007
washington,2005,household,kitchen,0.013013221387997875
washington,2005,household,stove,-0.004664541482499507
washington,2005,household,oven,-0.008957569545134048
washington,2005,household,appliances,0.0008974993185915103
washington,2005,household,refrigerator,0.009563120000309011
washington,2005,household,gardening,0.013466057027980316
washington,2005,household,sewing,0.004671981194716013
washington,2005,household,caregiver,0.02361236005192524
washington,2005,household,daycare,-0.0006344615170794654
washington,2005,household,parenting,0.04565155091561979
washington,2010,household,cleaning,0.0020633985770808216
washington,2010,household,cleaned,-0.01421599508148863
washington,2010,household,laundry,-0.027565328080285
washington,2010,household,washing,0.009926566721217833
washington,2010,household,chores,0.016939255513965135
washington,2010,household,cooking,0.004837578365917805
washington,2010,household,baking,0.01143674870147282
washington,2010,household,recipes,0.038355893190539225
washington,2010,household,meals,-0.0009433856130758311
washington,2010,household,lunches,0.010160422613603615
washington,2010,household,kitchen,-0.01492567755566565
washington,2010,household,stove,-0.026656568450385887
washington,2010,household,oven,-0.029219186518998352
washington,2010,household,appliances,-0.0005526915920257558
washington,2010,household,refrigerator,0.0009571660336498145
washington,2010,household,gardening,0.003025047918975954
washington,2010,household,sewing,0.03892551571580061
washington,2010,household,caregiver,0.010704478364812142
washington,2010,household,childcare,0.038586043866720265
washington,2010,household,daycare,0.008078407223453876
washington,2010,household,parenting,0.002555792337777474
washington,2015,household,cleaning,-0.012682335285512325
washington,2015,household,cleaned,-0.007881565731382878
washington,2015,household,laundry,-0.011564221899924787
washington,2015,household,washing,0.010781505554080972
washington,2015,household,chores,-0.02523751545031938
washington,2015,household,cooking,-0.022022478306850335
washington,2015,household,baking,-0.0019869049398453242
washington,2015,household,recipes,0.005162831202027096
washington,2015,household,meals,0.003049780495403942
washington,2015,household,lunches,0.0010224778887661934
washington,2015,household,kitchen,-0.023917195170186867
washington,2015,household,stove,-0.025802445810430896
washington,2015,household,oven,-0.0428244293258635
washington,2015,household,appliances,-0.028793037011884293
washington,2015,household,refrigerator,-0.017193323154273576
washington,2015,household,gardening,0.015873512335713214
washington,2015,household,sewing,0.039703200264420424
washington,2015,household,caregiver,0.03787937670777397
washington,2015,household,childcare,0.01652712557100422
washington,2015,household,daycare,0.009311239048569564
washington,2015,household,parenting,-5.554575373301063e-05
west_virginia,2000,household,kitchen,0.018290383262493437
west_virginia,2005,household,cleaning,-0.018248609693651163
west_virginia,2005,household,cleaned,-0.03441427694472399
west_virginia,2005,household,cooking,-0.017720082633620793
west_virginia,2005,household,recipes,-0.020778743263356936
west_virginia,2005,household,meals,0.02068164474192913
west_virginia,2005,household,kitchen,0.015885553046749545
west_virginia,2010,household,cleaning,-0.0003974645957012246
west_virginia,2010,household,cleaned,-0.0309923903598337
west_virginia,2010,household,laundry,0.005437485354321314
west_virginia,2010,household,washing,-0.032833409871443564
west_virginia,2010,household,cooking,-0.009187826119834819
west_virginia,2010,household,baking,-0.0029414763426940382
west_virginia,2010,household,recipes,-0.013281271528642336
west_virginia,2010,household,meals,-0.004362026393774698
west_virginia,2010,household,lunches,0.005158413159205066
west_virginia,2010,household,kitchen,0.008275925185988298
west_virginia,2010,household,stove,-0.031190918596959216
west_virginia,2010,household,oven,-0.009923722369540311
west_virginia,2010,household,gardening,0.006885257793830757
west_virginia,2010,household,sewing,-0.0017574812637684012
west_virginia,2015,household,cleaning,-0.013683892247087215
west_virginia,2015,household,cleaned,-0.020503850320930717
west_virginia,2015,household,laundry,0.001708804550810683
west_virginia,2015,household,washing,-0.017323615830236783
west_virginia,2015,household,cooking,0.0018251219854561462
west_virginia,2015,household,baking,0.0009631643022152137
west_virginia,2015,household,recipes,0.007128914634020989
west_virginia,2015,household,meals,0.004111360983545254
west_virginia,2015,household,lunches,0.018092318814172392
west_virginia,2015,household,kitchen,-0.03851113272120055
west_virginia,2015,household,stove,-0.037377863079138596
west_virginia,2015,household,oven,-0.004403821116111928
west_virginia,2015,household,gardening,-0.0004363413787437098
west_virginia,2015,household,sewing,0.005924052963677484
west_virginia,2015,household,caregiver,0.04710859104284548
west_virginia,2015,household,childcare,0.02110574164167578
wisconsin,2000,household,cleaning,-0.050993736139839596
wisconsin,2000,household,laundry,-0.03240196744130597
wisconsin,2000,household,cooking,-0.024006998059576623
wisconsin,2000,household,baking,-0.03201803956846072
wisconsin,2000,household,recipes,-0.004560564625634478
wisconsin,2000,household,meals,0.00942128757437366
wisconsin,2000,household,kitchen,0.0035762107935829457
wisconsin,2000,household,oven,-0.02640343119649513
wisconsin,2000,household,gardening,0.0038489379495527665
wisconsin,2005,household,cleaning,-0.0033004600508852455
wisconsin,2005,household,cleaned,-0.022385080277100844
wisconsin,2005,household,laundry,-0.027188318543746814
wisconsin,2005,household,washing,-0.0259548767334834
wisconsin,2005,household,cooking,-0.014018388128549941
wisconsin,2005,household,baking,0.002042607318838985
wisconsin,2005,household,recipes,-0.0013537689070574066
wisconsin,2005,household,meals,0.019284861101781292
wisconsin,2005,household,kitchen,-0.008853049319435868
wisconsin,2005,household,oven,-0.00012428866006342076
wisconsin,2005,household,appliances,-0.05130585321324488
wisconsin,2005,household,refrigerator,-0.0312880588765202
wisconsin,2005,household,gardening,0.01782695274236612
wisconsin,2005,household,sewing,-0.021737998488295385
wisconsin,2005,household,parenting,0.007899690122118108
wisconsin,2010,household,cleaning,0.01307742698840042
wisconsin,2010,household,cleaned,-0.02391454651719549
wisconsin,2010,household,laundry,0.015909629911140755
wisconsin,2010,household,washing,-0.0069407482013408295
wisconsin,2010,household,chores,0.020271317024422753
wisconsin,2010,household,cooking,-0.01381522641916888
wisconsin,2010,household,baking,0.01566220439451982
wisconsin,2010,household,recipes,0.0022823702288514713
wisconsin,2010,household,meals,0.009449760315376254
wisconsin,2010,household,lunches,0.010747108906367542
wisconsin,2010,household,kitchen,0.010918583326675169
wisconsin,2010,household,stove,-0.027745618348839374
wisconsin,2010,household,oven,-0.000791883223581813
wisconsin,2010,household,appliances,-0.021003032120139986
wisconsin,2010,household,refrigerator,0.003880487799684307
wisconsin,2010,household,gardening,-0.004594056298574789
wisconsin,2010,household,sewing,0.005942948700109252
wisconsin,2010,household,caregiver,0.03509064976205423
wisconsin,2010,household,daycare,0.05086616740452077
wisconsin,2010,household,parenting,0.004758137758871794
wisconsin,2015,household,cleaning,0.020846835939773545
wisconsin,2015,household,cleaned,0.010819786353550409
wisconsin,2015,household,laundry,0.021935000664069726
wisconsin,2015,household,washing,0.005785631762350141
wisconsin,2015,household,chores,0.002365225817261174
wisconsin,2015,household,cooking,0.0023241640623301585
wisconsin,2015,household,baking,0.03998610344536968
wisconsin,2015,household,recipes,-0.00041716724550533435
wisconsin,2015,household,meals,0.005386895208264297
wisconsin,2015,household,lunches,0.004180623251700766
wisconsin,2015,household,kitchen,0.0032149875102434056
wisconsin,2015,household,stove,-0.02904935935809627
wisconsin,2015,household,oven,0.0015547340598647263
wisconsin,2015,household,appliances,-0.01411661725951574
wisconsin,2015,household,refrigerator,0.023244029116493925
wisconsin,2015,household,gardening,0.0025113802955140097
wisconsin,2015,household,sewing,0.021976879412633155
wisconsin,2015,household,caregiver,0.02793425611579259
wisconsin,2015,household,childcare,0.008498044065228028
wisconsin,2015,household,daycare,0.0279517062898077
wisconsin,2015,household,parenting,-0.008342052417458556
wyoming,2005,household,cleaning,-0.010507587218533398
wyoming,2005,household,cooking,-0.005845261540617819
wyoming,2005,household,meals,0.0015857056496251243
wyoming,2005,household,kitchen,0.019324346325707342
wyoming,2005,household,oven,-0.013852353957548802
wyoming,2010,household,cleaning,-0.006500252222177094
wyoming,2010,household,cleaned,0.021906276165843175
wyoming,2010,household,laundry,0.033016484247376465
wyoming,2010,household,cooking,0.015710092560226707
wyoming,2010,household,baking,0.031964163847975624
wyoming,2010,household,recipes,0.006051811639031124
wyoming,2010,household,meals,0.0026816407312820756
wyoming,2010,household,kitchen,0.015678583384899802
wyoming,2010,household,stove,-0.02159530706585089
wyoming,2010,household,oven,0.003380289132064007
wyoming,2010,household,gardening,0.024778387942599234
wyoming,2010,household,sewing,0.0036488759632368195
wyoming,2015,household,cleaning,0.010557828190210339
wyoming,2015,household,cleaned,0.03271890184118864
wyoming,2015,household,laundry,0.01334855941238966
wyoming,2015,household,washing,0.013895741240711912
wyoming,2015,household,chores,0.010622101727755684
wyoming,2015,household,cooking,-0.001824669160760739
wyoming,2015,household,baking,0.013127255947241956
wyoming,2015,household,recipes,0.02391077940757591
wyoming,2015,household,meals,0.027671606896419565
wyoming,2015,household,kitchen,0.029325855909415388
wyoming,2015,household,stove,-0.013210419210430424
wyoming,2015,household,oven,0.007337906671412098
wyoming,2015,household,gardening,0.019944804728354915
wyoming,2015,household,sewing,0.021674044030770778
wyoming,2015,household,caregiver,0.027724958978547654
