unit_name,ours_family_sphere,ours_household,ours_occupation,matched_female_share,duncan,female_emp_share,motherhood_emp_gap,motherhood_hours_gap,married_women_nilf,wife_earnings_share,wife_earns_more,gender_emp_gap,weighted_n_women,n_persons,n,share_female,iat_mean,iat_sex_balanced,n_iat,explicit_mean,explicit_sex_balanced,n_explicit,state,period,family_index_acs,se_ours_family_sphere,se_ours_household,se_ours_occupation,nwords_ours_family_sphere,nwords_ours_household,nwords_ours_occupation,n_docs,tokens,real_income_pc,ba_share,metro_share,unemployment_rate,manufacturing_share,service_share,women_lfp,women_emp_rate,gender_wage_gap,n_persons_context,female_share_managers,female_share_professionals,pfl_share,gop_two_party_share
alabama_1995,-0.0135948827690511,-0.040663467796512,-0.0079117144704749,0.3840026293502036,0.5664070633848305,0.4644018058853251,0.0827269224563529,3.327262529975478,0.3026485500060563,0.347840926330504,0.2491726008421927,0.1501496239892079,4800067.0,118821,,,,,,,,,alabama,1995,0.5075821019740904,0.006396114488448691,0.002431732804575537,0.0027852795656521253,8.0,1.0,24.0,759,280598.0,27037.367468201646,0.2222814002935911,0.7145647821946626,0.053854005734676,0.1787215510897423,0.7146707586425826,0.6634411333750698,0.6242987121103454,0.3610786091642357,148031,0.3678591593317403,0.5853608564728149,0.0,0.5807952814243409
alabama_2000,0.003559730699771,-0.0166099996573448,-0.0090475372226329,0.3865391698232336,0.5604689141253713,0.4658458209471998,0.0780471081696704,3.040828051605573,0.2991186958518029,0.350746152574204,0.2551725784800611,0.138696136727576,9661943.0,211095,1740.0,0.7728323699421965,0.413895470371545,0.3814699753680876,1587.0,1.7148884870403858,1.7106997971602431,1659.0,alabama,2000,0.3264530552083585,0.0097502541191411,0.009454459782878568,0.004860506690078776,10.0,3.0,47.0,2400,879866.0,26872.254538149748,0.2269498263255729,0.7271554232036482,0.0557634036735525,0.172287372706674,0.7185142823318836,0.6670872429711721,0.6267385434056129,0.3505987694146961,271946,0.3715404591395299,0.5904669241136303,0.0,0.6046520534239533
alabama_2005,-0.000633183319261,-0.0049434553704916,-0.0072823949606975,0.3881704137120695,0.5550027118275069,0.470033835765333,0.067020042211178,2.594838347912251,0.2952609373085205,0.350228767768925,0.2617435536522758,0.120017916481148,9729480.0,180431,4603.0,0.7685570396321436,0.4224347182468526,0.3853828746977316,4248.0,1.7688305813164442,1.7685196932532634,4421.0,alabama,2005,0.0809302248237622,0.007010332562777542,0.00566658314470034,0.00355471321281687,10.0,5.0,60.0,5861,1988330.0,25740.005886773022,0.2366154359999077,0.7747232480271458,0.0700196630227541,0.1595239862188193,0.7345502082590338,0.6655779315847915,0.615442916058478,0.3251998141024541,247344,0.3787425326787721,0.5959169338623476,0.0,0.6105356564350519
alabama_2010,0.0070113738196145,-0.0003923444162991,-0.0064376630549159,0.4044552567648939,0.5461364429631256,0.4757683086343923,0.0532396987279017,2.2119788177164708,0.2915453425085649,0.3484479420571955,0.2633751705183507,0.1048162740940927,9650606.0,172520,8350.0,0.726614800072372,0.3846879262139118,0.3697385323802811,7700.0,1.3126802959989967,1.462533075033075,7973.0,alabama,2010,-0.1107344874479414,0.007974007904740867,0.008207685559086523,0.0029482467947773818,10.0,6.0,63.0,10406,3372381.0,25362.39806665234,0.2520212664866287,0.8418340197489023,0.0655480830236563,0.1530262624304336,0.7473479771734016,0.6591969157781773,0.6137122701574785,0.3056269277356443,244827,0.3865713654746876,0.6002934076606815,0.0,0.6279518606369923
alabama_2015,0.0126395265427574,-0.0033422648268935,-0.0115201148665794,0.4218103179334759,0.5343327026270284,0.4785765915984999,0.0503130249446914,2.1689131666503982,0.2781796067109215,0.3535789066058977,0.2671016636906104,0.097893965554123,9651397.0,167979,12445.0,0.7399366802351877,0.3585360695400407,0.3393394657354924,11635.0,0.9764349436121864,1.0602736133443764,11882.0,alabama,2015,-0.2650817125785563,0.005691896202835171,0.00637332386766909,0.0029437859944497916,10.0,6.0,64.0,14519,4740228.0,26704.12327664749,0.2787973317765476,0.8619279540812982,0.043728686673655,0.1516869057200052,0.7500244108993055,0.6723471324036012,0.6409582968158712,0.2990287655132426,241418,0.4006302675319813,0.5997020761156998,0.0,0.6424204345233647
alaska_2000,0.0023083915298351,0.0223349363986226,0.0181675009460926,0.3943212379551002,0.5492443634023004,0.4557243331798991,0.1754539101038267,5.401680975185421,0.2545559176815328,0.3487750686101591,0.2533538391809621,0.0969398301214727,1437241.0,44735,541.0,0.7439252336448599,0.3600291632700377,0.329363822194241,498.0,1.3188118811881189,1.362026466009341,505.0,alaska,2000,0.6393198349231383,0.017825248698765152,0.002365740545437681,0.00806134145231192,4.0,1.0,24.0,726,396311.0,35407.112678395555,0.2725928129619418,0.0,0.0696585398780296,0.0361581365821215,0.8039953595936999,0.7399155515771477,0.6961520417003664,0.297904555527638,54295,0.4330836860957343,0.558730025775649,0.0,0.6407600548719087
alaska_2005,0.0070915875962988,0.0029791567242417,-0.0063041508757808,0.4261509408987316,0.5543816541282586,0.4552362618288708,0.1839880678830503,5.215945908461563,0.251598714899575,0.35309026052353,0.265061838594699,0.0804620492947226,1465718.0,26791,1152.0,0.7195767195767195,0.3759179783331031,0.3501495151885117,1079.0,1.5027472527472527,1.5220115012316553,1092.0,alaska,2005,0.4527743052180819,0.005807888794775982,0.009763084439147793,0.0038711911710881076,10.0,5.0,44.0,1912,1041151.0,35282.13269508939,0.2801238064495975,0.2328846787039591,0.0657839062474532,0.0411825749307011,0.7903657137433667,0.7458949347330661,0.7071434857515241,0.268791662377881,34818,0.4333247179962508,0.5783471595797967,0.0,0.5919003769907873
alaska_2010,0.0093381200156472,-3.42462516316288e-05,-0.0090478584775598,0.4231392119135591,0.5341601586638495,0.4501697245382383,0.1754113378336145,4.674403071064731,0.2587879636590555,0.3533251240592849,0.2768649645480271,0.083576304749548,1465890.0,26369,2080.0,0.6956521739130435,0.3505703003655346,0.3408122279026748,1948.0,1.11183879093199,1.2353966943541186,1985.0,alaska,2010,0.3213219720746126,0.0038395676380971575,0.0071950240248599235,0.0028858150941321633,10.0,6.0,57.0,3724,1920328.0,35012.64621790815,0.2892213389502831,0.5978687233776129,0.0625043176958196,0.0423171901190162,0.7914621258839286,0.7378014769042835,0.6995875099633057,0.2350849214728262,35313,0.4102492966114044,0.5781202178461075,0.0,0.5785047259631422
alaska_2015,0.0143060817732568,0.0076576239168277,0.0009935401419592,0.4268573246534928,0.509015835414056,0.4445920486398115,0.1621518326901094,4.572899080081761,0.2561509495059887,0.3600751949264775,0.2908703934835446,0.0810897661940651,1444109.0,25379,2829.0,0.7244157937147462,0.3268856163734442,0.3199250469221611,2652.0,0.8169014084507042,0.8546862844215953,2698.0,alaska,2015,0.1164175043790171,0.005323863711129117,0.006419610023234773,0.003081495705927422,10.0,6.0,58.0,5292,2508084.0,35020.065770407025,0.3047224794599408,0.7529363274347506,0.0566053951257131,0.0422881835167045,0.7945062557043877,0.7307875958299069,0.6929060667957663,0.2166404908746493,34314,0.4312691908659338,0.5745465214826598,0.0,0.5683135532576412
arizona_2010,0.011876046370782,-0.0005087804276228,-0.0147417600627432,0.4063843221228612,0.4786433478817887,0.4656292548163772,0.1574470999097701,2.728535773610183,0.3112461616003448,0.3430913820713971,0.2761637144504709,0.1040483867579884,12909334.0,243407,16875.0,0.698505350667728,0.3748010349807891,0.3702326941115899,15550.0,1.2432682806324111,1.4055351576966806,16192.0,arizona,2010,0.3521210742700744,0.005695468371607436,0.0025724659613083323,0.0029519577443760225,10.0,6.0,60.0,6617,2747588.0,27963.94024131122,0.2814962467202214,0.9523626797223166,0.0638494258685213,0.0796791374944003,0.8099503372111047,0.6879877886819722,0.6445037281888233,0.2353778060062769,334222,0.4017791504825698,0.5469837168454296,0.0,0.5325125033491995
arizona_2015,0.0044360455139528,-0.0028747776904472,-0.0226305327523164,0.4131066465968979,0.4642300381782997,0.4638537651798176,0.1527876217650877,2.8619217839613498,0.2942106860613184,0.3477020238423591,0.277517440435488,0.1031546682067569,13499322.0,243899,26872.0,0.7134562493633493,0.3519345877318463,0.3479661017647572,25228.0,0.9386583947266384,1.01395768599627,25790.0,arizona,2015,0.2513165333461186,0.006742408127877473,0.00504158072159252,0.0027040419660560797,10.0,6.0,65.0,15473,6741907.0,30521.55280812437,0.3140954386505182,0.9631602670029156,0.0442261978935438,0.0791827018648426,0.8084685294336016,0.7045246058618759,0.6725906767192718,0.227725564359043,338601,0.423274596283846,0.5447114076235298,0.0,0.5150881590929136
arkansas_2010,-0.000402768043775,-0.0025374159878265,-0.0060087535481825,0.3937306061427475,0.538770174068099,0.4759396219988054,0.0558158172256425,2.5746512964629176,0.2741649469926554,0.3769689713624124,0.3003603678056197,0.0941758288878483,5727971.0,104623,5626.0,0.723039871554723,0.3822193082386682,0.3706194428724838,5241.0,1.260025873221216,1.4091940872891429,5411.0,arkansas,2010,-0.5606235370171114,0.005648666355790936,0.008135718191823533,0.0031827073381938686,10.0,5.0,55.0,3138,1284839.0,24337.12966519051,0.2282051785125546,0.8059258347151799,0.0547726855811318,0.1529549849470201,0.7385731473095615,0.67735414093012,0.640988017076948,0.2668332994584391,147430,0.3869234186539397,0.6274787790379831,0.0,0.6321977152050005
arkansas_2015,0.0093768030439347,0.0115583610844323,-0.0056501223526942,0.4073694971659904,0.5274342566932442,0.4768705543330607,0.0539175158709609,2.137618038591917,0.2624009417411176,0.3817682671121769,0.3063625734605172,0.0820001248426168,5716141.0,102877,9663.0,0.7358161187081758,0.3462345331324246,0.3457707604664398,9121.0,0.9096781138981592,1.0000297045808708,9289.0,arkansas,2015,-0.7988147199644975,0.005292805822042048,0.008511338116062268,0.0027413164810719095,10.0,6.0,63.0,9045,3286192.0,25733.036931154376,0.2529412711770799,0.825788697225807,0.0397844154375713,0.1467994462886232,0.7455000604763581,0.6871988320796902,0.6605921670498894,0.2650500403875925,145857,0.4034075533541915,0.6257595989216962,0.0,0.6472252140130066
california_1995,0.0112639869454676,-0.0090742492837504,-0.0140405804832593,0.3673556184432696,0.4882666007454062,0.4447864375803314,0.2179421298597335,3.8299422731997694,0.3457523207095963,0.3269037544894441,0.2458145512572564,0.1722199711357224,37840894.0,929137,,,,,,,,,california,1995,1.4702738468925378,0.006760223256004963,0.006725058772977318,0.002978335887509647,10.0,6.0,64.0,5560,3091784.0,35348.43491003062,0.2971915783069681,0.9606532405258474,0.062677308298597,0.1362994849693135,0.75979816325076,0.6748661751349395,0.6294141678999102,0.2638919213131939,1107060,0.3744826697002562,0.5137507792773832,0.1,0.4384647477237893
california_2000,0.0066293285631897,-0.0022029885027668,-0.0103994679787944,0.3721093895304767,0.4871272111078408,0.4457662804034755,0.2064472308923837,3.6523771963356992,0.3356137400337265,0.3299672207322778,0.2512408540257296,0.1625459900730652,76340068.0,1647351,23814.0,0.6981028436219208,0.3967113616142649,0.3798946128768641,21887.0,1.578400281888654,1.5989965764210998,22704.0,california,2000,1.268392522711831,0.006477865646603113,0.0046513061125996605,0.0031119705495789587,10.0,6.0,65.0,19166,8540628.0,35113.24713239674,0.3017919078194622,0.9613496496581388,0.063309353595631,0.1267980961871209,0.7628864036465132,0.6839102934690956,0.6382579349344231,0.247331319759109,2022828,0.3782721969469346,0.5196522147235214,0.6,0.4215907998550678
california_2005,-0.0002926562732836,-0.0208554647529142,-0.0179994914244717,0.3797788890027136,0.4791641437942051,0.4519315600183169,0.1808806049929007,2.9655164950624027,0.3177926153225328,0.337686862970424,0.2664953355216968,0.1418664402093846,77978078.0,1454303,60063.0,0.687869723043829,0.3908078571394952,0.3728290474203248,55193.0,1.5913110074496972,1.6001965376114593,57452.0,california,2005,0.7761610684683219,0.007395255544852904,0.003715877761423035,0.004036870893422713,10.0,6.0,65.0,40486,15880380.0,33250.20475300186,0.3106373398168688,0.964874817296542,0.0786806978522606,0.1129984268790165,0.7759391046756146,0.6971932271020098,0.6409696958795753,0.2197829249132117,1888121,0.3896618307289941,0.5271132809258925,1.0,0.3792436962255898
california_2010,0.0090298367812611,-0.0046201416477722,-0.0078089237522054,0.3907762708265564,0.4622931285418182,0.4573639588363891,0.1678437317052679,2.368923558976753,0.3086741565904247,0.3401994040186765,0.2733176373152431,0.1312839538350295,79831130.0,1477633,128329.0,0.6753302682884246,0.3520668297402832,0.346024054452603,117315.0,1.165252852146056,1.293122191973585,122364.0,california,2010,0.5049005686403211,0.008509031402146892,0.005665104671276995,0.003847647422796001,10.0,6.0,65.0,61478,24407645.0,33525.81595457115,0.3292588350616939,0.9713635420916998,0.0709910639214838,0.1027531925672435,0.7899077690621388,0.7057295788723036,0.6542800991119618,0.2100738664830554,1969718,0.4029099990676725,0.5287549947810948,1.0,0.3599948414698675
california_2015,0.0148301818633372,0.0021627806112177,-0.0041431351617329,0.4039309406986648,0.4449996801306511,0.458767986078167,0.1551844375608727,2.1041926795680865,0.2908715193767487,0.347466182279919,0.2801019556989028,0.1192485263739555,79864245.0,1466690,201108.0,0.6915408165890555,0.3319616199579828,0.3218367226646545,187191.0,0.923927205261567,1.0021324150135276,191882.0,california,2015,0.2122269494655933,0.0070415521115978295,0.0022678402386425243,0.003796826172222508,10.0,6.0,65.0,66627,27456112.0,36692.27421122326,0.3624491325475037,0.9747136533458872,0.0536092293533795,0.095538661135074,0.7955305353014872,0.721249261525621,0.6809965567330423,0.2022201961083993,1971267,0.4203557874625739,0.5270442048306783,1.0,0.3618757517493474
colorado_1995,0.0046360990829318,0.0005285868294525,-0.0063811745532686,0.3840955380224887,0.507091253873323,0.4500386250377563,0.2326939898801938,5.678196954271996,0.2795105180991339,0.3339859207697399,0.2408324757712492,0.1470903995854593,5042322.0,128962,,,,,,,,,colorado,1995,1.3929648517298194,0.007266839420034265,0.007948891470839992,0.0030886667820376524,10.0,5.0,52.0,1990,1042502.0,35759.25224984409,0.3553823810464712,0.8630243641492,0.0477638252877543,0.1072583878873909,0.7624516196819175,0.7324149261620151,0.695962619816766,0.2951708980396231,153229,0.3695918201944966,0.5168652599543254,0.0,0.5253711904391637
colorado_2000,0.0138913728910996,0.0077141644229925,-0.0059657072544523,0.3948334121853859,0.503244708586088,0.4517588778313293,0.2108982866430386,5.273675096828853,0.2709560892202942,0.3361402038854092,0.2457369397590439,0.1367040992391863,10329319.0,232175,4290.0,0.6969057665260197,0.3698134149169536,0.351476484574847,3981.0,1.5114410905550146,1.5320554314291177,4108.0,colorado,2000,1.1343920126887774,0.0062499154244398565,0.00450210637754825,0.0026252709110423955,10.0,6.0,64.0,4354,1937787.0,35215.24559673716,0.3622452748804015,0.8690767559298405,0.0477264043074503,0.0955311607308851,0.7710997970192559,0.7395959271370773,0.7031639895233313,0.2857946577471111,286453,0.3697729139985018,0.5249441188947023,0.0,0.5076717160278275
colorado_2005,0.0066338919734642,0.0051645056520212,-0.0065866134629678,0.4071774290442719,0.4938202065395136,0.4580595775672618,0.1818713740059947,4.507225489688054,0.260741577251442,0.3391630803087727,0.2574470021583894,0.1177484579524525,10687562.0,206097,10453.0,0.7043310875842156,0.3770519179552827,0.3572364090476657,9654.0,1.5541940625622634,1.5521345470006185,10038.0,colorado,2005,0.7055527203432507,0.002875026639240356,0.004689760455838567,0.0027604859439798422,10.0,6.0,65.0,9306,3867370.0,33858.53818708663,0.3764660456218441,0.8858542623560139,0.0559330914060026,0.0818612314456308,0.7879281449286634,0.7459785082037141,0.7039172444891456,0.2675919059122413,272475,0.3754180957620399,0.5389830762236476,0.0,0.4635068849631203
colorado_2010,0.006618994167239,0.0128685443380053,-0.0022112070065008,0.4221168932725214,0.478679060605188,0.4614648725271809,0.1769119367693783,4.038916547992677,0.2537845613148912,0.3430576013881815,0.2649534514314237,0.1055170275911692,11104084.0,211145,23489.0,0.6996993070989672,0.3533515696547826,0.3405027224287509,21652.0,1.1143136731607508,1.2190556903967305,22482.0,colorado,2010,0.466744725898109,0.005102522028939457,0.0027405607315608566,0.0033359734828829752,10.0,6.0,65.0,16415,6894452.0,34622.795556951765,0.4020639287950985,0.9132546865864656,0.0492534649881519,0.0766520007497493,0.797682240316276,0.7505030852638856,0.713932733223254,0.2516353933000621,287110,0.3895703628431893,0.5424708381084418,0.0,0.4728433915655752
colorado_2015,0.0077921801047278,0.0112027654061249,-0.0059405964410905,0.4333465219902834,0.4618186466915351,0.4602553928683069,0.1727434433690216,3.537907951577303,0.2321388956578726,0.3578322442076324,0.279743067591055,0.0933142563366753,11702435.0,222631,38006.0,0.7239184840900965,0.3372802236183861,0.3226383996293164,35645.0,0.9199758666081614,0.9442007030201494,36464.0,colorado,2015,0.0624070081599541,0.006456452822205062,0.0031067471885141912,0.0030738662959797413,10.0,6.0,65.0,21884,9518972.0,37893.49261616964,0.4452281463408105,0.9202877524536278,0.0369760672526415,0.0750502281715937,0.8006603386416454,0.7673645030584612,0.7393480094675028,0.2333796569977476,300041,0.4093341888942218,0.5362028799569595,0.1,0.4491060180131698
connecticut_1995,0.0142311896839319,0.0204484288962057,-0.0035985827263923,0.3693444599563282,0.5299510338278417,0.4736753340806952,0.1997564279903859,6.110091963672765,0.2613497024161493,0.3440654259154154,0.2526248706521293,0.1317995267544701,3823908.0,97612,,,,,,,,,connecticut,1995,1.0629715301229543,0.0065006477417135665,0.005523727218607344,0.0038912908663530253,9.0,2.0,29.0,1033,381714.0,44027.223111692285,0.3636165776043977,1.0,0.048370516728658,0.1611072292394517,0.7602946293441208,0.7449493861270118,0.7088523594863995,0.3518018283181015,118911,0.3640617114016976,0.5450601564208281,0.0,0.4170196250274953
connecticut_2000,0.0065606278461822,-0.0283045771040668,-0.0223448985619404,0.3889838124589317,0.5153448931446412,0.4765317304853347,0.1797776020359811,5.502565830900608,0.2480774368891803,0.3491459141659619,0.261183524895387,0.1167316551058781,7587347.0,168402,2794.0,0.6665463731504871,0.3933646204678498,0.3783746355109454,2561.0,1.7413403614457832,1.7881405189703998,2656.0,connecticut,2000,0.7015229739701151,0.006526624132088946,0.008169050523321581,0.003505878734767518,10.0,5.0,46.0,2023,775777.0,43764.455766557294,0.3704371826918047,1.0,0.0517494618239898,0.1497710307018399,0.7687744513069588,0.7556143679298445,0.7165651985028002,0.3422243829022849,211983,0.3674093590506536,0.5519661086689358,0.0,0.4138368538026906
connecticut_2005,0.0025857384167832,0.002242716585526,-0.0173941673536251,0.3969254855508015,0.5001986862162716,0.4825668472698374,0.1415483090067016,4.1040573368125735,0.2266192948381009,0.3600630703394872,0.2824055371128246,0.0896010141719417,7475282.0,139185,7242.0,0.6707011686143572,0.3963365443559949,0.3810321715905573,6646.0,1.6969128678592036,1.7377959500953573,6932.0,connecticut,2005,-0.0350644365730662,0.006634609981524357,0.0068169875025867206,0.0031801696258472838,10.0,6.0,56.0,4077,1589783.0,41966.951911411816,0.385022798089431,0.9809449210441332,0.0684542415212437,0.1291688433715396,0.7889358448987984,0.7722692920435544,0.7213335941923082,0.3212563420414491,187684,0.3753508914335722,0.5640213448518842,0.0,0.3995454213666936
connecticut_2010,0.011927599834812,0.0086714688785149,-0.0140128787274705,0.3975607254429196,0.4887960314969862,0.4853211127021692,0.1075077971297799,3.186378658728195,0.2166276358676461,0.367370653254487,0.2972816073367213,0.0783325806076986,7208886.0,133124,15150.0,0.6852741096438576,0.3755593419471581,0.3686250763334801,13880.0,1.1836494531358162,1.3410479474727155,14446.0,connecticut,2010,-0.5069673831958249,0.005822508607068618,0.007375710797498617,0.0034819804812147217,10.0,6.0,63.0,6959,2708268.0,41280.81874729609,0.4020044991961675,0.9521844239826188,0.0664138221175437,0.1164875388885472,0.8013850259594791,0.7771747913901961,0.7276904403639769,0.2997708898641916,187481,0.3922704459855766,0.5706778799517488,0.0,0.4204293750291463
connecticut_2015,0.0146288061383894,-0.0033375671875471,-0.0053516863004477,0.4200687046037658,0.4762978413282416,0.4842654258842785,0.0915308533355807,2.6463803667309875,0.206013756112604,0.3771847939873531,0.307974688249709,0.0692771286382709,6924558.0,126812,23245.0,0.7060240963855422,0.355194517819668,0.3484248409786013,21598.0,0.9499706771326748,0.97435732493944,22167.0,connecticut,2015,-0.8465987992702136,0.006893412615364038,0.0071069647456099005,0.002715021480956228,10.0,6.0,62.0,9368,3423751.0,42341.03165839204,0.428690679825039,0.9479740106820246,0.0491482979540783,0.1145764706282457,0.8005322387014056,0.782939229807313,0.7459967194856372,0.2746312153188194,181763,0.4199227038230745,0.570315594876535,0.3,0.4176172363613311
delaware_2000,-0.0055348216997253,,-0.0171029931938362,0.4007235524071429,0.5172726302163076,0.482360739845176,0.1054123861494762,3.939834251511833,0.2365187634927196,0.3610925849253972,0.2684072580844339,0.1028212371160951,1804636.0,49386,400.0,0.7437185929648241,0.4077080603129726,0.3852461749945881,363.0,1.43717277486911,1.4473607518851774,382.0,delaware,2000,-0.0064424988926595,0.018856798634695898,,0.007836479055227559,5.0,0.0,22.0,677,208382.0,34566.73223118223,0.2891751644584844,0.7964768309302162,0.0483949710898081,0.1268462523101661,0.771526897224912,0.7422717115813483,0.7069892200352494,0.26507998271769,63235,0.3980214654696825,0.5647259693535589,0.0,0.4226343010657713
delaware_2005,0.0124901100578165,-0.0019635130931852,-0.0099249065058883,0.4091735910927112,0.506466429521895,0.4894623344704715,0.0747396800170193,2.6758791937462263,0.2275291147479349,0.3738057593821805,0.2935417005874027,0.0815374734956119,1849188.0,32272,1126.0,0.7311827956989247,0.4100219493854922,0.3793296422965464,1030.0,1.5088372093023257,1.477533142661846,1075.0,delaware,2005,-0.6561647092450953,0.007635282902668329,0.01427354013690887,0.0045577463570311534,9.0,4.0,40.0,2187,662113.0,32557.62079022802,0.3007678899253089,0.857273269726704,0.0630169756012982,0.105975210007133,0.7944990607397907,0.7450500175467532,0.6995793326116223,0.228989780462264,44421,0.4172241891747877,0.586358318185369,0.0,0.3895745321541664
delaware_2010,0.001722428079726,-0.0051781130649671,-0.0062907444929047,0.4090265181308587,0.5116868865711125,0.4922738551387745,0.0732325564593132,2.2492916687089,0.2223877283103792,0.3863139277069689,0.3206291570819736,0.0690822483299888,1857571.0,31698,2848.0,0.6921518987341773,0.3678036708295413,0.3533280362864833,2593.0,1.1080680977054034,1.2098638767470726,2702.0,delaware,2010,-1.03745114811985,0.010953745607450818,0.007108085267699978,0.0045480058065272295,10.0,5.0,52.0,3400,1138776.0,31949.49793044593,0.318830230247686,0.958517183124421,0.0576626616583159,0.0925110376454206,0.8109926436030734,0.7463319446012794,0.7043066542255293,0.2006107567346553,45430,0.4178774988542547,0.6065961371155716,0.0,0.4227721181852031
delaware_2015,0.0151994148557628,0.0194188553574512,0.0004266579784731,0.4226234539970391,0.4949781281244376,0.491131410647705,0.0846792683166709,1.965699112796024,0.2136428063277597,0.3951835992292759,0.3345070067744655,0.0677155275976363,1866317.0,30145,5399.0,0.7140169332079022,0.354015735138746,0.3381335038831413,5047.0,0.9099063962558502,0.966314832735804,5128.0,delaware,2015,-1.2112739027090629,0.007604650580109851,0.007678255797492308,0.003875193601420104,10.0,5.0,49.0,3380,1253324.0,33107.39162905161,0.3474334360156125,0.9304779361477292,0.0419750265453822,0.0845545622301074,0.8153116422019884,0.7565526708013328,0.7240772447603269,0.1880908690625989,44580,0.434409644415615,0.6022240107291771,0.0,0.4229846624994537
district_of_columbia_1995,-0.0026535748048984,,-0.0387094336192685,0.4274605649075976,0.3565326994126043,0.5056286426234213,0.1828565784829809,4.84666548225303,0.2384081348233411,0.392631351032743,0.3234222064987832,0.0588524263247242,679762.0,25983,,,,,,,,,district_of_columbia,1995,-0.3456030176029716,0.013793436717468303,,0.008095290889236502,7.0,0.0,32.0,730,387190.0,43424.25042587523,0.4612895617106115,,0.0782472424322996,0.0322023749688596,0.9190132996507911,0.7604792457325686,0.7008859433083807,0.2148255810796292,31723,0.4955411700647347,0.5277334211372767,0.0,0.0962282622197373
district_of_columbia_2000,0.010836942600931,0.001053768811071,-0.0180262888566344,0.4344023813246459,0.331847131983818,0.5073488452735725,0.1761733972660493,4.3801181875586295,0.2171510878548782,0.4023925499781706,0.33246096424391,0.0532234391621448,1366193.0,38322,1891.0,0.733935209771641,0.3927362418772847,0.3827849561283412,1470.0,1.3537682789651293,1.3703427805125354,1778.0,district_of_columbia,2000,-0.653635915966042,0.010719164879895186,0.0032877772721540046,0.004845567125467424,10.0,2.0,42.0,1880,849388.0,44619.443077574455,0.4815181465505242,,0.0774850840617012,0.0292296576609408,0.9228407552350946,0.7699457863190217,0.7102904615289201,0.2029829485799774,47420,0.4931958819719125,0.5288940090949176,0.0,0.0853041951378992
district_of_columbia_2005,0.0016095304333585,-0.0371543078648176,-0.0302454111294838,0.4459513861553486,0.3042185401562986,0.5115356007931211,0.1538810744730574,3.516349698018004,0.1930125237035628,0.4125458962598092,0.349185916041012,0.0420194445091225,1465588.0,26645,4391.0,0.6949656750572082,0.3977414885754436,0.3914595028443547,3779.0,1.5050215208034434,1.5384501889054334,4182.0,district_of_columbia,2005,-1.1566527520073262,0.007375141371242024,0.017089636997698714,0.004361806012994513,10.0,2.0,38.0,2410,926807.0,45706.679066049146,0.5328386371839937,,0.0849925213309027,0.02524718905,0.9306368448775756,0.7895261611724438,0.7232851796530951,0.1762638227383374,33672,0.4830860507328174,0.531815636693662,0.0,0.0700579123223341
district_of_columbia_2010,0.0114799477801416,0.0015247338086117,-0.0135889727530751,0.4586624238696258,0.2938674676943956,0.5150738206902026,0.1326171797863329,2.860624397487697,0.1607852229693175,0.4189738297824875,0.3563538737477182,0.0321399563978492,1652624.0,29880,7434.0,0.688913607712273,0.3569292940635846,0.3654304336781482,6759.0,1.2032153433930337,1.353845001012885,7091.0,district_of_columbia,2010,-1.5714894908242456,0.005946562016036501,0.01303599882929589,0.0032604025107908843,10.0,2.0,44.0,3022,1230986.0,48057.9936142572,0.5890639490524401,,0.0741583615754675,0.0239104937306683,0.936419540803686,0.8103082041197323,0.7496637777745832,0.1510621270578241,37212,0.48097804145969,0.5353026672524703,0.0,0.0585858122801419
district_of_columbia_2015,-0.0029965611975081,0.0324555407334737,-0.0053657811097652,0.4483207595622821,0.2744561574093043,0.5191750286063463,0.1133628345623344,2.403091394357361,0.1273281563689816,0.4358829410609203,0.3755602054997736,0.012385269420749,1745874.0,31040,9379.0,0.7154944473823374,0.3227061176063073,0.3247694511384419,8639.0,0.9187890974084004,1.0101341004968951,8952.0,district_of_columbia,2015,-2.142561661016923,0.00633848085899954,0.005456897369251932,0.00397083400770078,10.0,3.0,49.0,4053,1900170.0,53380.11724905469,0.6483147909799509,,0.0569880020464314,0.0239536912130535,0.9375298178567166,0.8297919334125858,0.78395727231268,0.1440918419941917,37963,0.511755058988419,0.532083966921992,0.5,0.0550770408349947
florida_1995,0.0149758202042803,0.0015958234611973,-0.0177728478644162,0.3612893985510595,0.519274683028457,0.4646985416399043,0.1336048302565784,3.240948889359437,0.2911289341868698,0.3588191380759172,0.26886381240191,0.1390824544591339,17152153.0,417042,,,,,,,,,florida,1995,0.3912568517647484,0.0025275061205612534,0.005081069750695366,0.0033697328579187676,10.0,5.0,61.0,3731,1457668.0,30475.99746459374,0.2575190407921687,0.936241764630847,0.0529263627578371,0.078547751181892,0.8069732888337493,0.6936174665420257,0.6527586731795926,0.3152140136176498,523797,0.3745043311214886,0.5585871228630311,0.0,0.4979110926286531
florida_2000,-0.0039614194928443,-0.002926313709884,-0.0162668266836375,0.3734773245881818,0.5180666598617248,0.4657765993313913,0.1341041967498039,3.159797132741687,0.2825733034466011,0.3590711554832365,0.2721252740274922,0.1244439092712111,35460922.0,771981,8469.0,0.7477434679334917,0.4038651206405163,0.3731050555815781,7771.0,1.5963764469048818,1.612516274893923,7948.0,florida,2000,0.2545598029707244,0.004379851906244907,0.004980515604400047,0.003367346112276926,10.0,6.0,64.0,6079,2334206.0,30185.581789102635,0.2637669198384552,0.936440041058185,0.0575789841261364,0.0725725803149496,0.8055569153445084,0.7040653875941855,0.6610421251791051,0.3007389254867648,1003353,0.377274852985864,0.5648103131642882,0.0,0.5036954298426769
florida_2005,0.0101251481381986,0.0123076141906453,-0.0116403696014325,0.3867483278446734,0.5085309780546305,0.4736728951177794,0.1202783780837744,2.595780199276355,0.2693233781691649,0.3668297639206682,0.2903058914935039,0.0947360824327038,37300274.0,704532,22392.0,0.7491347147930058,0.4072100002340992,0.3752319839683423,20618.0,1.6280747786159395,1.6333159891299902,21343.0,florida,2005,-0.2270260298155217,0.005613548597228092,0.003961242700774907,0.0030608394113106254,10.0,6.0,64.0,10206,3794336.0,27904.90761524981,0.2720831017004851,0.954406909777236,0.078553132965864,0.0630741862139151,0.8211897577357999,0.7150451917049232,0.6590475202027463,0.2715254893076194,968770,0.3868855180724068,0.5760136655966854,0.0,0.4906904391486724
florida_2010,0.0119170029137518,0.0043947173894303,-0.0071697143600279,0.3972241978319979,0.4911820158845537,0.4789348295859281,0.1071632913270094,2.1319867802020767,0.2644458315947379,0.3721826567501591,0.302868735566877,0.0822595354768901,39039198.0,698603,37052.0,0.7363530778164924,0.3791681852668437,0.3624748217303587,33996.0,1.246000169305003,1.3839785839442746,35439.0,florida,2010,-0.5251176566288391,0.006447784319260517,0.005330547025864428,0.0030057155646310827,10.0,6.0,65.0,18580,6788959.0,27022.43049083783,0.2885058054442156,0.9833258696511976,0.070282425791761,0.0570164812551296,0.8350260551773074,0.7163971375630153,0.6658523275992527,0.2484835909750713,992378,0.4019946782432712,0.5828627719384059,0.0,0.5008829166670462
florida_2015,0.0195114277850473,0.0028432300382875,-0.0096621055239724,0.413152348527416,0.4733500955072727,0.4762127587289642,0.1064311382831278,2.0671655566888347,0.2533064436571791,0.3758216287865101,0.3056139878595935,0.0825656675014415,40985466.0,681117,52566.0,0.7435209086215797,0.3527864821413408,0.3380019188831317,48958.0,0.935759021771548,1.0133407771137222,50295.0,florida,2015,-0.6141459285880446,0.006068263827532902,0.004023375798623549,0.002706669463147906,10.0,6.0,65.0,26460,9769752.0,29550.877421191235,0.3281428828017326,0.9947411395599955,0.0444763447700312,0.0557307953229234,0.8303131790663278,0.7276975371841117,0.6938509145766224,0.2434344861870567,985128,0.412700978009877,0.575253031696663,0.0,0.5297488652280311
georgia_2000,0.0139689689910792,0.0012898853840262,-0.0150456318199018,0.3954430174217371,0.5291894181295206,0.4628069460481763,0.1411384950721121,3.630735691804638,0.2867719835209323,0.3486855141690995,0.2603816039690981,0.1345340882989608,20087546.0,426516,6083.0,0.7683027598744009,0.4401958912593776,0.4084861409914591,5610.0,1.6971843150803247,1.6885999346042364,5789.0,georgia,2000,0.5453523823557898,0.005915878190065788,0.007873672929499092,0.003426301716978335,10.0,3.0,44.0,2457,828331.0,31212.7346060749,0.277771764868993,0.7485199509973093,0.0553289494440513,0.1387703318181808,0.7486441667990068,0.7099554278473215,0.6672668581473165,0.3095814535819999,528886,0.3682792756370868,0.580916007522523,0.0,0.5565544061004134
georgia_2005,0.0031525658787517,-0.0083273246190173,-0.0124420706596451,0.4028884913295162,0.5170596247637667,0.4701903537502372,0.1240154575918205,2.8785345248091687,0.282909062281068,0.3504470023169245,0.2741083925376043,0.1138124692404431,20991893.0,384799,13903.0,0.7547920433996383,0.4248234667787379,0.3933526399051968,12833.0,1.7334634732337262,1.7194643256521398,13319.0,georgia,2005,0.1702147374764744,0.0035142341943730656,0.006738987399720351,0.0030023403026323957,10.0,6.0,65.0,9243,3115695.0,28841.708185941334,0.2916176204380923,0.8112411926169534,0.0747772475754323,0.1203364018987364,0.7738030719835685,0.7096166706696928,0.6536623687429625,0.2833630795992081,504953,0.3842290338593284,0.588181636717496,0.0,0.5329249230443425
georgia_2010,0.0094517462975359,0.0110272327117907,-0.0097534331200105,0.4125056301803487,0.4997311524682093,0.4779868838943099,0.1096012600057613,2.56226966710085,0.2778304578241825,0.354662283199839,0.2832912620976628,0.0992781926416537,21364707.0,378137,25763.0,0.7076179945294768,0.3716197734545838,0.35939443250931,23696.0,1.2519541533352234,1.3820686985849089,24691.0,georgia,2010,-0.0968102033720312,0.005380961611577865,0.0029384719816230587,0.0031124461876736458,10.0,6.0,65.0,18437,6170887.0,28655.810363532928,0.3105054904224523,0.914579630066255,0.0661426213919545,0.1154575687660563,0.7864746813280317,0.7106769069179466,0.6612825296906107,0.2713769379321067,513272,0.4020639094665988,0.5916712115472755,0.0,0.5330891084867997
georgia_2015,0.0104892765844745,-0.0058555823683764,-0.0088211405618004,0.4259984923165934,0.4806994893274681,0.4818613738095845,0.1080324591037875,2.4424551254432174,0.2585131140441548,0.3645932143238869,0.2922401790989109,0.0874035958863501,22009016.0,370423,39404.0,0.7052498838521272,0.3472605016103245,0.3320044127904561,36738.0,0.9612191304809146,1.0158195743491665,37699.0,georgia,2015,-0.3646750552781386,0.0057137771612638675,0.0024115494131759195,0.00258117412273482,10.0,6.0,64.0,25747,8151369.0,31064.886988208917,0.3466956157921448,0.9579024061542468,0.0437965866183887,0.110192098032349,0.7900298318988266,0.7276813927956627,0.6932521766774226,0.2587948303208066,510202,0.4217186618663717,0.5862793724676301,0.0,0.5121540302926424
hawaii_2000,-0.0067382543077614,-0.0234803384837984,-0.0017797326713872,0.3707220103088622,0.5087936802669809,0.4633219472417075,0.1245716867741448,2.5578088187617567,0.2439378812374799,0.3778633676907928,0.277452580032169,0.097887574921945,2611023.0,70246,614.0,0.7368421052631579,0.387344245645932,0.3617323399003575,578.0,1.465076660988075,1.549552906110283,587.0,hawaii,2000,-0.2909075080830371,0.006957716257001526,0.0024317328045755354,0.003807625843082916,8.0,1.0,30.0,803,341418.0,32009.0806628439,0.3066212315412895,0.7005801592877681,0.0423979084806273,0.0367241273877661,0.8221940645452315,0.739789012871683,0.7111178653523803,0.251853537053623,89697,0.4014215362374922,0.5539800405693162,0.0,0.3759150994606166
hawaii_2005,0.0112305932187558,0.0009833697393271,5.147485711307406e-05,0.378060835964754,0.5088110347009038,0.4609970115184189,0.1249131843100981,2.267139807248043,0.2415358530507693,0.3730853280506927,0.280204272020234,0.0997810848903129,2674239.0,52406,1410.0,0.7415162454873646,0.3977134484869134,0.3678728312763641,1310.0,1.5304154302670625,1.5696141193207076,1348.0,hawaii,2005,-0.3140984797956281,0.00866663857143519,0.006860812644603671,0.002607682044816124,10.0,3.0,52.0,2109,874721.0,31020.675452800613,0.3156557682943533,0.7333395867188233,0.0463648098144133,0.0331629734021466,0.8216899591977752,0.7491243448810367,0.7175494150746464,0.2257577801035081,71340,0.4099119378165695,0.5591284482041361,0.0,0.2765121281023508
hawaii_2010,-0.0021910001960639,-0.0024820248792046,-0.0139154692173338,0.4006639716692596,0.5049948061863156,0.4617690607954207,0.1384674717629541,2.0693319975820685,0.2375633283786509,0.3766505687362272,0.3007060713019533,0.0957044911333632,2733020.0,52754,2371.0,0.703269586674892,0.3649138155394446,0.3461700809346972,2186.0,1.125387682764732,1.2575563150846474,2257.0,hawaii,2010,-0.4688396148397438,0.0026919380496071934,0.003854781313440492,0.0023177258208713653,10.0,6.0,54.0,3696,1633994.0,30884.909783576903,0.3257320743317476,0.8014308024450645,0.0425297004633248,0.0297383412865437,0.8255911612333188,0.7542902309979015,0.7236783941288376,0.1895888595809284,73027,0.428406117228788,0.5589512743941123,0.0,0.3042740702419506
hawaii_2015,-0.0135239857835585,-0.0218568923874225,-0.0192091862307178,0.4054160766628075,0.49148774210465,0.4672010039714877,0.1330521252164542,2.4692306941182736,0.2289956878317223,0.3757799436712747,0.3008310298960148,0.0780156871012983,2716445.0,52423,4199.0,0.7144790257104194,0.3401838729062532,0.3121832432634874,3937.0,0.816837885241794,0.8892738269300824,3991.0,hawaii,2015,-0.5497455003720307,0.007263201175630398,0.006248854233705338,0.0025157279566497253,10.0,6.0,58.0,4315,2084277.0,32472.14894351566,0.3511978236297773,0.8336998016912165,0.0375334476117918,0.0279635858249065,0.8229594424134409,0.7669927444183218,0.738786094815499,0.1932430989703509,73197,0.4480728769673041,0.560779875285985,0.0,0.3524855735744605
idaho_2000,0.0103498060468156,-0.0211580376292081,-0.0056076035650209,0.3554969231710901,0.549528640714327,0.4490443082222211,0.1932483569311316,5.601867970448936,0.3002880923351863,0.3264374080158698,0.2349346983399119,0.1633913661404622,2829123.0,70229,986.0,0.7655453618756372,0.389570523968287,0.3596384448222552,909.0,1.7178111587982832,1.7086194586876091,932.0,idaho,2000,1.4870158674427163,0.010157532534156554,0.019405780656498672,0.003888688555610496,9.0,2.0,31.0,1152,425350.0,27152.01735541239,0.2489916421983442,0.3938095113255033,0.049458348575075,0.1348899165053713,0.7094341445945447,0.6957658005772043,0.6624595015774746,0.3156724427914039,89195,0.321532484868907,0.5417836336489444,0.0,0.6773193948137628
idaho_2005,0.0018733261412375,-0.0069012711440262,-0.0194575292662963,0.3662550333680243,0.5437499621062186,0.4541185861009192,0.1663314574371475,5.138949726369866,0.2947845369826541,0.3342496435528456,0.2509401092070601,0.1466954184574459,3001900.0,57125,2178.0,0.742234585071859,0.4007426851593429,0.3728148744642169,2014.0,1.8525456292026896,1.8298816095792856,2082.0,idaho,2005,1.081794632830344,0.0068104632426219695,0.0030136955631209312,0.0027586919549605973,10.0,5.0,58.0,3257,1183265.0,26074.04382934984,0.2579396479822066,0.561663245729663,0.0562723643542601,0.1180671160684389,0.727557023179834,0.6967611884484671,0.6591323267172207,0.3134497706604006,77277,0.3309402242982319,0.54864190141192,0.0,0.6472298832429795
idaho_2010,0.0145246526008309,0.0063820791243395,-0.0081573953445898,0.3806342162597855,0.5259416493981788,0.4589854336731871,0.1723331602750156,4.826746262871538,0.296854317008924,0.3251865076603037,0.2468060792067584,0.133049729892455,3103683.0,56216,5008.0,0.7167224080267559,0.3817411976266546,0.3661796131320763,4598.0,1.3241494468795658,1.5050765113689428,4791.0,idaho,2010,1.0767846921644115,0.004846530994951568,0.0038988545412004115,0.0027539467282846116,10.0,6.0,64.0,5978,2293207.0,26327.472226886657,0.2699610685887557,0.7920251511097508,0.047410559801902,0.1152777696900323,0.7451009198123606,0.6953485450226322,0.6648941201809802,0.2981953915457958,78714,0.344813807039302,0.5595505966268731,0.0,0.6736578176219046
idaho_2015,0.0135157356282337,0.0083486724842325,-0.006007776257891,0.4070727723623648,0.5147248142411791,0.4574859732422665,0.185612830213246,4.761221634398765,0.2938029709800324,0.3272769088460698,0.2495094613747715,0.134929349310289,3365341.0,60566,8313.0,0.7143847487001733,0.36257989223834,0.342127500306196,7768.0,1.0243504455880508,1.0942531535227156,7967.0,idaho,2015,1.0837716192504867,0.004913622932380424,0.006135397614439484,0.0027927312719015925,10.0,6.0,65.0,8408,3331167.0,29167.3184182964,0.3025127499732657,0.9145380066189814,0.0293464488225072,0.1098574204987578,0.7470770201973426,0.7035591860794568,0.6839929541260114,0.2870276571172098,84069,0.3710835931179606,0.5656797929151601,0.0,0.6764941339867
illinois_1995,-0.0024938693360982,0.0043207415931519,-0.0072288701381359,0.3846077661256107,0.5081480814341824,0.4651002454446424,0.1972445610175361,4.954868702903369,0.2865622563973823,0.3266229881011031,0.2267257723345601,0.1376072656100186,13719714.0,342354,,,,,,,,,illinois,1995,1.2717043340550698,0.009528386221184366,0.005546238892028118,0.003212511549450109,10.0,4.0,43.0,1635,724895.0,35205.89318821572,0.3067240890714303,0.8286426227088936,0.062307717642956,0.1689335103270582,0.7482612201261105,0.715714327170375,0.6722533253040699,0.3249878633659711,415138,0.3625891530473857,0.5512825050463663,0.0,0.4300208781638306
illinois_2000,0.0153200281470757,0.0081755334884772,-0.0099510194840673,0.3870186671701155,0.5082306021690782,0.4667939430649867,0.185037394208095,4.537251115465203,0.2775752822634247,0.3288949236026052,0.2344628091901662,0.1267601995414211,27340927.0,600968,12609.0,0.7133168435330727,0.3875403974579777,0.3615532431378263,11643.0,1.5875156054931336,1.6141051772034052,12015.0,illinois,2000,1.0238496465363982,0.005594112597006615,0.0049358370977421115,0.0031058336134158174,10.0,6.0,63.0,5814,2592567.0,34782.429292552464,0.3147543985275159,0.8381044081962749,0.0633264916234614,0.1592669923202569,0.7564050789749193,0.7262470412880956,0.6811327854687059,0.3136104173878623,749333,0.3664218402899162,0.5592796491692985,0.0,0.4195903053001587
illinois_2005,0.0148673550790723,0.0051895575704688,-0.0100071574105888,0.3931841489290669,0.5024503614321885,0.4737229458331644,0.1530144787656624,3.6328254769124015,0.2595335497077898,0.338825946589855,0.2564143068580407,0.1026863891352036,26968339.0,506619,29691.0,0.6934504629786656,0.3846908493270803,0.3624714818932729,27446.0,1.6012026162177369,1.623225829088221,28438.0,illinois,2005,0.408373117583678,0.004997775955199054,0.004827139180688948,0.0032947988943749806,10.0,6.0,65.0,13413,5432411.0,33127.19945687972,0.332048910723873,0.8699756949443959,0.0748343739164898,0.1446554447610628,0.7743238604482358,0.7414899959826021,0.6878730026217585,0.2828462644930096,669933,0.3794228095082827,0.5710960165339928,0.0,0.3934410628166186
illinois_2010,0.0138322565276214,0.0002024549266517,-0.006882953505384,0.403822305194795,0.490653410435345,0.4785886885261676,0.1281250386379724,3.03511447836258,0.2463435507895393,0.3481053388695121,0.2701148447606989,0.0896778378007485,26110006.0,484362,51903.0,0.6629170324846356,0.3566672665940547,0.3475004852323761,47686.0,1.2014944966171868,1.317333482020051,49515.0,illinois,2010,-0.0136355914690189,0.005536926274790356,0.0068770194345185096,0.0034561941491219597,10.0,6.0,65.0,19683,7910325.0,33190.33792914791,0.3543647422015417,0.9181304182069394,0.0672037688369742,0.1351777957486616,0.7872617332332322,0.7486687441727048,0.7000932774021473,0.2591694999906866,665555,0.3990009585311666,0.5737367275357673,0.0,0.412012126085858
illinois_2015,0.0114694406128169,0.0043682216830714,-0.0021046504485424,0.4172758635340035,0.4753442362162426,0.4781362486066839,0.1182638097807567,2.6580093287652247,0.2301933063154268,0.3581928564239946,0.2789009947788249,0.0805262830655516,25076699.0,465198,68510.0,0.678796960291127,0.3399123196339979,0.3277205465146117,63735.0,0.9412439927760262,0.9901848914607116,65338.0,illinois,2015,-0.3207425530279496,0.008165092633077076,0.005715083751834477,0.003341137947099356,10.0,6.0,65.0,23802,9588023.0,35137.100164462856,0.3864108768232785,0.9304529056738532,0.0492789266084849,0.1282150174653016,0.793211807451355,0.7602374306409952,0.723173259016424,0.2484484461841463,648551,0.4222643110702243,0.5708896853559855,0.0,0.422510464894033
indiana_1995,0.0099716257386083,0.0190008020500502,-0.0027673783236553,0.3759315950853948,0.5356887264999518,0.4634624473525383,0.1616971959282576,4.608617004918642,0.2682029948255386,0.3304298875475616,0.2193911096866927,0.1361378097619606,6533475.0,168449,,,,,,,,,indiana,1995,1.043078147471776,0.008456329214804855,0.0024317328045755354,0.004835128323258593,9.0,1.0,28.0,1124,405505.0,30225.72192454293,0.2243243345901693,0.7276458771555668,0.0490520350198821,0.2471663332049979,0.6634264711760782,0.7222001103537796,0.6853509732708345,0.3433841490007838,206036,0.3508638722676517,0.5704701393385097,0.0,0.5719222171242868
indiana_2000,0.0103759135645101,-0.0072023317043779,-0.0095514915759458,0.3809821656055146,0.534216818518379,0.4656813470931015,0.1455254159669148,4.226389871594584,0.2581765154367346,0.3367339525184326,0.230481105004572,0.1235906694919033,13136836.0,299360,4929.0,0.7242294345784854,0.4095768394778681,0.3846946244383573,4529.0,1.6647460520699957,1.6860989096921737,4686.0,indiana,2000,0.7290673780241549,0.005473567119275652,0.010384620438723357,0.003606864270665769,10.0,5.0,60.0,4479,1566792.0,29505.059108177564,0.2320864017495155,0.7398734884148765,0.0559138093556272,0.2335412007270969,0.6756291092402339,0.7268686597163463,0.6860991963246592,0.3259878811362131,377057,0.3573830679873341,0.5797829686490781,0.0,0.5596876844562076
indiana_2005,0.0076720859099214,0.0018011877325617,-0.0051677769074205,0.3882739446141331,0.5314638474531433,0.4721417667713528,0.1129313965628987,3.702193325871733,0.2475564663920818,0.3477013680831243,0.2545061413496594,0.0995485869219485,13085544.0,255210,11943.0,0.7254323070434416,0.4130582793199927,0.3836414658161466,11059.0,1.6654421411702964,1.6689683793378822,11433.0,indiana,2005,0.1734299797540026,0.00603889955200887,0.005337224682615131,0.0031562941231375943,10.0,6.0,65.0,10221,3646959.0,27694.983972401715,0.2459999139448299,0.7922519166895547,0.0682436560445169,0.2139978077129531,0.698402648969444,0.7294479629224061,0.681956275190043,0.2939959784986956,341350,0.3731303986165872,0.5956951919696453,0.0,0.5233921057597462
indiana_2010,0.0100907030694007,0.0051932398119935,-0.0001486907869728,0.4009972304462883,0.5205011399866621,0.4755634638886595,0.0997414325700144,3.501379403426334,0.2448968596799619,0.3496294290864669,0.2604702283185965,0.0930127544599795,12867176.0,243515,21410.0,0.714097588023288,0.3796251062217822,0.3695952114886714,19684.0,1.198300283286119,1.3422429781898226,20474.0,indiana,2010,0.0099850188014584,0.007149287971623954,0.006959118778509669,0.003448865556230551,10.0,6.0,65.0,16500,6256093.0,27686.160154795107,0.2660527356380504,0.8700168513943769,0.0566982606553873,0.2072787479633862,0.7072961872253566,0.7279054153891941,0.6879483671114722,0.2825397557290492,339222,0.3854815960608744,0.5994742152738121,0.0,0.5765884206091769
indiana_2015,0.0157805246315798,0.017224240631488,0.0036426650191802,0.4160349313265041,0.5050691910833646,0.4738415665265206,0.110314551104569,3.0091462945581355,0.2334329193187349,0.3546662063386321,0.2623589536437122,0.0934534901353609,12806226.0,236382,30305.0,0.7292894280762565,0.3554086495271174,0.3452174379281497,28252.0,0.9109893518039904,0.9684398526429714,29019.0,indiana,2015,-0.10427264126163,0.005927793877220971,0.0046079547599879095,0.003773234585959707,10.0,6.0,65.0,22345,8674112.0,29414.326740816792,0.2982981763545153,0.8909715352039219,0.0373595466460427,0.2006559588431065,0.7099340928686902,0.7363437347146319,0.708794250069407,0.2651073316987161,333160,0.4012926978390979,0.5969999472447848,0.0,0.5932160445503218
iowa_1995,0.008961173658994,0.0314173911840223,0.0051001573101804,0.3916305641522935,0.5546901422123011,0.4744668820524731,0.0863047875806557,3.0884802603290566,0.1866749796172845,0.3843153245020707,0.2691530866547698,0.0887568596563046,2993335.0,90674,,,,,,,,,iowa,1995,-0.5979994109960679,0.010090539331821177,0.008412515029793842,0.005036284991359674,9.0,3.0,31.0,940,328869.0,29099.17031216176,0.2519413342464811,0.5663978812807007,0.0402151417053024,0.189689014470417,0.7009714872848702,0.7788686803074591,0.748688156327812,0.3178555134089963,112685,0.3158720594511812,0.6002631332574024,0.0,0.4814683705048734
iowa_2000,0.0127719871812653,0.0148456371871597,-0.0139022361319577,0.3991929550223949,0.5491475004323411,0.4753613711183001,0.0852212217829662,2.8987197496962125,0.1771940549477713,0.384851913197196,0.2731827914886743,0.0819850232076127,5952909.0,149267,2830.0,0.741740674955595,0.3965933482122732,0.3650588303155064,2621.0,1.4912023460410555,1.5128783477438683,2728.0,iowa,2000,-0.7239373081728817,0.005964261436424,0.005276165966019295,0.0026819255269164514,10.0,5.0,52.0,2935,948844.0,29410.828029087188,0.2620508035091085,0.5838543023946294,0.0389970407972958,0.1829824527356293,0.7062231473498611,0.7878047424742557,0.7587224333303252,0.3083267417475583,190653,0.323675440708271,0.6026686593661191,0.0,0.484417074285758
iowa_2005,0.0025086207452843,-0.0141899475869227,-0.0194135734807022,0.4143225945022575,0.5447307431051518,0.4776869653375031,0.0774298419335325,2.3816659650921537,0.1701072155559049,0.3895614346688226,0.2883225784676956,0.0698973777857103,5878572.0,114392,6781.0,0.7228414326051419,0.3945464293170911,0.361134727689915,6337.0,1.5451627693718477,1.5512119227300325,6543.0,iowa,2005,-1.0273839371600988,0.007091298625837302,0.008582131551964554,0.0027678131130860883,10.0,6.0,62.0,6723,2254338.0,29539.522782476284,0.2804777095745127,0.666604196590145,0.0404528229701563,0.1741734023139436,0.7128900999555409,0.7929736926714929,0.7630201310958534,0.2774735227161008,156768,0.3325080039055261,0.610434965715444,0.0,0.4609593514121624
iowa_2010,0.0182687477920882,0.0045270864258489,-0.009938066975536,0.4124381231878458,0.5357172366446684,0.4781118918300523,0.0635500691600378,2.2071515569063536,0.169211053689268,0.3883075644223427,0.2917039119882204,0.0662810948500889,5774277.0,110280,12923.0,0.7139896373056995,0.3733151957530936,0.3581412424029,11964.0,1.1549466537342383,1.2990267152270778,12372.0,iowa,2010,-1.133010964009093,0.005407673195477066,0.00772038387786758,0.003024476242305823,10.0,6.0,65.0,12714,4635829.0,30405.578389940038,0.2988608076057296,0.7963026535779385,0.0363440651468379,0.1706210005118484,0.7160593616661316,0.7903746798139016,0.7635105349738194,0.2582114848795932,157785,0.3492387892803266,0.6143269734546379,0.0,0.5105209795851008
iowa_2015,0.0126521329515803,0.007113880593336,-0.005669554262402,0.4260084761546291,0.5285824322567176,0.4759993733299507,0.0710096022139911,2.072935514928212,0.1657780256810893,0.3876397032787858,0.2906331021603775,0.0667079326926033,5728914.0,108730,18700.0,0.7399482077143247,0.354820672049522,0.3469721166311134,17512.0,0.8951860322418698,0.9639748012959868,17927.0,iowa,2015,-1.1257791739530107,0.0067185231528164475,0.005167508467178271,0.003023637453774549,10.0,6.0,65.0,19008,7171058.0,31538.59239908008,0.3217543187372076,0.8402443139802677,0.0283477705903391,0.167827508552025,0.717074073887481,0.7938263925513973,0.7722085851888867,0.2478563161377251,156647,0.3770044069381705,0.6130963506136805,0.0,0.553232032615185
kansas_2000,0.0377642971269522,0.0496038597681687,-0.0025703569318951,0.3946277279336768,0.5398131156200061,0.467178506914701,0.1387441879773832,4.184623893917795,0.2240124442479314,0.3542016380301167,0.2511670713839564,0.110249709579848,5626606.0,134333,1891.0,0.7098831030818279,0.398704062755465,0.3721130019897017,1749.0,1.544345898004435,1.5667954381258646,1804.0,kansas,2000,0.278327276710218,0.009545448532326715,0.0025632037484286663,0.00661680323412597,9.0,1.0,30.0,1114,340415.0,30911.90074893619,0.3083522663170618,0.5983136975074523,0.0415330675916336,0.1561210396801124,0.7308269769531193,0.7616545607931371,0.7293621347921343,0.3316774988211927,169350,0.3309820887411959,0.5783164505116194,0.0,0.6046542735450658
kansas_2005,0.009219464793444,-0.0031429768643698,-0.0224559977545386,0.4078446054182478,0.5333747017171889,0.4678372491627922,0.1294049816929333,3.438105767581675,0.2258037779764692,0.351542806275305,0.2538837818858228,0.1038016508712603,5580211.0,107103,4358.0,0.7176878612716763,0.4072965785927779,0.3763398377041315,3997.0,1.633421241908415,1.636739427823708,4171.0,kansas,2005,0.1161023527911619,0.006714912152307409,0.018779970775644802,0.0037034511814824696,10.0,4.0,47.0,2586,747030.0,30094.880233105505,0.3201690164674737,0.6437264435354673,0.0479878387350382,0.1502128614759031,0.7350169144989535,0.7597593947363059,0.7231191920244725,0.3107718203205584,144622,0.3482170179514579,0.5868745739576221,0.0,0.5936280128208125
kansas_2010,0.0226580828860503,-4.786237614233399e-05,-0.0057359264737811,0.4074661770738585,0.5329518411047278,0.4678947360319523,0.1117967782865348,2.942267637592444,0.2289310812417651,0.3508446991131416,0.2583096950017756,0.1004049352725514,5446376.0,102640,8716.0,0.7154164418060802,0.381580507651982,0.3662701067835188,7964.0,1.1945777351247602,1.342590660441041,8336.0,kansas,2010,-0.0412155650245242,0.00796278908092235,0.011580773656361504,0.0029377118516905913,10.0,5.0,57.0,4579,1373755.0,30208.936946115697,0.3357426694073626,0.7118826145521996,0.0434612700367486,0.1407458515378371,0.7441773459867259,0.7542639866208938,0.7220189743992782,0.2974400179029707,144724,0.3616912348365443,0.5870564930057119,0.0,0.6111239854392986
kansas_2015,0.0221458379182181,0.0144297183613239,-0.0032405593648819,0.4134716612423262,0.5178725584425303,0.4680204641950289,0.1083020185829674,2.617403264484558,0.2194998315424878,0.3620804794468831,0.2758058001556599,0.0923523848023034,5349071.0,100031,13537.0,0.7431527693244065,0.3589443152759876,0.3475718218351254,12649.0,0.9333949333949334,0.9995090093919216,12987.0,kansas,2015,-0.345465058274568,0.0051287998764222315,0.0063407353953208396,0.0028777150727970356,10.0,6.0,61.0,7144,2038576.0,31509.531063992337,0.3600521330997949,0.7561455916908036,0.0311897928433094,0.1354023089949114,0.7493646290727733,0.7612010245307606,0.7384646061869818,0.2761733369095407,142278,0.3834406964169591,0.5851114579541469,0.0,0.5893687851517107
kentucky_2000,-0.0013806550837834,0.0152870505082828,-0.0198285719497344,0.3767660383427795,0.547652076833351,0.4663351534555017,0.0793405447197562,3.39771924578816,0.2969489726641515,0.370230577249771,0.2796684060934511,0.1224490826216821,9033156.0,214392,2449.0,0.7506162695152013,0.4074073433021469,0.3778546605635765,2269.0,1.632949210413999,1.65659807549963,2343.0,kentucky,2000,0.0253984266099268,0.009386403960790452,0.028371303033984455,0.004443734886410155,9.0,3.0,37.0,1962,689507.0,26017.43655784754,0.2080908808363963,0.573076379153544,0.0569208380976488,0.1764610467127187,0.7079418999130257,0.6603004061447602,0.6223276310857202,0.3203611621705784,273347,0.3660458357308782,0.6044401161781879,0.0,0.5865622092295171
kentucky_2005,0.0084662597873692,-0.0008784710735415,-0.0121489919417217,0.3876016970212441,0.5364473115827809,0.4721270609567609,0.0663370919241284,3.183090006597837,0.280950762569873,0.3777496257730202,0.2962432284258275,0.0962745308555909,8966925.0,170870,6505.0,0.7484130670382412,0.4165604367604626,0.3854871600422485,6037.0,1.633829889476213,1.644055854968701,6243.0,kentucky,2005,-0.3853720107814226,0.0042353145750672165,0.004417438479353978,0.003583830252892743,10.0,5.0,55.0,4697,1764725.0,25247.333780210945,0.2249781782589918,0.6214831397360675,0.0693646753236394,0.1598111037671522,0.7317538172515243,0.6675722599959389,0.6228079231326835,0.2821548293861891,231894,0.3748203922476106,0.6143988435122967,0.0,0.5988809999075476
kentucky_2010,0.0059626947684201,0.002905396805895,-0.0110838545670731,0.4004226609078409,0.5208025838659124,0.4762469674231223,0.0471750759940066,2.49834875463484,0.2677177092703558,0.3830061968883724,0.304649472385912,0.0760793831509998,8712646.0,165550,12436.0,0.7288,0.3792910648557675,0.3664523239483658,11407.0,1.1919055649241146,1.2972934120273578,11860.0,kentucky,2010,-0.7816092528476473,0.0061306461000047545,0.005971325630095103,0.0031682472920094105,10.0,6.0,64.0,8483,3103562.0,25566.032103864152,0.244069536200904,0.7013750119797448,0.0611858348816534,0.1569378199067007,0.7439187418811405,0.6719221798372007,0.6328745958246832,0.2636759783712935,231901,0.3884525171591285,0.6205841888030479,0.0,0.6360670070565739
kentucky_2015,0.0148545685045461,0.0095908972367962,0.0041615020237109,0.4079570535965772,0.5085161082145161,0.4764063983188245,0.0470343568430139,2.1143143049297137,0.2512081355403132,0.3869902795536759,0.3070825900091469,0.072318732675232,8560029.0,160141,19753.0,0.7531199802298283,0.3551728177522948,0.3395104527278549,18454.0,0.8808119453743557,0.907824973435414,18819.0,kentucky,2015,-0.954258436647701,0.008188002584403588,0.005562766743241724,0.003194842872493761,10.0,6.0,65.0,13709,4895970.0,26930.107725663915,0.275024090880978,0.7595377130193866,0.0419074314617124,0.1579610424414415,0.7448025602777655,0.6866702537966184,0.6589796480595062,0.2456397468787842,226238,0.4183648785590533,0.6128163217951518,0.0,0.6479493431129164
louisiana_1995,0.0075230560335677,-0.0379915496939171,-0.0046300084882097,0.3646296247618867,0.5921001471693519,0.4694752844854889,0.0664065226187083,2.4503701797557653,0.3116298714774683,0.3416105557698287,0.2396093548654993,0.136591347390349,4766064.0,125565,,,,,,,,,louisiana,1995,0.3840084457964904,0.008976080433764062,0.002431732804575537,0.00497774874716606,8.0,1.0,23.0,609,259941.0,26629.613336368177,0.2172110042447438,0.7503228960439495,0.058305877656377,0.1063111425741817,0.7634442664749966,0.6671093060251775,0.6256579565668061,0.3894012729872523,153782,0.3814176499549153,0.5892121104153984,0.0,0.5156978298799952
louisiana_2000,0.0144433815379104,-0.0138849015859687,-0.0200751644730038,0.3740895425112783,0.5893521451159373,0.4711694993128873,0.0654197576631477,2.2881748922720746,0.3033355446535504,0.3447481468962112,0.2447627408987428,0.1222794308457594,9377278.0,210022,1493.0,0.7632817753866846,0.4249356781761544,0.3918419884891125,1356.0,1.5673412421493371,1.5839391765965192,1433.0,louisiana,2000,0.204286213146394,0.007479110124075039,0.008690940795472016,0.0036665603319186984,9.0,3.0,42.0,1717,726598.0,26772.9503518293,0.2174904552429178,0.7583247301589264,0.057782018691789,0.101030743959996,0.7596199884258423,0.6731189620396523,0.6326133258971722,0.3808467877594572,265794,0.3838989032704808,0.601042787930138,0.0,0.5690912046572536
louisiana_2005,-0.0022509315723011,-0.01435066012488,-0.0209597939585307,0.3889520389201347,0.5895073851245676,0.4762088240895132,0.0570174722139928,1.9202225908233568,0.287649339001623,0.3470242105242422,0.2497583638063734,0.0933361263235194,9284854.0,168668,3339.0,0.7264492753623188,0.4206679657807809,0.3923730367765627,3053.0,1.5917159763313609,1.5977565260959672,3211.0,louisiana,2005,-0.1263489889993502,0.007347330460312951,0.006509981658993319,0.003345098843794768,10.0,5.0,53.0,4056,1510030.0,26530.30442108086,0.2239368146482348,0.8271953126135703,0.063629384224542,0.0922609147812013,0.7603513982843694,0.6840678053638359,0.640258966209358,0.3671327734227256,228349,0.3912198654240545,0.6148221519148513,0.0,0.5910199988784968
louisiana_2010,0.0091373376167939,0.0086194526557421,-0.0042509302462511,0.40351701010959,0.5739508059290479,0.4836284815892304,0.0472679500353097,1.82827288071492,0.2758109244807923,0.3460578978052135,0.2507147233739288,0.0703415838509287,9302797.0,163548,5717.0,0.6879030177972659,0.3753395112097329,0.3694092853000877,5202.0,1.2180685358255452,1.3259361624823989,5457.0,louisiana,2010,-0.3346087465994154,0.005751446713055111,0.006052953692165397,0.002770585324486657,10.0,6.0,64.0,7841,2771542.0,26430.3252322856,0.2383653283303182,0.931913335979059,0.0618407197826095,0.0864482213878919,0.7703779220090609,0.6881454935505836,0.6471454096998671,0.3524498404109664,229185,0.4143480561001081,0.6216896849663469,0.0,0.5945925142596089
louisiana_2015,0.0024144114921979,-0.0163079485522174,-0.006561539570355,0.4207626384981731,0.5582939279509785,0.4883163657023335,0.0368593515092544,1.8531723055614573,0.2552117601038162,0.3558342954625295,0.2655288581730379,0.0547530380706048,9085966.0,152026,9065.0,0.7443246311010215,0.3581591702479089,0.3437870877265427,8393.0,0.9413953488372092,0.9778241772711456,8600.0,louisiana,2015,-0.6689095290778885,0.007229829256876182,0.009400799904971068,0.002664657283790864,10.0,6.0,65.0,11464,3773407.0,26902.22553769618,0.2638420050605304,0.973432944651713,0.0540952139009736,0.0822112765941387,0.7802218157584417,0.6960872510152211,0.6594907598968318,0.3328050348498186,216222,0.4299280802828493,0.6260621387885428,0.0,0.602715427011716
maine_2000,0.0112198378548298,-0.0188515591415489,-0.0008556391983667,0.3859122712083768,0.5541337015782497,0.4815857526457454,0.141403492804228,4.639185697022953,0.2131007960868345,0.3905882307174034,0.2933345934276238,0.089018501784616,2869924.0,67408,686.0,0.717008797653959,0.389005203692596,0.3659852839435216,634.0,1.4373134328358208,1.4448494524019515,670.0,maine,2000,-0.2698579347591802,0.009225861141604126,0.002365740545437681,0.005389428448376455,10.0,1.0,27.0,891,345296.0,28039.894061124174,0.2661735905849098,0.5503339593698378,0.0442690697096934,0.1331220571855419,0.7522784091622053,0.74528494462556,0.7141840000043664,0.2888147498352919,87435,0.4022897469273812,0.605081774033208,0.0,0.4461320568842779
maine_2005,0.0002915617237698,-0.0380840111347263,-0.0184299234046164,0.4003413471423962,0.5438370221872598,0.4890174208327958,0.1046004228911952,3.9011366578985047,0.2055724418694902,0.4046219970193749,0.3159359386278086,0.0717430426230372,2745442.0,48424,1724.0,0.7429742388758782,0.3938307125989425,0.3630990641949073,1590.0,1.3922984356197352,1.3613186334253844,1662.0,maine,2005,-0.8352752204642147,0.007581056935729276,0.014240489595128088,0.004201241298902297,10.0,5.0,55.0,2552,1086278.0,27257.83605111991,0.283297989189679,0.5633761179130917,0.0554811593784431,0.1154292520709529,0.7735048502426985,0.7461956583289425,0.7090496331965854,0.2588387888686601,69153,0.4286018114100157,0.6084377484356713,0.0,0.4165527681150764
maine_2010,0.0064072629936981,-0.00305526992465,-0.0123164155705659,0.4148660573196829,0.5309715928510105,0.493595069813579,0.082078397878806,2.8178046502846144,0.2004511433093401,0.4148008801959645,0.3356248815773341,0.0550020465509171,2582949.0,45065,4668.0,0.7112818439142742,0.3608651028880567,0.3507407894787714,4222.0,0.9375,1.0640428066434051,4432.0,maine,2010,-1.346897199376173,0.00841024797647533,0.011745636673076371,0.0035495379482435464,10.0,5.0,59.0,4335,1905638.0,27829.970504167348,0.3077953201763709,0.589141449420035,0.0490736124861371,0.1094365718961242,0.7850805021525469,0.7491532227989277,0.7176072072585917,0.2188757368529674,67628,0.4367202775149795,0.6119039161024975,0.0,0.4527164373863017
maine_2015,0.0103902203315303,0.0100402637152655,-0.0097968150300549,0.4225719563702408,0.5147005775324075,0.491030709629734,0.0845040672957857,2.6811484423591807,0.1943301687763713,0.4134345462932927,0.3372943251296266,0.0537367763856068,2527978.0,43500,9695.0,0.726027397260274,0.3435393687576419,0.3238758928099138,8950.0,0.8314875135722041,0.8687565416945671,9210.0,maine,2015,-1.3869400035605786,0.005837736479645077,0.007696194010630818,0.0030794802627945005,10.0,6.0,61.0,5122,2175648.0,30280.96259749828,0.3444851297194685,0.6253333333333333,0.0325955746658719,0.1046853544697195,0.782374903522009,0.757743097305368,0.7356910751201772,0.1951686067137222,66385,0.4499317033638544,0.612233005022979,0.0,0.4672949948961968
maryland_1995,0.0183790611399425,,-0.0179791394409755,0.406185123652094,0.5024159058692753,0.485624673872031,0.1402261069653511,3.815418039628909,0.2442080657802466,0.3536867383296876,0.2642255320282388,0.1100642386486598,6293894.0,158288,,,,,,,,,maryland,1995,0.2333484194150812,0.007011875971860204,,0.007170810679214958,7.0,0.0,25.0,960,350418.0,39550.35402241932,0.3566809421694789,0.968627908219152,0.0424633609981796,0.0762997998892362,0.831633286051087,0.7530151405904487,0.7196239432373871,0.2836441359021369,193075,0.4172185204541826,0.5483039935417623,0.0,0.4212118816311847
maryland_2000,0.0090168960837362,0.0002354886467685,-0.0207416504164535,0.4098193315294503,0.4896549650296903,0.4869158374351802,0.1390783004924346,3.72285030104424,0.2347092860045246,0.3570348393934027,0.2716439986404127,0.0989280522589391,12562084.0,274758,6986.0,0.7161364617820642,0.4022833526787427,0.37190523450993,5817.0,1.4986587183308495,1.49460507482569,6710.0,maryland,2000,0.0608700099420553,0.0057531362919044935,0.008547890449970655,0.003091346499975318,10.0,5.0,49.0,2227,890103.0,39927.652287968085,0.3655630681221724,0.9688601787620544,0.0440100138313906,0.069588889912688,0.8342173464131548,0.7639186444182313,0.7297147866615338,0.2693377574121985,345618,0.4146972700830844,0.5528151455813483,0.0,0.4069063356091408
maryland_2005,0.0108093986815971,-0.0065758251840539,-0.0119763037273666,0.4156590859987943,0.473746586515912,0.4914910488773349,0.1321400550917049,3.035587191729213,0.2152633673551336,0.3657186109566893,0.2898373974375218,0.077159628727107,12620973.0,231992,15154.0,0.7254120148856991,0.4048212945351361,0.3750844244055711,13412.0,1.5573680603152844,1.5417523639620478,14590.0,maryland,2005,-0.4011272184656242,0.004619758462615456,0.005094892949740874,0.0024833765499491824,10.0,6.0,60.0,4259,1789666.0,39166.906157710255,0.381125322831053,0.9785013887501391,0.0559630441533775,0.0591489137825108,0.8446630938323489,0.7801168862201598,0.7375937348246013,0.2318963660292479,309563,0.4257781684755376,0.5626778473819124,0.0,0.3687409346010424
maryland_2010,0.0068490825415572,-0.0022748891530378,-0.0145767026364023,0.4218162968361311,0.4593387887012731,0.4924551361545869,0.115341016873278,2.356377181761076,0.2031889509656244,0.3731472149167339,0.3032734017771304,0.0694088403380284,12606824.0,228218,25242.0,0.7093831946186295,0.3761954920695563,0.3653059202828294,23257.0,1.2236194415718715,1.3371836548211853,24175.0,maryland,2010,-0.7617455468387875,0.006540744884710031,0.005923883087094371,0.002915883428599061,10.0,6.0,64.0,7183,3218008.0,38911.69345606826,0.4013757113456793,0.993849170490388,0.0532854693052084,0.0518153554298382,0.8543157649103019,0.7847859948341522,0.7432676365092027,0.2061234461913329,314187,0.4430395440986799,0.5647891317211763,0.0,0.3633363935226443
maryland_2015,0.0030270390884627,0.0021364940103918,-0.0057767877899927,0.4337364602840313,0.4457757077335008,0.4902639581535403,0.1050053406978615,2.143122124401337,0.1935848030499179,0.3838821804777209,0.3133366930431641,0.0682390613678305,12419982.0,222057,36585.0,0.7070122166513664,0.3499157947649132,0.3389453523016671,34130.0,0.9287306395382066,1.0111105676862535,34994.0,maryland,2015,-0.993758012007022,0.006700984329108059,0.006061861319258529,0.002765807196687514,10.0,6.0,65.0,9300,4104263.0,40169.541464890535,0.4344179118292349,1.0,0.0399450043262889,0.0495881608028858,0.853746947047335,0.7880814815640982,0.7560635600908906,0.1892671344089231,309994,0.458144006690365,0.5555274892009545,0.0,0.3473506680572053
massachusetts_1995,0.0077964229905859,0.0017791380188618,-0.0194664223900915,0.3969108252265737,0.5011078959481838,0.478988473700597,0.1861495317072288,6.64471381902991,0.2467373286870677,0.3504879005724268,0.2576279067416696,0.1182201546530105,7325726.0,184547,,,,,,,,,massachusetts,1995,0.8978225734439601,0.0059647906312126145,0.007351754197912855,0.0028590851021109715,10.0,6.0,59.0,3212,1696494.0,40162.78157932905,0.3919795067654096,0.9767252996916652,0.0492900276173072,0.1366225221305951,0.7896619755617651,0.7477783479606991,0.7119299082780066,0.3142188553606897,222821,0.3979854935090693,0.5472138965309054,0.0,0.3460999177365306
massachusetts_2000,0.0097857929474363,0.0005126808430452,-0.0193208553981955,0.4064522293335826,0.4968176953471459,0.4828472840470328,0.1737721756085664,6.283711453453172,0.2362895311743125,0.353548412191998,0.2629591596200335,0.1030512417086558,14409018.0,317335,6550.0,0.7093898878131243,0.391494394863797,0.3731770533372821,6020.0,1.6339144215530903,1.6688117584031112,6310.0,massachusetts,2000,0.6380491792256141,0.006404720811010304,0.0032076352089471048,0.0030225551445599453,10.0,6.0,64.0,7675,3527847.0,39846.87640966431,0.4016831280945981,0.9769760594816104,0.051911112501341,0.1275180810450469,0.7954284495660859,0.7578708096435984,0.7207620397626509,0.2977767797079577,396350,0.4052266917858632,0.5566233018836606,0.0,0.3642357417100711
massachusetts_2005,0.0048639766977078,-0.0050350533538125,-0.020139035207818,0.4174870572993072,0.4854350045076367,0.4899214615942971,0.140814724110378,5.159955128629406,0.2142450161805997,0.3646430871139177,0.2824928455814634,0.0792250686156839,14091239.0,263815,18729.0,0.7068733516335648,0.3901797194026983,0.3711136909953767,17262.0,1.6255061851666943,1.640668904842871,18027.0,massachusetts,2005,-0.0183425861235176,0.00889306213383379,0.0061681580330898165,0.003465175686779981,10.0,6.0,65.0,15128,6448615.0,38923.79204314528,0.4207182895844424,0.9840220577091496,0.0639442739639065,0.11208251369362,0.8110494253971698,0.7727343503099952,0.727264275159462,0.2665862506476375,352198,0.4202537962122859,0.5647615341388932,0.0,0.3750862051879352
massachusetts_2010,0.0058179774760116,0.0066719686055359,-0.0084844165505364,0.4239261796441959,0.4710901536184113,0.492762367105501,0.1123921596278827,3.823741912546296,0.1987181461528846,0.3746337221507143,0.2994771372584199,0.0690679405003515,13988259.0,260921,41671.0,0.7007891519395354,0.3650903391615555,0.356628217852744,38159.0,1.183543507261698,1.3249576759086326,39729.0,massachusetts,2010,-0.5726295335215944,0.005591372850612022,0.00422685498699433,0.003336468969934821,10.0,6.0,65.0,21008,8703164.0,40021.9072355965,0.4463060073053425,0.9954479420747416,0.0561761237935742,0.1021024967989847,0.8229322096189386,0.779825055923794,0.7390310563039296,0.2485952187188278,359450,0.4282582665607189,0.566639692071815,0.0,0.3678152028065525
massachusetts_2015,0.0148217514899788,-0.0011645354874206,-0.0060015134195303,0.430501242448831,0.4535508601827249,0.491848232829874,0.0954324775876639,3.149605878436823,0.1831755712195558,0.383625033308022,0.3075688753673885,0.0594200623012552,13905581.0,257172,61823.0,0.7106254017816145,0.3477444118711779,0.3362076742516314,57253.0,0.9441208931148656,1.011674434482382,58895.0,massachusetts,2015,-0.9353603881744088,0.004845958457577076,0.006784761504668486,0.0030874469374041033,10.0,6.0,65.0,23753,9880210.0,43096.88541836097,0.4829283653443762,1.0,0.0413127412113181,0.0979795495755307,0.8239751668524198,0.7915514872564952,0.7603995893250761,0.2326972497837395,357840,0.4440240145102527,0.5647124268776518,0.4,0.3509261744993436
michigan_1995,-0.0011972711521939,-0.0042544862804838,0.0116104196742249,0.3823001062171699,0.5276910297292097,0.4705802918568374,0.1610220516345074,5.536241707139489,0.2807512152320171,0.3273648912268688,0.2315799480129161,0.1210193782009122,10894868.0,279857,,,,,,,,,michigan,1995,1.0880614065230076,0.008060100282100718,0.016655551852667892,0.004610179842581483,8.0,3.0,33.0,1094,429309.0,32799.35864298524,0.2560309604903457,0.8168402415742959,0.0637134505868776,0.2333404564431243,0.6874995706697781,0.7029797571860416,0.6599958979101213,0.3412978226709444,342359,0.3625552735963984,0.540713692357528,0.0,0.4610504522786797
michigan_2000,-0.001992167444476,-0.0036929761134447,-0.0089550928558652,0.3888759398992127,0.5240725037863829,0.4746016546143733,0.1393792348926958,4.847175592281317,0.2681260790619821,0.3362027612199081,0.2455767709086455,0.1012649213263895,21416666.0,479919,7755.0,0.7275915822291504,0.3784543559876922,0.3511357596711358,7058.0,1.4105234310770074,1.4340200458229635,7298.0,michigan,2000,0.6326102250777865,0.005262586955486101,0.0067151223455269166,0.0026777123410957017,10.0,5.0,59.0,4412,1595124.0,31400.922992101805,0.262215356652068,0.8212811055405994,0.0753443203307648,0.2208207035709787,0.7008428082806556,0.7095079562548036,0.659112722830459,0.3205328074885019,608655,0.3701797124911467,0.5491060721186741,0.0,0.4575608249138206
michigan_2005,0.0088411589216877,0.0003334854506537,0.0010987520156444,0.3973846795093322,0.5182182544408969,0.4826534263396451,0.107955894337179,3.671214674261634,0.2521808811988515,0.3540496790188462,0.2737093150597738,0.0760618640401841,20271440.0,383155,18448.0,0.7030627286127641,0.3745091821861767,0.3490169112541443,17048.0,1.5098396086907064,1.5190552933230703,17582.0,michigan,2005,-0.1027233715213038,0.006110665994134768,0.003525495580772753,0.00347116390905728,10.0,6.0,65.0,11817,4150086.0,28603.905259198847,0.2740381211941181,0.8231542494730754,0.0925257054991478,0.2009261111990549,0.7237708046948721,0.7122074216811227,0.6512277059933299,0.2784919736261844,524949,0.3839199067254054,0.5627049649881838,0.0,0.434140831763338
michigan_2010,0.0095430586459644,-0.002585937202849,0.0003286172772178,0.4049272223612664,0.5078971779364437,0.4834429197514129,0.1003973825912253,3.2914308342365146,0.2494315413157626,0.3593454815441232,0.280394399229255,0.0754740307074924,19184649.0,356780,32921.0,0.6960937152019955,0.3560915088342727,0.3397439439028137,30512.0,1.160786673422853,1.2916180670285882,31576.0,michigan,2010,-0.2667214168196262,0.006566990224456494,0.00376178073800914,0.0033688732407337416,10.0,6.0,65.0,19389,6820607.0,28444.260966044792,0.2919973546380451,0.827640466567761,0.0733540358314754,0.1997645743391726,0.7245626231953619,0.7112508055745184,0.663222443239229,0.2633810379252126,512618,0.3984681446428635,0.5664389457557112,0.0,0.4765856807289184
michigan_2015,0.0095420286419691,0.0054315119210745,-0.004124869857841,0.4165931621921134,0.4924603150845996,0.4778657850132233,0.1087986913704366,3.194860064582585,0.2421990796783945,0.3603282318398655,0.2796481992919501,0.0804992861561917,18767202.0,344170,45589.0,0.7360089186176143,0.34770680452332,0.3270291976867963,42704.0,0.8958619426897373,0.9500537804295848,43692.0,michigan,2015,-0.2531472981845018,0.00660691911482915,0.005183738245646536,0.002967583799539821,10.0,6.0,65.0,21074,7610043.0,30265.86076499324,0.3236532007346236,0.8402185079776489,0.0479282240935436,0.2034095425704672,0.7156609271984398,0.7211044622770107,0.6884425440840476,0.2539761216279755,502248,0.4202910454576938,0.56142171942386,0.0,0.4980844856715635
minnesota_1995,0.025118616785043,0.0140682253138234,-0.0084849754018516,0.4029144085686345,0.5212680200709892,0.4749678438831516,0.1519346184095993,4.639356294238141,0.1895133493588094,0.370776930520884,0.2596860688143422,0.0838363872344326,5462353.0,142000,,,,,,,,,minnesota,1995,-0.0285903931710435,0.004740763001443724,0.007847980184376019,0.002952622434500332,10.0,4.0,52.0,4844,1707102.0,35609.87063067391,0.321405790059976,0.7108696998421078,0.0388141912211209,0.1735286247983229,0.7274524505410187,0.7889799257445133,0.7620824265297825,0.2949781855389897,172503,0.3432906376341748,0.5653682981288427,0.0,0.4585732938071465
minnesota_2000,0.0162105194708536,0.0004141896502579,-0.0117814625561087,0.4019681910340214,0.5135308145157572,0.4762600070376947,0.1429117019831073,4.328056557623206,0.1854828883539523,0.3733081707190722,0.2694480723669857,0.0784494257092482,10949704.0,247916,5095.0,0.7439889633425305,0.3791460801445721,0.3602573608748443,4711.0,1.389265885256015,1.4146216736738753,4863.0,minnesota,2000,-0.2173080376599769,0.0039381520860340595,0.0027933424289428846,0.0027116819637537596,10.0,6.0,59.0,7148,2489154.0,35484.44795200436,0.3294405741002372,0.7212578740501877,0.0427540931830598,0.1677323186649055,0.7339854019171127,0.7931331733613297,0.7636988923135698,0.2847586025364069,311930,0.3525385581325049,0.569662657748402,0.0,0.4724110080604233
minnesota_2005,0.0175297827320957,0.0067679782704761,-0.0037039459755005,0.4080665718369354,0.5011223530215734,0.4804679304547276,0.1181953709677635,3.455597060050401,0.1742233701683319,0.3827925309002397,0.2915846825947153,0.0679345672772475,10944779.0,207989,12270.0,0.742231696318767,0.383971504858202,0.3591475454010642,11391.0,1.4689385569813886,1.4770020192703517,11767.0,minnesota,2005,-0.7061195108791828,0.004491476797901057,0.0028544954940610935,0.0025226815753047116,10.0,6.0,59.0,8956,3083103.0,34599.483656054384,0.3457746423610284,0.7728532175197326,0.0499590602536292,0.1580080464618768,0.7487888955799418,0.8003360758851873,0.7652012443917772,0.2592264372424695,282495,0.3714342598408066,0.5781062714203241,0.0,0.4541469927145454
minnesota_2010,0.0046495753911932,-0.0067201578849904,-0.0028866969951341,0.423111835602315,0.4891097705276116,0.4822089309139024,0.0963545801941313,2.6921054130754314,0.1647570812046075,0.3913351703438687,0.304848722460341,0.0609466835388688,10827446.0,199325,26237.0,0.7163821002120299,0.3543403105606368,0.3368295076741068,24106.0,1.086578359399936,1.1785658654702984,25064.0,minnesota,2010,-1.0888036610853726,0.005562317592239127,0.00217207143430274,0.0031062629441849475,10.0,6.0,65.0,16848,6211425.0,35367.91700117573,0.3677019975102288,0.8532189986374966,0.0417593382812131,0.1526782990129188,0.7573593392263925,0.8059608980640678,0.7761110289651911,0.2343394211398038,284657,0.3883413504750311,0.583223691249159,0.0,0.4761353991556066
minnesota_2015,0.0143822767155822,0.0097022875555349,4.614768450568936e-05,0.4334262798289192,0.4789421067660322,0.4802625334557632,0.0901586553963015,2.394232240125717,0.1575062085871351,0.3969546497613068,0.3101174429784135,0.0556312811358246,10756616.0,194966,37469.0,0.7187189836564547,0.337659277498014,0.3180154179220837,34949.0,0.8776374836246063,0.9237787041465788,35877.0,minnesota,2015,-1.271549320289484,0.00718722028429054,0.006116549282424281,0.0031352140500853637,10.0,6.0,65.0,26247,10067152.0,37307.13159447735,0.4003389213766644,0.8840137716305626,0.0323506433495915,0.1495119258140967,0.756623905810753,0.8114094474760666,0.7881686864677186,0.2110805571555631,283561,0.4099339011380661,0.5829969938147035,0.0,0.4778569682271945
mississippi_1995,0.0103978500256003,,0.0121343822877879,0.3660721008617443,0.583547595048737,0.4716411178480168,0.0447709186947866,2.0874965258148848,0.2758093931424056,0.3701155457532788,0.267629378134304,0.1287310533216925,2995985.0,89683,,,,,,,,,mississippi,1995,-0.2527581012003491,0.008841374332662228,,0.006698172384488105,5.0,0.0,21.0,566,236698.0,24578.311880171448,0.1956768192164236,0.3625742807984419,0.0632351365154612,0.1821833208566103,0.7027589407709233,0.6785763299789848,0.6307335840602266,0.3578775234570395,111274,0.3584312175166673,0.614775478251717,0.0,0.5695256978781825
mississippi_2000,0.0008412666711269,0.0012114290463164,-0.0169843638836821,0.38565155014885,0.5764970027735415,0.4744319888879607,0.040352552693222,1.9646406737253983,0.2755178277384129,0.3707135593577059,0.2751731008765075,0.1157192818329759,6006183.0,145270,694.0,0.7355491329479769,0.4076286962153129,0.3639262360972871,622.0,1.4508320726172466,1.5043683589138137,661.0,mississippi,2000,-0.4004254181751587,0.006414067121906439,0.01352764319501169,0.003839818661845987,9.0,4.0,38.0,1697,664567.0,24239.11510327087,0.1996861782904682,0.3822401665655387,0.0641529318746495,0.1712894006886593,0.7109619219727302,0.6788203121762488,0.630891780046341,0.3413659807363447,185450,0.3710339738859837,0.6255309846433224,0.0,0.582508055339105
mississippi_2005,0.0134061820855347,0.0048289115518976,-0.0098342132105335,0.3960797200283871,0.5694733094604174,0.4809186422212464,0.0329630134421488,1.597186473059999,0.2729521612309091,0.3736567036849843,0.2868631483387933,0.0870714485979553,5973931.0,108970,1506.0,0.7690763052208835,0.4233293830604295,0.3713967831175087,1368.0,1.5405968077723804,1.5962121212121212,1441.0,mississippi,2005,-0.720634723165846,0.00805476923962996,0.005137494286804899,0.0027473135542805185,9.0,4.0,49.0,3454,1236568.0,22989.92061920552,0.2070572021926386,0.4441631998431372,0.0760397723831373,0.1530881885927194,0.7321935739040605,0.6788153917193267,0.6244580373693,0.3166343465872567,148351,0.3916151742936696,0.6407357104833499,0.0,0.5622191509582581
mississippi_2010,0.0185450742348442,-0.0044180446060334,-0.0031266418191136,0.3893044173526612,0.5617146553185534,0.4863534618075416,0.0199792393971509,1.479695998713602,0.2661450761612588,0.3750498917744995,0.2916733701075663,0.0709293524289839,5854592.0,103824,3033.0,0.70361328125,0.3813192687457959,0.3579669660106378,2770.0,1.1409372846312889,1.1688461711565292,2902.0,mississippi,2010,-0.9267281143894944,0.004973206229618633,0.00885903100940165,0.003496825964790485,10.0,6.0,62.0,7373,2545235.0,22695.092506985464,0.21761987865808,0.5377840285065775,0.0734365218683533,0.1452323073174091,0.7466721985928071,0.6775049230338267,0.625563792612739,0.2983533867905206,146669,0.4034022453310609,0.6494031547109296,0.0,0.5744587326142392
mississippi_2015,0.0122568809504956,0.0078575040659278,-0.0036289682288835,0.393098595026823,0.5582391669173584,0.4908283823983034,0.0132169811371934,1.4277680388116067,0.2470661526071829,0.3795262236643513,0.2974159102677608,0.0566220733688099,5713366.0,96272,5105.0,0.7069219440353461,0.3604633978781605,0.3407843500896052,4768.0,0.9377049180327868,0.936495437254081,4880.0,mississippi,2015,-1.1618364239178105,0.005759188449808984,0.0066878072327283015,0.0034725187505863855,10.0,6.0,64.0,11559,3975172.0,23837.95190321032,0.2427636848438419,0.6078221984406054,0.0531103908882676,0.1416949180025738,0.7513196590539665,0.689572485924826,0.6513550916473734,0.2904675933294437,138546,0.4290880862797789,0.6557024334392018,0.0,0.5968244908568026
missouri_1995,0.0043902122483286,-0.0240304357388091,-0.0271667298186088,0.3820102706536091,0.5386391404200718,0.4730425188525893,0.1434700200426416,4.236386388393846,0.2483613776420085,0.3631204379729993,0.2644149556892144,0.1209408017083029,6030570.0,151111,,,,,,,,,missouri,1995,0.3135463639321031,0.00820410344605371,0.016723778954342766,0.0035508592536625423,9.0,3.0,41.0,989,595126.0,29966.24579523528,0.2597680321526719,0.6254712621819188,0.0459076152760134,0.1500898463526419,0.7427207935112395,0.7249574868003344,0.6908271772483935,0.3253103691286856,186628,0.3558578942352128,0.575996806440948,0.0,0.5059487461525412
missouri_2000,0.0069702918811215,-0.0137970018570151,-0.0138662401480611,0.3894771440997936,0.5334815608943201,0.4767623338596973,0.125514444951121,4.000285120356864,0.2432474323195918,0.3657307856744723,0.2704690246952766,0.1063453833093249,12186657.0,268581,4040.0,0.7564006959980114,0.3969094436970912,0.3752563260305311,3720.0,1.5655226209048363,1.5823213159415166,3846.0,missouri,2000,0.0729562237357433,0.0065975765317576275,0.01153672616642226,0.0029951608233072177,10.0,5.0,56.0,3407,1385369.0,29464.328670346687,0.2653059731101083,0.6361171217768781,0.050955394235964,0.1437144977000884,0.7513843502041315,0.7299993673746755,0.6934610068833296,0.3176174311917463,341753,0.3612248671626767,0.5862701550753748,0.0,0.5179974682395572
missouri_2005,0.0088984597882847,-0.0001707690740078,-0.0038200283268053,0.4002428925404815,0.5272632168309713,0.4830100759057628,0.0941365808305818,3.2763515620081094,0.2349367255095074,0.3733303581190775,0.2873563184110613,0.0823384300553941,12153950.0,231752,9357.0,0.7616229014205769,0.410085709073793,0.3839669469501542,8637.0,1.5834725470542377,1.5886532697603184,8979.0,missouri,2005,-0.436050632217477,0.005659590091785789,0.005680841681121667,0.003601365221428409,10.0,6.0,63.0,7842,2854372.0,28066.67145887761,0.2781889961504408,0.6855614659799855,0.0628086684190619,0.1327141242022513,0.7688343535594032,0.734114615855319,0.6901004678459876,0.2914774948100492,313370,0.3784551896874011,0.5982378360258918,0.0,0.5242312295152831
missouri_2010,0.0126718335288623,0.0063689810199963,-0.0076104296516906,0.4059294917330006,0.5142335189596633,0.4841858276955171,0.0721786104297295,2.670027676260702,0.2261167836798857,0.3796208089570385,0.2996159329167056,0.0724084872834627,11846474.0,223891,19219.0,0.7173880597014926,0.3746940817154072,0.3617489124205197,17591.0,1.1480492589363558,1.2209091973867583,18352.0,missouri,2010,-0.7900181457209658,0.006602933249298065,0.004852974513152221,0.003024453073662881,10.0,6.0,65.0,12933,4787828.0,28268.20001707516,0.297912469130078,0.7619516188796166,0.0533004728538999,0.1280623424708886,0.7761435401158248,0.7339976038586411,0.6965592580647001,0.2690282993275176,314730,0.4020133891273401,0.5991406830948262,0.0,0.5729861387447301
missouri_2015,0.0069284950981449,0.0122880468613146,-0.0136490548716469,0.4131699477753111,0.5007186078512061,0.4818806096698543,0.0783541002915193,2.4325195198016303,0.2140448172889859,0.3847876413479426,0.3026859750557727,0.0706302309375186,11666357.0,217497,28461.0,0.7145657547089406,0.3480567279802861,0.336561997776731,26562.0,0.9091075951690468,0.9483007980788016,27241.0,missouri,2015,-0.9051106176910608,0.005511210674647071,0.0017099733142840025,0.00270769637687384,10.0,6.0,65.0,18622,6780899.0,29979.950075176635,0.3286578808060395,0.8133282955716,0.0350172757367909,0.1259847421942403,0.7752609376873036,0.7443417430242333,0.7191013815279594,0.2560447773446588,309258,0.4209078220829858,0.5958317106578048,0.0,0.5899724731768303
montana_1995,-0.0013331597733718,-0.0175909996909756,-0.0142303966186764,0.3739255214532251,0.5616818497961192,0.4686062868829368,0.1101034458264086,4.986941992314939,0.2337580004766407,0.3818414224622491,0.282829911376465,0.0913396737839699,941552.0,34594,,,,,,,,,montana,1995,-0.1277428496686522,0.005355197757216865,0.011049719241409621,0.0030877819542751367,9.0,2.0,35.0,1027,483062.0,25133.07782639517,0.2747779528496671,0.4474862526072641,0.0465898022076116,0.0672042752376467,0.7678856242759501,0.7328122966251147,0.7039184943644154,0.3190650955662294,43753,0.3076017578738098,0.5819927643404855,0.0,0.5861461620168574
montana_2000,0.0032395510046166,0.0071896576996319,-0.0126443189885567,0.3950505880756718,0.5610808121582866,0.4716032027920873,0.1336423373400614,4.781808957584531,0.2317903734994759,0.3824682899479863,0.2881732394964282,0.0910668444709102,1904848.0,51756,626.0,0.7752808988764045,0.3725960868027066,0.3374063246582851,580.0,1.2651006711409396,1.2677146350881707,596.0,montana,2000,-0.1175270002853923,0.004212222256577263,0.00816032975754409,0.0024198988368131077,10.0,6.0,54.0,2532,1108236.0,25756.711003412176,0.2817538018872021,0.4521462727907737,0.0445904714759288,0.0646367292900758,0.7661514866306082,0.7400109029611751,0.7099100011611159,0.3123891001668032,67544,0.3254180211468413,0.5817009593423479,0.0,0.5844194714609127
montana_2005,0.004987963636587,-0.0050529228067918,-0.0094550037060722,0.3905956908498834,0.5553956835397027,0.4750688173335221,0.1420731424612655,4.45839176626113,0.2315405102495812,0.3817722923756998,0.2989364024427156,0.0841464891813754,1904932.0,34557,1585.0,0.7714285714285715,0.3739714849704214,0.3401013377672855,1477.0,1.3712418300653595,1.403651335854581,1530.0,montana,2005,-0.2267264553845385,0.004286275090460212,0.008860053402794532,0.0034670925509848404,10.0,6.0,58.0,4234,1747369.0,26337.965476077145,0.2954707864352709,0.5341583615868589,0.0510293870214198,0.0587887848026895,0.7691596435682345,0.7399447309393826,0.7059729734059158,0.2912188056664095,49450,0.3490421765082272,0.5870761202067879,0.0,0.5410181757391109
montana_2010,0.009878635108381,0.004696737164015,-0.0049358442287506,0.4055344766977424,0.5423719257253878,0.4731529993294192,0.1211802026717526,4.329225900701914,0.2236191373344686,0.3758196461685252,0.2958941410344731,0.0748076042601553,1872026.0,34044,3076.0,0.749402199904352,0.3596529988228086,0.3427047251430573,2859.0,1.1291736930860037,1.2609947124917382,2965.0,montana,2010,-0.3390925595927399,0.0037896535806570468,0.005694729697736259,0.003306368339854861,10.0,6.0,62.0,6477,2596453.0,27633.93979634496,0.310141334201067,0.667283582891942,0.0456050316798201,0.0557738269640758,0.776110464224827,0.7400716910806294,0.7112255262566014,0.2772572269201628,50989,0.3661803074130792,0.5951956250937527,0.0,0.5907194809045295
montana_2015,0.0147650083626222,0.0173623475015808,-0.0027425506676136,0.4353236213735612,0.5214116951322062,0.4704289084888674,0.1212100137552155,4.115586398984,0.2130425745172956,0.3786137909594824,0.2950843102032581,0.0692464004187609,1931625.0,34476,4224.0,0.7486788021139166,0.3510428081671787,0.3325254081405863,3954.0,0.9107934943321834,0.9646652668981668,4058.0,montana,2015,-0.4493454579086952,0.004753738938558087,0.005243983084287006,0.002817108422907615,10.0,6.0,63.0,9930,3823932.0,29787.41648308977,0.3394681025719265,0.7356003640250528,0.0309018321728031,0.0542932387192104,0.775491221614739,0.7491899252507569,0.7275988395312015,0.254131588579458,51276,0.3920727698256154,0.5964000411130208,0.0,0.5993196430971813
nebraska_1995,0.0043623655579817,,-0.0021725412171188,0.4035798191628813,0.5604550464334699,0.4712876153976503,0.1375034056066612,4.0841085690095085,0.1937330969286455,0.3734130685424613,0.2664149108782809,0.0978992681165875,1783356.0,56761,,,,,,,,,nebraska,1995,-0.1227652275345079,0.00632563941879734,,0.0048090190845516845,5.0,0.0,19.0,795,262294.0,29869.740972557083,0.2812622807815553,0.6668308301329257,0.034283252394787,0.1246341427120999,0.7429034846440096,0.7840371308296534,0.7547957739931384,0.3221877775260912,69909,0.3011169126175407,0.6054460273329546,0.0,0.6419388020748759
nebraska_2000,0.0175425843082687,-0.0143562823274403,-0.0092972877419988,0.3963503990849087,0.55133546101568,0.471210516860955,0.1192990225854151,4.184563158792578,0.1915706437998258,0.3733809185583473,0.2678654743813008,0.0994976389509026,3556465.0,91091,1618.0,0.7481435643564357,0.3955061632874752,0.3602648608475416,1515.0,1.4967234600262125,1.5502753611621038,1526.0,nebraska,2000,-0.1792737549317806,0.006131723282374344,0.004181770687045313,0.0034230972709603457,9.0,3.0,37.0,2034,650092.0,29682.13374161513,0.2898180156698162,0.6840432444500112,0.0350147395827149,0.1264171547701777,0.7413913641683317,0.7878947065183132,0.7585373871843449,0.3091987277894609,115492,0.3088078690164536,0.602082184576803,0.0,0.6321196418128179
nebraska_2005,0.0018872976828054,-0.0205331102626467,-0.023810268419841,0.3947420880303362,0.5379090929493509,0.4741533824326578,0.1007637743516239,3.97381920678118,0.1865140112061576,0.3722065066362357,0.2716083388051391,0.0918863189988108,3562406.0,68026,3942.0,0.7720775906074527,0.4095156517362522,0.3727836093344784,3664.0,1.5810487090763907,1.5985025301063036,3757.0,nebraska,2005,-0.3444637643645196,0.004170916993494575,0.007516187536703496,0.0030947942543611516,10.0,6.0,55.0,4233,1338538.0,29358.734469347703,0.308759045973167,0.7270925799657142,0.037943584749867,0.1243952093984332,0.7465649817724457,0.7953007438148693,0.7647819282846839,0.2863566221625448,92442,0.3222446604259721,0.6012099326867812,0.0,0.593692323451955
nebraska_2010,-0.0027650220057674,0.0046284578303264,-0.007394207753524,0.4045281446060015,0.5279089829135305,0.4734989141971967,0.0909359303443038,3.1718360545966675,0.1821362721807592,0.3747321009289339,0.276485579872613,0.0846830005123955,3555408.0,66722,7667.0,0.7507616146230007,0.3822116478568669,0.3635893986633911,7081.0,1.179480201387944,1.315368320501537,7349.0,nebraska,2010,-0.5877651328587087,0.004264321715055116,0.006368663492904517,0.0031795857658690014,10.0,6.0,60.0,6879,2296504.0,30426.433221332587,0.3302645190558332,0.7954241931558711,0.0322988620358714,0.1182889459931738,0.7548961786654573,0.7969563601996789,0.7711734994034684,0.2645961389952298,94032,0.3378141778484048,0.6029040082710355,0.0,0.6233853219070147
nebraska_2015,0.0099418336493754,0.0095764254020202,-0.0026297717227788,0.4200138877939665,0.524482750342035,0.469009808098145,0.0804545778539651,2.6679826163605185,0.1775134254023518,0.383792852665974,0.2866818277030842,0.0830375767524141,3559820.0,66654,11162.0,0.746139200338481,0.3564434894643701,0.3337310348456387,10470.0,0.9466318342974436,0.9951314438683352,10718.0,nebraska,2015,-0.8354695081535405,0.003570965547846519,0.006217731175586975,0.0028515075542613335,10.0,6.0,65.0,9549,3389001.0,32395.452858882472,0.3564137650253445,0.8286081418672401,0.0234847819067471,0.1164598302754276,0.7549130963573352,0.797693917913794,0.7784498244112195,0.2421766104133772,94507,0.3588268661177685,0.598231375189469,0.0,0.6125068933724273
nevada_1995,0.0075767018943909,0.0115005513530167,-0.0172976941434788,0.3515809815214518,0.5137932732268398,0.4420476102270672,0.1997467921892665,3.686357694580472,0.31228327977373,0.3385084060034268,0.2431580083109425,0.1526933393102466,2307449.0,59945,,,,,,,,,nevada,1995,1.105278297445686,0.008363639937889317,0.002365740545437682,0.005579756807452105,9.0,1.0,35.0,929,397000.0,31788.111518513917,0.1949101413840022,0.9273270694196242,0.0559811866759612,0.0550122454357974,0.812247041601421,0.698013571973337,0.657831768431853,0.2998311790021788,74168,0.379674404787993,0.5359973250121463,0.0,0.508626342897623
nevada_2000,0.0218561978980852,0.0075230485079501,-0.0043832197302012,0.3578216477526058,0.5005191041289972,0.4427144298580489,0.1901639421390937,3.381094677102894,0.3012313582788785,0.3381316245036158,0.2429295426230186,0.1457626459110552,4965113.0,112490,2162.0,0.718532280538783,0.3986966338925264,0.3708683522628179,2032.0,1.6289701636188645,1.622431150196714,2078.0,nevada,2000,0.957088991648997,0.007446056850951881,0.004984441806629773,0.004603061150541186,10.0,4.0,51.0,1946,891733.0,31773.51044771112,0.2080455593434094,0.936954271801634,0.058223888970392,0.0524178904982024,0.8097135926067063,0.7096603846026246,0.6676863707093114,0.2775224699907409,142791,0.3832129406146619,0.5446148204973289,0.0,0.4892923203311261
nevada_2005,0.0029368680224273,0.0086199280461139,-0.0105039628229653,0.3727577933807287,0.4804327086662019,0.4524212038243449,0.1581204187371636,2.726428539262457,0.2899359475847546,0.3496036791888122,0.2713271310341674,0.1218461825491675,5477936.0,104603,3910.0,0.7335051546391752,0.3989422700264676,0.372089836397099,3659.0,1.6383204889715652,1.6304581462158725,3763.0,nevada,2005,0.3554193638341159,0.01141167395077589,0.009358781573642313,0.0031360989077141165,10.0,6.0,59.0,3615,1560093.0,29272.56022204218,0.2218457200401694,0.938317044891832,0.0818755384636037,0.0467967605222074,0.8324456519686774,0.71874197663796,0.6615004863419098,0.2358831592518827,139170,0.4039267295107892,0.5547837298668232,0.0,0.4510285985572868
nevada_2010,0.0135264838453644,0.0100310323659201,-0.0072095194358079,0.3872095006471993,0.4674888946983169,0.4614590454870955,0.1396114895291728,2.4383122893546485,0.2869789849844441,0.3582633769436579,0.291562486463702,0.1090328094590104,5836853.0,105379,5985.0,0.7378017462763226,0.3634993140217734,0.3486994877814131,5542.0,1.1889199580566236,1.3287389427198104,5722.0,nevada,2010,0.0039149189856854,0.0067108445911663595,0.006120217192314332,0.002671112521506971,10.0,6.0,64.0,6231,2548403.0,27888.44199903704,0.233563871934083,0.9403688423488996,0.077077386443828,0.04639712565455,0.85075540551461,0.715578736403331,0.6615885657473463,0.2137429183585961,143791,0.416396836895384,0.5585082344671726,0.0,0.4764937420833413
nevada_2015,0.0086101070129314,-0.0022361946022438,-0.0089733929602112,0.4064175187927495,0.4532379643010029,0.462600128355259,0.1424654068782531,2.256581167231367,0.2799094794072933,0.3622795620147507,0.2941789501796521,0.1057034625318724,6212501.0,108034,9954.0,0.7436604189636163,0.3407431079299207,0.3233059521365109,9328.0,0.9378347159508558,1.0114857624608016,9523.0,nevada,2015,-0.0949722974599697,0.0037243424905130332,0.003819828249020346,0.0023126791711164055,10.0,6.0,64.0,7371,3126139.0,29654.910003015208,0.2611112073626994,0.9404536140732632,0.0573466388666775,0.0517043127324299,0.8368758255051296,0.7217012604115822,0.6789370148478217,0.2076702027694508,148515,0.4266143213220733,0.5546791769549353,0.0,0.4968756073140983
new_hampshire_1995,0.0078180939162653,-0.0192947485107119,-0.0078360805854773,0.3975493108081403,0.5404624830313358,0.4670666900502466,0.209154139331967,6.173680201497916,0.2291485142797631,0.3547715753390245,0.2504465949751486,0.1205741427896056,1447183.0,45928,,,,,,,,,new_hampshire,1995,0.8734707483817087,0.007950031746508206,0.002365740545437681,0.004034936283888395,7.0,1.0,28.0,1256,500960.0,36513.24524242668,0.3202790644485328,0.707662588538313,0.0350458536098009,0.1802786642493763,0.7240557414779192,0.7635493922472208,0.7378379777099495,0.3494506240130492,56141,0.3554459498530056,0.560342959294963,0.0,0.4812195995479743
new_hampshire_2000,0.0289471171173642,,0.0118158576057845,0.4024731212350168,0.5363644509316933,0.4714720829966739,0.174812993585629,5.637873168726273,0.216736140841448,0.3611361988329966,0.2593379299524741,0.112265965170417,2884595.0,72870,893.0,0.7141242937853107,0.3920317557959384,0.3586789278257566,813.0,1.494131455399061,1.5614336595317957,852.0,new_hampshire,2000,0.5004441884987785,0.011696565565420616,,0.006232386425052294,6.0,0.0,23.0,1041,440175.0,36083.04664455132,0.3317413411117683,0.7090220803938557,0.0383985820126505,0.1683794779180379,0.7341711427895661,0.7729077518961811,0.7430386263326638,0.3369654908991452,91987,0.3622414065378744,0.5648572856384332,0.0,0.4836965681832399
new_hampshire_2005,0.0378121695953701,,0.0061482859087027,0.4014578615236935,0.5408418961702515,0.4786185845135869,0.1309846778240048,4.564843127742364,0.200093886774391,0.3710179353933284,0.2783425748296847,0.0950661904067219,2787374.0,52262,2153.0,0.7402536402066698,0.406262175063348,0.3733527828957257,1978.0,1.58167716917111,1.6275504765153614,2063.0,new_hampshire,2005,-0.1217915557136556,0.011536535204066745,,0.005302390084520772,5.0,0.0,23.0,986,415131.0,35216.883301526126,0.3527903709549467,0.6800903819303427,0.0462237078616253,0.150161800358752,0.7525409860599019,0.7814241961936624,0.7451325219643566,0.3051022675671918,72249,0.3823575289782965,0.5741146535753601,0.0,0.4614885345081619
new_hampshire_2010,0.0430993432151584,,0.0117327451400028,0.4278716207677502,0.5272218539306521,0.4797786404577928,0.1064922709714174,4.003675238834653,0.1922934295249974,0.3791145480722101,0.2909868674959952,0.0810081274042751,2629143.0,49068,5151.0,0.7449014863463532,0.3671025121591706,0.3559022165931596,4767.0,1.0621561035255758,1.2510913777485548,4907.0,new_hampshire,2010,-0.5097833004937368,0.011740011581217947,,0.006040414359411395,5.0,0.0,23.0,970,407659.0,35911.50571439664,0.3716205872848762,0.6366223028940028,0.0403246877754621,0.1438693513467093,0.7609012796364809,0.7815521085741457,0.7518983746347536,0.2754905868622781,72055,0.4006318167959019,0.5778694382324194,0.0,0.484846097896806
new_hampshire_2015,0.0333244794800814,,0.0136624270454403,0.4377284103426766,0.4968997920890077,0.4765564855468571,0.1026431094382158,3.4838832149251147,0.1823987778976355,0.3890445413178008,0.2970770054668886,0.0685265901130026,2562910.0,46412,9930.0,0.738904193449648,0.3530639238034276,0.3345519135976106,9274.0,0.8550770529871227,0.8579675053514404,9474.0,new_hampshire,2015,-0.7945617061783447,0.012658707282745651,,0.0049505899303902805,5.0,0.0,24.0,983,411719.0,38031.36005369565,0.4021204944008234,0.6390064558590648,0.0291467955219837,0.1422086960471628,0.7602788675012223,0.7828017408559464,0.762658672910484,0.2679731172698899,69909,0.4190753677650568,0.5683732888269836,0.0,0.4821467212088695
new_jersey_1995,0.0200866733497582,0.012323562842937,0.0016997101213057,0.3772740158822041,0.5128739867970393,0.4660137932355419,0.2228652159817055,4.598355651041075,0.2955345308965869,0.3271730529220122,0.2378280293971288,0.1541305595457512,9687831.0,241044,,,,,,,,,new_jersey,1995,1.3628539270356772,0.00826055237018165,0.00955441541098262,0.0037616706995160835,10.0,5.0,49.0,3012,1173650.0,41539.79653839668,0.3518926672188122,1.0,0.0563978193916695,0.1295408988421651,0.7961479241305754,0.7150212732665936,0.6719882817903319,0.3301542510366377,293067,0.3576444981907007,0.5399150788911075,0.0,0.4281708702037472
new_jersey_2000,0.0116385725447431,0.0086665757188028,0.001631042050583,0.3805632045941182,0.5063030575908627,0.4666935699303777,0.1972567129182256,4.3173261754955945,0.2842668738698876,0.3301756833216326,0.2446454466512386,0.1438601849782511,19114374.0,418925,4296.0,0.7312104893467573,0.3975445040866113,0.3653646731728822,3923.0,1.597004107272288,1.608942246607424,4139.0,new_jersey,2000,1.0829309330500243,0.00989875926730591,0.006073292254009294,0.0042174718833572974,10.0,5.0,50.0,3396,1329276.0,41340.29106074127,0.3626961311835885,1.0,0.0562454941269752,0.1193469511486823,0.8037746404396094,0.7268278805551479,0.6837252582247179,0.3171269635116858,524033,0.3624473676024147,0.544146035114624,0.1,0.435178081310043
new_jersey_2005,0.0170171618966828,0.0107165593596339,-0.0101534044484708,0.3849804957534101,0.4973029645745322,0.4711224987030286,0.1581860623769575,3.5232104823108585,0.2636672948883405,0.3391034528310055,0.2627889382764782,0.1229798524968511,18785661.0,351285,10970.0,0.70992296404989,0.4040462369870464,0.3805779890058623,10000.0,1.6371521158978268,1.6482130945524198,10492.0,new_jersey,2005,0.4937629246229661,0.0071182315169227035,0.003135083580915878,0.003406068130692703,10.0,6.0,62.0,6774,2596381.0,39789.97992968515,0.381646714486295,1.0,0.0702243398054916,0.103553685626809,0.819406785394975,0.7450236824923249,0.6908532793796317,0.2907697360245314,465255,0.3726630602628092,0.5517955357524211,0.6,0.4159170228899513
new_jersey_2010,0.0103172504561117,0.0094481736889305,-0.0054354818381292,0.3923352026815845,0.4847518380571936,0.4747134597251868,0.1388106741665844,2.744280456721313,0.2510931817839967,0.346196029445414,0.2744759296087749,0.1104030122594813,18371036.0,339176,25643.0,0.6873006940536485,0.3689031839010547,0.36344413178822,23383.0,1.16488380671339,1.3241067600083096,24399.0,new_jersey,2010,0.0953553077658096,0.007702948787379912,0.0055770501521163396,0.0033425253747662474,10.0,6.0,64.0,12752,5070416.0,39873.657606942674,0.4064871212291371,1.0,0.0643209467312552,0.0936359423607347,0.8299499627078114,0.7540542527329384,0.704239962830906,0.2754465742785105,466726,0.3866669128294702,0.5576202258491594,1.0,0.4188192215325647
new_jersey_2015,0.0075282633110409,0.0017438115020851,-0.0099826572896255,0.3985169328951569,0.4654548551017991,0.475099119492186,0.1228293856696427,2.3735881849071347,0.230652532195512,0.3587553219624548,0.285821197311123,0.0968928995675023,18008151.0,328730,44197.0,0.7002616088947025,0.3445286570651405,0.3304071657378941,41126.0,0.9421083837305824,0.9948644810082174,42165.0,new_jersey,2015,-0.3005194254015497,0.008182409975386298,0.007073704382155326,0.0032726520326301807,10.0,6.0,64.0,14081,5895765.0,41810.62678741711,0.4454090196603155,1.0,0.0488154107946731,0.0891989830748026,0.832291392237515,0.768098897224115,0.7296747563199817,0.2621225810139059,461446,0.4059388205365927,0.5542954073728408,1.0,0.4387688418456237
new_mexico_2005,0.0383309573193455,0.0242600797736944,-0.0073094375343895,0.3976802244561395,0.5170108501128626,0.4700879414137512,0.1321993912525321,2.886595461819184,0.3006196016715285,0.3494472869959832,0.2702099063843838,0.1002298921698751,3984015.0,71456,2629.0,0.7131901840490797,0.3867505936645783,0.3592613578701455,2429.0,1.500590318772137,1.502553068869465,2541.0,new_mexico,2005,0.221324185653718,0.01095158671346283,0.0033827062831365395,0.004922287568655072,9.0,2.0,35.0,1008,455157.0,25657.563869057936,0.2566124775016044,0.6564056355829256,0.0671869277708648,0.0594520242429805,0.799069306174315,0.6891739509456152,0.6434383906732756,0.2525605960861513,98186,0.4142219996029186,0.5635266536946026,0.0,0.4351994766714686
new_mexico_2010,0.0057896688709274,0.0185145467705446,-0.0031499720401445,0.3999977028657736,0.501111578868166,0.4728651629394482,0.1112456149278637,2.5512184409150365,0.3100697330257645,0.3519307790480677,0.2787963525419393,0.0864747360543061,3907068.0,68892,4931.0,0.712976224577485,0.3535531053015558,0.3409040072696408,4475.0,1.1482105263157896,1.2892913355226083,4750.0,new_mexico,2010,-9.90453602056074e-05,0.005271937579977134,0.009563129728844868,0.003216412989009523,10.0,6.0,53.0,2269,1054810.0,24852.00335456976,0.2596773821975928,0.7244594731143849,0.067037822331906,0.050556718319243,0.8126884004047327,0.677723524315762,0.6344043035714789,0.2352485351026783,97634,0.4186173456340854,0.5733741958382303,0.0,0.4502700020938359
new_mexico_2015,0.0070502231153978,-0.0023681351815616,-0.0037425124846822,0.4184666927895495,0.4978770261187188,0.4727519560406114,0.0987946264893828,2.2966549364078404,0.2962879326554745,0.3633916553284167,0.2939072813943748,0.0757640648549083,3862836.0,65773,7067.0,0.7132867132867133,0.3196400105244368,0.3111126080480726,6547.0,0.8845248602530156,0.9488059604057284,6798.0,new_mexico,2015,-0.3430810921034992,0.006952895967249563,0.0058190940081285485,0.00232777575780421,10.0,6.0,59.0,4340,1874115.0,25863.99907568844,0.2813938166016862,0.7408160287719817,0.0541772758479764,0.0458025697687019,0.8175204523023513,0.6836927156859596,0.6483560117749096,0.217797361810818,94467,0.43607287142092,0.5707729476998498,0.0,0.4558660293321083
new_york_1995,-0.0049236466536057,-0.0075652645234611,-0.0260529883661974,0.3626640173885904,0.5040172535277679,0.4725418313255347,0.2001173961332872,4.715392578475367,0.3098506377982181,0.3388972820171971,0.2595045973283674,0.1404538701728814,21365517.0,521928,,,,,,,,,new_york,1995,1.0834114480312125,0.008041084027260954,0.004549513560495812,0.0033760514070220755,10.0,6.0,62.0,5252,3049344.0,35958.1288196975,0.3163278550969075,0.8791639661504659,0.0580581274348985,0.1069205713616517,0.8245584246996341,0.6917406473958883,0.6517092614702813,0.2668475445101254,637294,0.383405634574863,0.5581614843709743,0.0,0.3628739612643579
new_york_2000,0.007082705749643,0.0005403921308901,-0.0138877429650633,0.3708709852925078,0.5001490899411982,0.4753491218659489,0.1902878615271722,4.416808001998213,0.2952301169651277,0.3447287511382781,0.2672282582093591,0.1257150397071106,42296469.0,899074,13328.0,0.7172013857508661,0.396559398788891,0.3789622172404832,12060.0,1.5116260614236965,1.5461323674540086,12601.0,new_york,2000,0.7971268474556626,0.010243511776660216,0.003735653522623837,0.00335056456771845,10.0,6.0,65.0,12294,6093765.0,36188.29260245444,0.3302286755278484,0.8791196497490924,0.0569924926972662,0.0980467780426,0.8295214718330861,0.7059605907388659,0.6661194634592762,0.2604108974793709,1132114,0.3901205326700701,0.5632109106729244,0.0,0.3694345346025298
new_york_2005,0.0168955445952382,0.0033344866765931,-0.0058422528482509,0.3849123681417708,0.4904978169006099,0.4816110819010138,0.1651948876180771,3.816685918088005,0.2700183180156617,0.3578841425046625,0.2864070166275794,0.0997423017554902,41681964.0,754741,30756.0,0.7050027811405949,0.395788665402578,0.3773529567461624,27912.0,1.5502258108662923,1.5698987911311717,29228.0,new_york,2005,0.2074715254022434,0.009502672312591677,0.006027450350753701,0.0034630747754120627,10.0,6.0,65.0,24226,9903713.0,35372.87598514565,0.3517073181955009,0.8943774703598222,0.0652900322724616,0.0832996277408935,0.8418488530913878,0.7271433731371074,0.6810553734685605,0.2384621640858277,1006797,0.4026944100456693,0.5726796610894628,0.0,0.3409672387496917
new_york_2010,0.0148345030459793,-0.0070634674165813,-0.0034649727079569,0.3948615905188038,0.4773915072692609,0.485505674568194,0.138409348684807,3.366417221301909,0.2531215780120335,0.367412688563029,0.2999755385995808,0.0860065914631206,40993108.0,747703,59719.0,0.6915670978572134,0.361342790023455,0.3559574308893038,54227.0,1.1703167740227651,1.2907463175966942,56665.0,new_york,2010,-0.2184876017780574,0.005473995438862346,0.00783006488607293,0.003910210329767854,10.0,6.0,65.0,35659,13939832.0,35769.804998133935,0.3734375359768245,0.9198709424538626,0.059823923673879,0.0726838234907049,0.8531664863724732,0.7388061864274166,0.6964098748872676,0.2198731017967142,1027244,0.4176166609870007,0.5781797032244221,0.2,0.3527289931497361
new_york_2015,0.0070648791429568,0.0005897289046658,-0.0075619935439492,0.4060294100692182,0.4598417480102102,0.4870353975100213,0.1143837514213651,2.8454202159662643,0.2323743615598953,0.3793573321767794,0.3136631462826991,0.0717049051775019,39701263.0,728415,86863.0,0.7111976688867745,0.3435432036715606,0.332836975425654,80086.0,0.9325423276896414,0.9952656840400522,82511.0,new_york,2015,-0.6777811562300048,0.006252960244760452,0.006082653609498337,0.003600020575478071,10.0,6.0,65.0,38678,15529036.0,37915.19474875582,0.4086960719716112,0.931472819766716,0.0506790074734943,0.0660629011354861,0.8594765003554888,0.7516179570731435,0.7151875620731716,0.2058332125063972,1016841,0.4400428294751506,0.5736589933257955,0.7,0.3950897184954764
north_carolina_1995,0.0243920674642064,,-0.0109946567607921,0.3793091820644542,0.5453686539674178,0.4639785582649546,0.1524216809393611,3.641019275418415,0.2718471582511974,0.3644935943484237,0.2665918691092279,0.1332735011726631,9106976.0,224789,,,,,,,,,north_carolina,1995,0.3891015043070772,0.008454324342717003,,0.005140526936924853,9.0,0.0,32.0,840,365034.0,29226.13436129089,0.2531473746347678,0.6382323048092158,0.0557755154545577,0.1893438784179356,0.6903356124817301,0.7135952315201269,0.6697696920296955,0.3230591676374487,275291,0.3521503806910478,0.592497519890031,0.0,0.550786518843596
north_carolina_2000,0.0119248871003028,-0.004881190844949,-0.0254690751340672,0.3918593582931748,0.5400518711827637,0.4662721798462605,0.1436648023869787,3.6265460075424656,0.2636002801774457,0.3660217208277494,0.2754241863940008,0.1254195349020203,18784848.0,408493,6062.0,0.729366920782234,0.3912163312404092,0.3665612674270978,5560.0,1.6244673295454546,1.6392981292751618,5632.0,north_carolina,2000,0.2264703928576337,0.007566382193647327,0.009258631540079278,0.0034105287377348605,9.0,6.0,49.0,2447,988486.0,29042.673070620185,0.2644600464214577,0.6582528660905335,0.0584042311600267,0.171485746355561,0.7067715299833203,0.7165793379636785,0.6717889108718004,0.3039676201270839,518287,0.3638141631034562,0.5986201598721226,0.0,0.5418000189442561
north_carolina_2005,0.0139966950966149,0.0014419961368231,-0.0107769816313572,0.4041356237807947,0.5319164363415273,0.4735298975615482,0.1248498298106418,3.155845762041168,0.2569888651764404,0.3690562646130749,0.2901905292648356,0.1079859766852588,19750948.0,367587,15372.0,0.7332548403976975,0.4008832933056057,0.3747484379844026,14166.0,1.6507925615864956,1.6815100569777668,14573.0,north_carolina,2005,-0.121965581987408,0.005223514967859336,0.008239344749926047,0.0028520148065366248,10.0,6.0,62.0,6633,2476057.0,27773.605292235163,0.2828040133611747,0.7288763647417521,0.0741947022644699,0.1461806862621438,0.7387005318775042,0.7181505862942852,0.6636557808413022,0.2759317923127391,495749,0.3841750490374578,0.6023959249608775,0.0,0.5043403580146885
north_carolina_2010,0.0149028231359595,-0.0031089409486444,-0.0147011764628761,0.4162524191307731,0.5140015742288904,0.478378668114441,0.1188071561516662,2.5809206410460845,0.2586081727353038,0.3682449211032438,0.2951576964517382,0.1002318481390902,20402189.0,367234,31596.0,0.7218879277924032,0.3700961830944259,0.356046631055313,29094.0,1.197202658466422,1.3372665183036174,30243.0,north_carolina,2010,-0.2807049041193866,0.004706018479391311,0.0053760809880014065,0.0029348650347322657,10.0,6.0,64.0,13474,5210470.0,27955.15466485711,0.3090802480236725,0.825297110459129,0.0650573116182052,0.1350111647121401,0.7573389018108313,0.7180844179849922,0.6697758746376579,0.2623351764258753,510126,0.4017273462861667,0.5994196985555719,0.0,0.5146889035336186
north_carolina_2015,0.0164099346497355,0.0047474854879274,-0.0063198137259924,0.4328199519868155,0.4918870918211219,0.4785108304298299,0.1271063793182111,2.4013644384065174,0.2518704935544063,0.3684262140878283,0.2940026432746939,0.0958919512865973,20926961.0,363622,49272.0,0.735807069295658,0.3483157916410083,0.3254415251871392,46051.0,0.9307258303991855,0.9704204815279804,47146.0,north_carolina,2015,-0.3186108348944987,0.0052478491010241515,0.004496978615950404,0.0031479352026237833,10.0,6.0,65.0,23112,8868206.0,30402.11439815754,0.3527036943249004,0.8645304956926202,0.0415681924610588,0.127866267241355,0.7626538024591811,0.7280875733737237,0.6962723633766618,0.2465905021374537,510757,0.4222730490792442,0.5907728075742483,0.0,0.5140608947940195
north_dakota_2000,0.0041471161491341,,-0.0381299009577538,0.3973372946863629,0.5853546855109675,0.4704359401353826,0.0816660884860668,2.9694486251226166,0.16825614929441,0.3969688111287164,0.2788457895235389,0.0756505346372783,1258819.0,41062,690.0,0.7296511627906976,0.3880762956800999,0.3614850577768115,646.0,1.391371340523883,1.4689031644063764,649.0,north_dakota,2000,-0.9012183316436936,0.011177685243310129,,0.009950444878983392,8.0,0.0,23.0,733,313830.0,29192.65656500084,0.2861079564277309,0.8351226424817066,0.0287324829570156,0.0854655630004392,0.7425652430469447,0.796583088445602,0.7757005560913134,0.3437040253925748,52397,0.2869551090085087,0.6024929845796447,0.0,0.6101513566750922
north_dakota_2005,0.0094456758724161,-0.0054747767590097,-0.0014152055950283,0.4018357735068296,0.5924041997468735,0.4619932312795082,0.088711487298854,2.63994864143568,0.1696361084116186,0.3899607455373381,0.2796989208395589,0.0830913137349882,1267022.0,25320,1385.0,0.7436640115858074,0.3987809484293751,0.3731874305087716,1301.0,1.4788838612368025,1.556011588604539,1326.0,north_dakota,2005,-0.839078084268195,0.006660486888453105,0.010595533867513173,0.004578188366433784,10.0,5.0,44.0,2212,903620.0,31914.330810027368,0.3020327336467129,0.8373447235645555,0.0247125576293814,0.0824696871444561,0.7380796971320364,0.8006678516294845,0.7815707161997989,0.3426862109874742,35201,0.2806252288859291,0.6066902273268975,0.0,0.5725993228543993
north_dakota_2010,0.0065346387629134,0.0042814578297116,-0.0094222495299278,0.4150828920266259,0.5860868871694234,0.4530314208454092,0.1020888286211598,2.558192083971555,0.1728938761369575,0.3827199746060434,0.2749683148640869,0.0871992594169138,1321743.0,26227,1990.0,0.7368421052631579,0.3811600354737696,0.370694569226888,1841.0,1.1426332288401253,1.2765189032491846,1914.0,north_dakota,2010,-0.6978994710353326,0.004489928162564069,0.004871660867906672,0.002770813956930537,10.0,6.0,55.0,4269,1692337.0,34227.29510348963,0.3116697712972909,0.8408846771820676,0.023176576892301,0.0767338144587926,0.7302084684572236,0.7956964897515888,0.7758677604013515,0.30537352047467,37822,0.2877676077189459,0.6267291444981474,0.0,0.6496022559271574
north_dakota_2015,0.0151611398143222,0.0158370412947881,-0.0070258832487496,0.4362584868283655,0.5641994816383472,0.4548357907450363,0.0940602501665508,2.282682064643808,0.1685443028458881,0.3823957191597776,0.2747412768818973,0.0769128732798317,1364280.0,26657,2940.0,0.7590673575129534,0.3576916441911992,0.3505911310688409,2740.0,0.8789173789173789,0.8676438159816975,2808.0,north_dakota,2015,-0.8301627232095479,0.005638649169648829,0.006027898915368879,0.0025298869258312566,10.0,6.0,52.0,5407,1954014.0,35041.8436989093,0.3373507633924976,0.806325523893363,0.0215055886761505,0.077968213846735,0.7289054582353457,0.8018585591903524,0.7845649931933502,0.2617490314925377,38555,0.3135185338228985,0.6279423871378708,0.0,0.6857438146193652
ohio_1995,0.0029574614805229,0.008695607359487,-0.0063595892532657,0.3757136055345762,0.5332483816975148,0.4750778982731561,0.1288147377842358,4.38012606095748,0.2588875995397882,0.3454747720204852,0.2436491772952723,0.1161654088774727,12307927.0,317130,,,,,,,,,ohio,1995,0.5262552119593558,0.005290363320476282,0.006512291053022879,0.002669180780168315,10.0,6.0,48.0,2137,922434.0,30960.522703667342,0.2432623416061171,0.8179607343004275,0.0542181852895561,0.2049676039778235,0.7154013004246893,0.7186612810216805,0.6823719418724075,0.3287217612894962,388631,0.3598091759479551,0.5696847642037439,0.0,0.4976683901457825
ohio_2000,0.0036062484976801,0.0070622065594907,-0.0031427753576307,0.3813495773288626,0.5293943448945115,0.4777317108755511,0.1197503070441008,4.21806908674332,0.2500168512262646,0.3512170905045078,0.2555653659147439,0.1043711179985512,24386222.0,550632,8117.0,0.72744151503899,0.3976387478487277,0.3708967433737225,7501.0,1.544276180698152,1.566035745863332,7792.0,ohio,2000,0.2747279591388217,0.00357772183083167,0.00795463550816533,0.00250215839201132,10.0,6.0,63.0,5792,2221808.0,30205.198187395592,0.2512273927991487,0.8191551214333688,0.0594248328258213,0.1951173176630117,0.7249539289370719,0.7259827122755454,0.6857800466540667,0.3120813838528834,696604,0.3628455325489106,0.5784596635163193,0.0,0.5018787515440039
ohio_2005,0.0043320803352022,-0.0008979769171854,-0.0081504155021464,0.3946185508825242,0.5212557140381975,0.4829463277019315,0.1005029424094552,3.651216910019457,0.2379018475741087,0.3632921866641829,0.2798916785776407,0.0833299163976705,23566963.0,452796,20303.0,0.7326330393419879,0.4029628602947486,0.373367657849981,18908.0,1.5902092178628062,1.6032208292286485,19549.0,ohio,2005,-0.2391883895011178,0.005832380683109987,0.0056252083850306285,0.0030589590997585356,10.0,6.0,65.0,12607,4636406.0,28611.126246413984,0.2667353303720479,0.8212157849285802,0.0705519818421582,0.1780103944386895,0.7443508833777114,0.7316288598978263,0.6839597998825945,0.2754394137799029,613972,0.3741208578139363,0.5881212250120494,0.0,0.4807605123424819
ohio_2010,0.0089910008043635,0.0082224645892536,-0.0059937929391356,0.4038892402459053,0.5087336203736718,0.4834048055228859,0.0890242165505883,3.112123829024576,0.2305684787739205,0.3683185152987578,0.2885901282405085,0.0748000466787653,22614930.0,429515,41392.0,0.711340206185567,0.3708387246992207,0.3552167039270038,38144.0,1.176568657168839,1.2667743033692935,39588.0,ohio,2010,-0.5065763430193618,0.005435711465023588,0.004003625176663075,0.003247850782762929,10.0,6.0,65.0,24021,9199199.0,28882.3989170972,0.2876019139646829,0.8253837654932487,0.0601911953365414,0.1696363527363752,0.7542906395527056,0.7337845326283434,0.6927407008391464,0.2551770428375651,607709,0.3925681855939016,0.5886988511473729,0.0,0.5137681390394321
ohio_2015,0.0130368291259208,0.0104694867420899,-0.0051974838516375,0.4148481081552713,0.4950817959922297,0.4805665024943805,0.0990462957698781,3.072486882657927,0.2173854113059414,0.3736826179795346,0.2918813747916958,0.0744082408257261,22176371.0,412456,60134.0,0.7127624263546594,0.3464324053682417,0.3307845087796165,56010.0,0.9178659056501992,0.9620524442765976,57467.0,ohio,2015,-0.5799465741946875,0.005201768303009072,0.007875636533246296,0.0033522132901587986,10.0,6.0,65.0,31721,12059622.0,30594.781425163757,0.3196321283818941,0.8443678268709245,0.0412598743828805,0.164781551040856,0.7551077164283474,0.7439961891683673,0.7146366188718485,0.2427920442979189,588483,0.4143735550344333,0.5852086753545165,0.0,0.5466699897949189
oklahoma_1995,0.0224196762014502,0.0180641787899486,-0.0159623149207334,0.3566193689996063,0.5601679548936064,0.4540908366353003,0.1317947182266683,3.0420766888910507,0.3215641303742064,0.3403575861175686,0.2431745119569902,0.1573648917278242,3573195.0,90190,,,,,,,,,oklahoma,1995,0.8253912644335831,0.009003407581290208,0.012359255864789025,0.004651439441259009,9.0,2.0,35.0,1313,494015.0,26276.007063493576,0.227437657519182,0.69295362929199,0.0481864479645996,0.1444505906069688,0.7352984104632128,0.6680405326020027,0.6341428786126881,0.3257356499407935,112505,0.3605412727861707,0.5643244160089577,0.0,0.6035056066452692
oklahoma_2000,0.0228885305837869,0.0219570345977442,-0.0083684471307623,0.36490189681931,0.5593410459204866,0.4561205236128082,0.1258451629838829,3.316864412364474,0.3061637211900516,0.3442088960683679,0.2480428133267184,0.1434467037158395,7222933.0,158729,2056.0,0.7651960784313725,0.4090100801834879,0.3671538102667818,1904.0,1.5978701825557808,1.5504410480349344,1972.0,oklahoma,2000,0.66306262353939,0.006811911413472201,0.012732320224260994,0.003402862882317438,10.0,6.0,54.0,2517,893043.0,26486.102503436072,0.2338583110287056,0.7035883907755303,0.0464181085323929,0.1301778426652368,0.7398216280295844,0.6787548542914946,0.6459018492711313,0.3282638130802733,204815,0.3645604713764769,0.5756057002738644,0.0,0.640987180031895
oklahoma_2005,0.0189475734982485,0.0184890867618046,-0.0049818269603653,0.3799380581870808,0.5555384859128228,0.4607553250266486,0.112502267533041,3.268254510576348,0.2901766851633959,0.3466685006010237,0.2545601224020727,0.124818539819308,7381672.0,137966,4352.0,0.7624450104190785,0.406719092947058,0.3706308198331103,4057.0,1.6578445398187889,1.6436092999779577,4194.0,oklahoma,2005,0.4028353227822039,0.005853125753164069,0.00475750722077708,0.0030257534075030386,10.0,6.0,63.0,5853,2189940.0,26269.59152051002,0.2432113847162352,0.7576182732093688,0.0491597419631258,0.1139809305197754,0.7461525554000289,0.6871341122458909,0.6523911576663246,0.3244050778077841,186606,0.3760754346027868,0.5879105184152155,0.0,0.6620870043285503
oklahoma_2010,0.0212944182245388,0.0174303613247682,0.0008582991741673,0.3926416649571459,0.5429781261602347,0.4645166500128735,0.0997855851731651,2.9557421652847964,0.2875391472778874,0.3473810503925285,0.2614861290923837,0.1148247331424193,7474036.0,136452,8198.0,0.7359215837017106,0.3732680741790026,0.3556691720146091,7617.0,1.1907183725365544,1.3303489186330797,7865.0,oklahoma,2010,0.2098491572678684,0.004303114548898729,0.005843629963031744,0.0033262552014394348,10.0,6.0,65.0,8710,3410274.0,26537.601457158795,0.2542097222085649,0.8269334853503678,0.0484300013432016,0.1081309925343649,0.7507859014595639,0.6863526822295698,0.6523406065870859,0.3077384554569802,187378,0.3852140875895676,0.5950527577842315,0.0,0.6803852849067235
oklahoma_2015,0.0044472738668359,-0.0014653514373875,-0.0001255630669939,0.4127091167813022,0.5269471465817859,0.4665987948075771,0.096990691347594,2.5755277820283453,0.2790949261981494,0.3529996934285528,0.2743577636526131,0.1017363868705026,7548025.0,134827,13631.0,0.7587141750580945,0.3507545249726651,0.3287745612470377,12824.0,0.9039034451149645,0.9381854715580707,13091.0,oklahoma,2015,-0.0602677877029978,0.005667709987046134,0.004532418397394381,0.002765614932749583,10.0,6.0,65.0,10440,3894485.0,27160.433750294767,0.2754099297420285,0.8326169977943852,0.0431190181264874,0.1018260592240018,0.760140396215324,0.6954966282611912,0.6654139433442734,0.2763472708546699,186958,0.399056977078819,0.5958819351251283,0.0,0.6790493954713516
oregon_1995,0.0061325589227798,-0.023385948041853,0.0051402776663605,0.3708344965611371,0.5279027097074,0.458394598242249,0.1782611634257404,4.899346286366139,0.2831216901835927,0.3412544001374674,0.2505994284802245,0.1267790650912353,3779757.0,96302,,,,,,,,,oregon,1995,0.900882483974224,0.008669173387650856,0.0031312439886420317,0.004018152883838349,9.0,4.0,34.0,1079,550990.0,30124.76320955608,0.2781868044616156,0.7901361893730898,0.064304217695915,0.1573969060372599,0.7361413340516711,0.7123192569185101,0.6689008025549249,0.2834133870306585,118244,0.3788009116210899,0.542207554763881,0.0,0.4765412217345371
oregon_2000,0.0141945620903667,0.0103468242051311,-0.0005621644740743,0.3846022614564729,0.5173639852511561,0.4616874332744366,0.1736059744735067,4.9635485049880685,0.2770986442904168,0.3415592096198846,0.2526772167191238,0.1217274097754398,7707500.0,170516,3981.0,0.7349001769016932,0.3815253975989413,0.3553023915808133,3724.0,1.480146290491118,1.4944574606286565,3828.0,oregon,2000,0.8320315085394242,0.00614859102399886,0.006559947652314094,0.002797219782442977,10.0,6.0,57.0,3397,1515251.0,29806.858430426757,0.2874566140846293,0.7956785246341613,0.064004072839858,0.1477270593728454,0.7387227737775998,0.7147869600448434,0.6714322292235007,0.2729914796118392,218416,0.3811160870412954,0.5427348123790046,0.0,0.4641392035426406
oregon_2005,0.0161694048127422,0.0204417644905613,-0.0028284535749145,0.3951311458987234,0.5041758814764343,0.471998589825104,0.1537672266088515,4.581364210830095,0.2665641996747663,0.3490103127478556,0.2707162454538874,0.0989627786841583,7833812.0,147902,9200.0,0.7250520319859788,0.3808458551608755,0.3530067077855317,8528.0,1.51931330472103,1.514746067190564,8854.0,oregon,2005,0.4037546643187157,0.006835828709101664,0.0030977614743486048,0.00270733039124062,10.0,6.0,64.0,6868,2799655.0,28453.08385237385,0.3014847794484164,0.8202835321854001,0.0773325240410341,0.133674336203959,0.7552074776542981,0.7160299549150426,0.6650635279256816,0.2477080331985183,203915,0.3973162197073954,0.5491450642409105,0.0,0.4265755582201271
oregon_2010,0.0325383249589316,0.0257069579984657,0.0042722796467441,0.4059101552960691,0.4853677577803249,0.476705114337817,0.1351786666686829,3.815146223399616,0.2550296645080241,0.3613319248892995,0.290184725270494,0.0851038700808373,7982683.0,150047,18776.0,0.7014773704369577,0.3529033539101787,0.342022416198159,17231.0,1.1034961925407147,1.197833672961265,17991.0,oregon,2010,-0.0704861618388127,0.005739751549305276,0.00666564625648588,0.003095014777336113,10.0,6.0,64.0,11191,4573785.0,29215.793400504943,0.3245129060306486,0.8633039753417364,0.0669516744765486,0.126878099685347,0.7687640751308863,0.7200030885209692,0.6757531498686217,0.2232557725847644,210597,0.4114982804948183,0.5570703513184317,0.0,0.4378649693809913
oregon_2015,0.0251926854911512,0.0163821981236716,0.0044770081183029,0.4253401143648175,0.4658229426548466,0.4748320108852932,0.1245534556210806,3.394007343610724,0.2392258910396363,0.3744749815047368,0.3048209078823966,0.0774268644417558,8285607.0,154065,25181.0,0.7019230769230769,0.336308536052416,0.3290456308793493,23434.0,0.8811171425019683,0.9338712483373904,24133.0,oregon,2015,-0.4300674380799534,0.004996966590226342,0.006526107426051018,0.0027692965491404194,10.0,6.0,65.0,14902,6242406.0,32342.421327826407,0.3618021892021837,0.8848920775894946,0.0449293248853466,0.1212601850315489,0.7700273643333019,0.7363139071111017,0.7049400735078946,0.206516780777895,212218,0.4223355545265204,0.5548476078336433,0.2,0.4270131534487211
pennsylvania_1995,0.0309574495796857,0.0388606009691723,0.0042084239695413,0.3750817305892335,0.5335755746077635,0.4706970626675507,0.155681327663315,5.446495370797827,0.2674477683962734,0.3456052571488907,0.2494305355259201,0.1271990248322255,13093506.0,339304,,,,,,,,,pennsylvania,1995,0.823505948465018,0.006438267787101028,0.006462289621744912,0.0037253195671367216,10.0,6.0,54.0,2681,1167735.0,31462.76926408806,0.267456259111978,0.839734199508362,0.0506555890701285,0.1713036427409866,0.7456124917198765,0.7094909184752279,0.6745660012410415,0.3122939946153427,419366,0.3620777303463116,0.5606067589127117,0.0,0.4714401127510064
pennsylvania_2000,0.0080975265279502,0.0146084085805877,-0.0191039480782308,0.3820863489603555,0.5320039416335854,0.4742550999958377,0.1492467476695768,4.949750665245801,0.2569301971867755,0.3516012822953375,0.2601746957223294,0.1119104825857451,25931991.0,585267,9254.0,0.7237299174989145,0.3914035131048546,0.3688613183033219,8440.0,1.499428571428571,1.5396626361592265,8750.0,pennsylvania,2000,0.5151093164241791,0.004763492500136757,0.009200969900621041,0.0034236686484833186,10.0,6.0,65.0,7178,3055020.0,31516.50111751612,0.2784530561198335,0.8413281503920176,0.0520904696947,0.1609315448930098,0.7539855564809217,0.719684883754517,0.6839860502379943,0.3043664720997178,747070,0.3620843424083933,0.5664745139573637,0.0,0.4712117845688333
pennsylvania_2005,0.0135593495975128,0.0012349672682741,-0.0110365638398256,0.3922510619475535,0.5246382715384716,0.4805559739977731,0.1232552384905902,3.968655789528853,0.2377710553777568,0.3619888289149115,0.2799124497696669,0.0843713707908503,25430611.0,483210,23764.0,0.7140859987290828,0.392897312266846,0.3677492550368915,21913.0,1.546198521647307,1.5638145872755145,22728.0,pennsylvania,2005,-0.1026976386979463,0.005327788319969808,0.004193708388663307,0.003380081045180798,10.0,6.0,65.0,15239,6046494.0,30882.91890556724,0.2983095315795436,0.8622210118039048,0.0627051094817873,0.1437019263205788,0.7705798356483472,0.7333993551035379,0.6905012021143311,0.2772235544699281,660521,0.3719198607491847,0.5773113426216391,0.0,0.4601918109131186
pennsylvania_2010,0.0072536044662271,-0.0063230583669209,-0.0099679556608125,0.4014863539280101,0.5097450206240256,0.482623869648242,0.0946019493900379,3.184008551407608,0.2237127574773859,0.3691612861111227,0.291868125049983,0.0711792352605518,24795602.0,462799,45010.0,0.6977909360054657,0.3608033062879979,0.3516464260501004,41425.0,1.1686626746506985,1.2967406241671695,43086.0,pennsylvania,2010,-0.5446542380612535,0.007469081838428664,0.00489014907151468,0.0033996711511489856,10.0,6.0,65.0,24791,9674821.0,31283.606590242187,0.3229548898030061,0.8965236030274174,0.0579280860985865,0.1327595420322735,0.7824912741940041,0.7402406560025729,0.700115165686885,0.2518090047348736,659777,0.3899124049503731,0.5828246478861625,0.0,0.4882180090279917
pennsylvania_2015,0.0126084036805352,0.0113449686130424,-0.0081832056754627,0.4130948095972257,0.4882594086676339,0.480821141997544,0.1003267720034838,2.8519399423201293,0.2119884119612864,0.3788436115771758,0.3025535194724115,0.0680331318225503,24254034.0,447614,64217.0,0.7097910495556801,0.3404661434993705,0.3286082575628433,59966.0,0.9127027993627468,0.9744419399019028,61514.0,pennsylvania,2015,-0.752314046936441,0.005229862638556812,0.0048011628007265834,0.0036135253768104195,10.0,6.0,65.0,29619,11758507.0,33085.66154207588,0.3596130245321535,0.8979905188703947,0.0441349389065554,0.1263609565821011,0.7886253400019118,0.7519487273141802,0.7203587121306376,0.2365636439468496,648960,0.4104973454448672,0.5793675432997104,0.0,0.5021650763140156
rhode_island_2000,0.0038471389126148,-0.0073911633433304,-0.0051675830594744,0.3818418723984344,0.5134475785591219,0.4846777469528571,0.1352155748895115,5.356750972824635,0.2200973558446407,0.369740343588167,0.2731280583510294,0.0912409727750724,2305275.0,61192,600.0,0.7671691792294807,0.4060161405272964,0.3832748197952759,540.0,1.6003460207612457,1.5574915824915825,578.0,rhode_island,2000,0.0935789279285837,0.013573364936118226,0.0025632037484286637,0.00818776981585852,8.0,1.0,30.0,720,335817.0,33712.82660176248,0.3158488834511441,1.0,0.0527522373858477,0.153423392348299,0.7644292049662014,0.75614014322069,0.7174858746244548,0.2887857893393165,76902,0.3979002884787325,0.5756216554770512,0.0,0.3652507861579225
rhode_island_2005,0.0073656386726545,0.0039942892326308,-0.0091428904807727,0.3831100553982212,0.5139756724087704,0.4909834770510758,0.0873717825995393,3.902792729315955,0.2004131808791343,0.3849084668496291,0.3088865001558383,0.0722939366717442,2202582.0,40939,1662.0,0.75453446191052,0.4074524117983544,0.3827699824921393,1521.0,1.632958801498127,1.6367326311309711,1602.0,rhode_island,2005,-0.7443511408915735,0.008572987722952896,0.006934636398121162,0.0036441537067609065,10.0,4.0,50.0,2143,871948.0,32779.92792159228,0.3279735911284415,1.0,0.0674235169598306,0.1338830708024029,0.7864780037456672,0.7695825673832587,0.719288337908686,0.2424773415926662,55113,0.4115334178480175,0.5837883405837211,0.1,0.3589255825598605
rhode_island_2010,0.001648981141147,-0.0210587464489163,-0.0160475466818431,0.3933776246122871,0.507763441780699,0.4913399104204843,0.072387653549457,2.89283962247481,0.1976224392210588,0.3888434540293786,0.3181944469250904,0.0667665103846517,2105969.0,38460,3509.0,0.7322566935826604,0.3656174503892157,0.3622443443739119,3175.0,1.1401254855094114,1.290661123918837,3347.0,rhode_island,2010,-1.054212512612585,0.005004502782574131,0.005109458697547364,0.00337599085667065,10.0,6.0,58.0,4158,1718932.0,32788.31955361591,0.3449786734810284,1.0,0.0617299329361573,0.1237104563091185,0.7991243797353331,0.7651119187510904,0.7209787585536762,0.2120035199566609,54378,0.4214076282461932,0.5733695886573388,0.6,0.3883627496422903
rhode_island_2015,0.0161425812987381,0.0016950288276894,-0.0130266963770236,0.4184145664051175,0.4811218944357465,0.4858370895924954,0.0932982292226515,2.639378603948927,0.1915695993146561,0.3936824965979513,0.3192899046064378,0.0572023528138175,2085436.0,35453,5782.0,0.7506787330316742,0.3437970107654768,0.3291390129639961,5330.0,0.8608648453048671,0.9050387691795428,5527.0,rhode_island,2015,-1.1260213781294537,0.004312119869061635,0.004499219583831272,0.0031262799117494763,10.0,6.0,61.0,5462,2348514.0,34563.36003672726,0.3798410653604127,1.0,0.0478533717023079,0.1166785840624591,0.7964560629970234,0.7739011404506686,0.7399212921032584,0.1942454641115987,51184,0.4420501554595278,0.5683441212034995,1.0,0.4133624429647853
south_carolina_1995,0.049249099421694,,0.0316282781260796,0.374821208065377,0.5491087391091234,0.4726476397797834,0.0942509525407047,3.456737668992318,0.2674609449182595,0.3594476474894199,0.2535514809679562,0.1242390305601676,4472416.0,108826,,,,,,,,,south_carolina,1995,0.2047087154481592,0.009945860711031273,,0.006141295899624142,7.0,0.0,21.0,579,221302.0,28631.057475420508,0.2378080928580412,0.7809739252591128,0.0556163144117078,0.1833086449610528,0.7076270146344816,0.7041873254199387,0.6622562008710479,0.3406429443716103,134901,0.362033591734485,0.590843117530295,0.0,0.5663684674979498
south_carolina_2000,0.0302923705100412,0.0070125263683424,-0.0085243533554074,0.3866181043037222,0.5428692913317471,0.4746242357972644,0.0877857363379588,3.3479900442973687,0.2642384303093723,0.3628329073559027,0.2650874486310007,0.112265064069288,9112908.0,196128,1811.0,0.7377232142857143,0.4072522540844999,0.3808603620092986,1648.0,1.643356643356643,1.6868185861020255,1716.0,south_carolina,2000,0.006356677044029,0.00676839972450234,0.002372546670630255,0.005011642218522014,9.0,1.0,30.0,1444,415665.0,27787.838762269417,0.243313942472775,0.7904714455107846,0.0610208260630874,0.1720806866882878,0.7162462577324012,0.704040738830485,0.6591570637857447,0.3256571554204599,252838,0.37456726039852,0.5980630282753157,0.0,0.5711433117220287
south_carolina_2005,0.011532274006524,-0.0130339837928763,-0.0092486035161743,0.3978636614165775,0.5359878562045692,0.4791606142371064,0.0813424096886629,3.0888006873513163,0.2616912993445739,0.3667969770619857,0.2846549342988814,0.0932137582539119,9374483.0,173841,4748.0,0.7246808510638297,0.414713264081009,0.3878415681014878,4376.0,1.7589167767503302,1.7942663807864283,4542.0,south_carolina,2005,-0.2963829862706127,0.0036945027924547087,0.002730998808988825,0.00338643637020484,10.0,4.0,46.0,3331,879912.0,25857.94794670685,0.2542891301562079,0.8313747492023262,0.07726093983271,0.1569863480403391,0.7363069272257593,0.7025224885961638,0.6471934811096439,0.292087576331946,239598,0.3934837292827289,0.6045502388851868,0.0,0.5492634194688726
south_carolina_2010,0.008371640730872,0.0125776560328003,-0.0104955726830974,0.4126505434949816,0.525300086835117,0.483329380143323,0.0851506035776435,2.782952635293313,0.2601426609406068,0.3634802114602262,0.2843496802260534,0.085862594414521,9638502.0,172405,8300.0,0.7262900976290098,0.3817271283833619,0.3684470248824445,7624.0,1.3445272061608382,1.5223923076301076,7921.0,south_carolina,2010,-0.3468448598142764,0.003562286819830357,0.004374619793643663,0.0025902571644223684,10.0,6.0,56.0,5806,1654960.0,25929.471242241645,0.2733373137057172,0.8950346062581457,0.0666896507701393,0.151321659105249,0.7493353951689469,0.7040766919581819,0.6564795904591011,0.2725517092043271,244783,0.4111001981821226,0.6078227332058201,0.0,0.5638425553254469
south_carolina_2015,0.0037350718499128,0.0089917180499195,-0.0027291846880161,0.4268887761526058,0.5108155907590674,0.4830466341976355,0.1008376241397557,2.777046913034852,0.2528271855056206,0.3650326870971417,0.2853634498778864,0.0876193183193434,9970535.0,171639,14127.0,0.7654686921081882,0.3580654613728719,0.3292754613362855,13148.0,0.9759376160415894,1.0475848577553015,13465.0,south_carolina,2015,-0.3262152719061815,0.006585537859424045,0.0030589634992595847,0.0028432909487666924,10.0,6.0,58.0,7631,2295402.0,28258.122067385782,0.3110348557894053,0.9397677985869904,0.0429759990350565,0.146351097778869,0.7526527019380456,0.713970223398131,0.6825263438414231,0.2723219365344432,246351,0.4226160434213525,0.6046578249184132,0.0,0.574828492412084
south_dakota_2000,0.0002142082116014,-0.0353878480231855,-0.0257219794191676,0.3820613458543656,0.5608006996312606,0.4728161059727609,0.090420595388735,3.73634628195304,0.1736274962199372,0.4168526517851391,0.3036201674537636,0.0740498361234347,1528744.0,53384,415.0,0.717391304347826,0.3615478434083521,0.337383810537896,389.0,1.4673366834170851,1.568672122001116,398.0,south_dakota,2000,-1.019718199791488,0.007115772420364353,0.0023657405454376793,0.004472444280968187,9.0,1.0,27.0,999,416242.0,27908.74173214949,0.2663260923149245,0.3835574512966545,0.031297637417649,0.114049839179195,0.7288524258142709,0.7947422718012578,0.769593126553325,0.3097927482995285,67178,0.2997913144761427,0.6159006061233112,0.0,0.5894123686919431
south_dakota_2005,0.0138242258524192,-0.0209882251854547,-0.004531419153136,0.4021131784754884,0.5670244558119989,0.475527638466963,0.0646618690139195,2.9330660627044907,0.1535033079432608,0.4226290331756717,0.31466302711046,0.0512304311294337,1543877.0,29897,1023.0,0.702755905511811,0.3654128851953718,0.3399221591043874,945.0,1.533197139938713,1.5897360999194197,979.0,south_dakota,2005,-1.5121416487824195,0.008738188964689224,0.027848945102354968,0.005059257649381867,9.0,2.0,41.0,2078,825485.0,28085.42962147544,0.2803014338399312,0.4624568330894398,0.0353322286816702,0.1099714066922086,0.7415775647455037,0.8000099706015333,0.7732793802037162,0.2890528854699763,40824,0.3122956418690809,0.623947621673641,0.0,0.5675710318615531
south_dakota_2010,0.0157971457319421,-0.0173294014429916,-0.0027878979207326,0.4294898233054381,0.5621005380943204,0.4739181277435301,0.0486175880120982,2.237829243487284,0.1508569593862595,0.4125056266368593,0.3050637816423898,0.0509125934373035,1538243.0,29650,2349.0,0.7150031387319523,0.3590173536147102,0.3560341536623825,2173.0,1.1499556344276842,1.2525101258393103,2254.0,south_dakota,2010,-1.557212370791064,0.00631109006805713,0.006496611923972755,0.0033935734914749094,10.0,6.0,57.0,3765,1559820.0,28844.04281764128,0.2951822933150287,0.5601261374084872,0.0332695391768177,0.1115553018994936,0.738333479673369,0.7940175745410787,0.7709826288125821,0.2553640441525212,41952,0.3050058185576669,0.6300560293088415,0.0,0.6259517860881325
south_dakota_2015,0.0070154444390991,0.0037866509736384,-0.0065306052877801,0.4279038051177664,0.5530818813802627,0.4697639600849912,0.0706350841487897,2.4277730810236235,0.1481950132619259,0.4094525172426382,0.3100882638236563,0.0538855999382874,1551718.0,29826,3557.0,0.7618715083798883,0.3557271690419973,0.3627308480784076,3350.0,0.8897683963647024,0.9403830961404152,3411.0,south_dakota,2015,-1.4571943857891825,0.00560963899876765,0.004915306551878861,0.0027884233017660865,10.0,6.0,59.0,5553,2280812.0,30772.05618002492,0.3182667685043108,0.605162563761163,0.0252655541205418,0.1115279124579505,0.7371837593249911,0.7966447201942353,0.7782442069496849,0.2356242353544968,42488,0.3210774206906391,0.6256141579664567,0.0,0.6478391249267976
tennessee_1995,0.0396966741145008,-0.0602926459252792,-0.0256849312882198,0.3585167753759374,0.5268533018440065,0.4613171834464895,0.1339707768684583,3.845062679823002,0.2952244195842832,0.3601196544452835,0.2633111696790506,0.1525269133492028,6397542.0,159193,,,,,,,,,tennessee,1995,0.5848040716202276,0.01843696053307946,0.017030133242621162,0.00768461079449278,9.0,2.0,25.0,812,366226.0,28538.27810159554,0.228166482150883,0.6802949798093619,0.0503163656012689,0.197103053370555,0.7085868871656805,0.6866410833120195,0.6484533764527519,0.346688812627639,196648,0.3469598129781464,0.5760379784031217,0.0,0.526205566326864
tennessee_2000,0.0039843630088668,-0.0205015956806917,-0.0310327544438062,0.3732686079693607,0.5261910231768764,0.4643304395245644,0.1168902927133545,3.546861070132401,0.2868488095836645,0.3634651686339078,0.2714505845990128,0.1369754419189839,12994172.0,284267,2606.0,0.7531865585168018,0.4066706518244172,0.3684867742106844,2370.0,1.574818986323411,1.5651994917768646,2486.0,tennessee,2000,0.3053357586434674,0.004217170777968308,0.010097640663544037,0.0034886663868204694,10.0,4.0,44.0,2117,881101.0,27939.07785209168,0.2343809354842829,0.6943101649573434,0.0570997579834122,0.1798758739732595,0.7219799048644979,0.6907997171743143,0.6484904025980783,0.3294590810540827,362983,0.3571748445619847,0.5818484648297622,0.0,0.5559326134742473
tennessee_2005,0.0094656100563117,0.0072636462421068,-0.0094787012938262,0.3864410225527478,0.5233991187970729,0.4722654445637823,0.0969784717310513,2.992376049957471,0.2781633907168792,0.3699817166707243,0.2889762539697147,0.113086226906138,13179615.0,247806,5799.0,0.7571230020847811,0.4144283751238659,0.3805718641356105,5326.0,1.6362491000719943,1.636523066606025,5556.0,tennessee,2005,-0.1376020733797218,0.005104867298427742,0.006923332858727002,0.00351647043598476,10.0,6.0,60.0,5080,2036214.0,26440.79285684955,0.2497757293419756,0.7569493745809384,0.0712366200130094,0.1539426164709169,0.7485777264580498,0.6924394401256333,0.6419021913547804,0.2988682708271797,335749,0.3752533157523851,0.5937840418984115,0.0,0.5899127166432425
tennessee_2010,0.0135614695774884,0.0090127356917323,-0.0080519958496963,0.3962320656070573,0.5100527410363049,0.477302183041502,0.0961731961497622,2.818528451902253,0.2736375195153037,0.370241641566736,0.2950620512827367,0.1010136571478507,13270538.0,244022,11607.0,0.7432575356953992,0.3787100512041769,0.3565149462238619,10667.0,1.1677018633540373,1.2697569628203005,11109.0,tennessee,2010,-0.2798800389099281,0.006150089284670394,0.005142049898784658,0.0034858764676693973,10.0,6.0,65.0,10666,4210029.0,26647.45049254173,0.2730994653966282,0.8488285421215275,0.0612224487107621,0.1425517197909332,0.7642728578673365,0.6950703520210076,0.6515106821967149,0.2769909804529971,340891,0.3987927040549595,0.5969247176960343,0.0,0.6198770728577802
tennessee_2015,0.0115181918668825,0.0070777069389517,-0.0114119528522244,0.4105188066968689,0.4889437693876631,0.4767480466547598,0.1149810474723413,3.128245922990125,0.2607960152948061,0.3712094078348535,0.2956981638681281,0.0959101664666793,13652582.0,242231,20497.0,0.7430131288184063,0.3555134855165734,0.3263709315336474,19229.0,0.921759894325052,0.9383437598011182,19683.0,tennessee,2015,-0.2540235447866238,0.006599104426185659,0.005700224724678958,0.0032178172952963694,10.0,6.0,65.0,16739,6225419.0,28752.87176044068,0.309467295252068,0.8697698672679408,0.0414830931764243,0.1371132504602409,0.7685771484269593,0.710088665181731,0.6787323020715198,0.2612540641401033,340995,0.4178310372476128,0.5897838452345449,0.0,0.6350422108160834
texas_2000,0.0046231680663978,-0.0031423916150436,-0.0253567963796797,0.3771311224144417,0.535424138534414,0.444808974357624,0.1871620068069862,3.4129650203594224,0.3295543676691594,0.3240548456746228,0.2370930984569742,0.1704363631338266,48315726.0,1019681,11977.0,0.7296389588581025,0.403042053145892,0.3782125735510332,11044.0,1.691830493665356,1.702504040805371,11445.0,texas,2000,1.3049394285003586,0.007329408938544163,0.007587243287755962,0.003399603627453198,10.0,5.0,60.0,3877,1900226.0,30401.25405160245,0.2608929260608174,0.873407587084325,0.0537446833019562,0.1163596469741036,0.7510007550554142,0.6829485997845444,0.643094146184834,0.3158380112087209,1260537,0.3574256666474951,0.5514529502111719,0.0,0.5946746626553786
texas_2005,0.0162150359047017,-0.0001014579167633,-0.0126106011565456,0.3819227583572961,0.527108399436869,0.4495539373446109,0.1693403812692422,2.8109319485273687,0.3221661595889478,0.3259374283844188,0.2455708871894648,0.1540278558870863,51967960.0,955521,27430.0,0.719275692352898,0.4017105402743231,0.37498228242662,25283.0,1.7089623179588578,1.718595471748669,26299.0,texas,2005,0.986953444539454,0.004401757281238925,0.002941468013587951,0.0033477479853471,10.0,6.0,64.0,12560,5691291.0,29537.08541773058,0.2710723295601654,0.902884873780014,0.0576418870638772,0.1060757093246914,0.7585403961781073,0.6924354513712642,0.6495757156261055,0.3003310741161548,1245576,0.368593895196892,0.5574876177475186,0.0,0.5697191698302355
texas_2010,0.002252375807625,-0.0033407520527177,-0.0086037807519474,0.3938065391484996,0.5116386820310577,0.4546666144672444,0.1642686875280797,2.472325264974792,0.3213978701692991,0.3256716818525696,0.2491930024387032,0.1447980810742897,55549014.0,990921,54109.0,0.6931045733862635,0.3613648214025229,0.3506979214316904,49633.0,1.2540932843042385,1.371754228394828,51670.0,texas,2010,0.8524466520768442,0.005286931562635049,0.00955017464964079,0.00276130356234996,10.0,6.0,65.0,22381,8884195.0,30124.86862606411,0.2911418661247464,0.9421841918558396,0.0510075284375614,0.0966350783701627,0.7672698578567859,0.6966105541764602,0.6591476507593785,0.2905490843723213,1329115,0.3834045470148126,0.5618172360033138,0.0,0.5636056139653919
texas_2015,0.0072985711381845,0.0024571990558465,0.0001575525150353,0.4117368028521114,0.4922835340061128,0.4563864733972244,0.1624707009668405,2.260261579089324,0.3049274407558692,0.3339457644274706,0.2586591042198085,0.1325445476546015,59097548.0,1000809,85266.0,0.7075712330471569,0.3424811879389537,0.33304088236918,79570.0,0.9826197957580518,1.0549058864736574,81472.0,texas,2015,0.5868838240757835,0.004730736029704728,0.008270708199743123,0.003065571548694268,10.0,6.0,65.0,34310,11851541.0,31829.395268179363,0.3273897427547705,0.959022418568143,0.042211884241614,0.0921106280488054,0.7745882351196114,0.711701712751388,0.679956937671301,0.2789889474734243,1354162,0.3973720493361167,0.557150899118848,0.0,0.5482766023852025
utah_1995,0.0204418822584568,0.0106650964904204,-0.0041152758773224,0.3486846907632021,0.5138518774169158,0.4391210821589963,0.2743581750155422,8.1019310794576,0.3409374223210727,0.273356228442384,0.1776234172348387,0.2101331210399071,2228299.0,61007,,,,,,,,,utah,1995,3.1716535060725293,0.006964939677747763,0.01989658549004061,0.004949346347757462,9.0,2.0,29.0,1028,415367.0,29896.98148827413,0.2740636221479554,0.8564387939391657,0.0479347096361103,0.1301925683831312,0.7600722112616042,0.6779174499984578,0.6440980796772666,0.3432556322513781,71981,0.3057309170879265,0.4968335224632619,0.0,0.6903047747023411
utah_2000,0.0146822143049627,0.0004590984953259,-0.0196370186675713,0.3510913330821187,0.5103285304616582,0.4391628447508371,0.2776422653431836,7.695332487381478,0.3465850542022175,0.270768852166644,0.1793276806825811,0.2115588341365579,4825647.0,111514,1839.0,0.6269230769230769,0.3893513353133995,0.3737673058430207,1715.0,1.979672501411632,2.006053215077605,1771.0,utah,2000,3.160909866197745,0.005812971505716944,0.008254798071287024,0.0033382000170911093,10.0,4.0,41.0,1668,714343.0,29770.14312843313,0.2843105608228578,0.8582926843270572,0.0425784610709328,0.1254533856533461,0.7592614539967897,0.6820162747248193,0.6521374255370033,0.3490027103413829,134765,0.3066395873543198,0.4991099030584296,0.0,0.6986610198806208
utah_2005,0.0146623684591515,0.0217622434307713,0.0034692058832435,0.3562772287011044,0.501429208670997,0.4406538054886963,0.2711423677795141,6.909632436462832,0.3519047443128402,0.2716232807373328,0.1893660214901888,0.2047044051880374,5338445.0,103158,4633.0,0.6443523767989533,0.3887969743031294,0.372487200751785,4334.0,2.050468959356856,2.065037072349673,4478.0,utah,2005,2.9498376563856143,0.0039123819600642325,0.0040961644999522005,0.002985898187599069,10.0,6.0,52.0,2753,1213372.0,29010.77579845461,0.3008921063376293,0.8867630101806723,0.0473582174766858,0.1204203006289979,0.7683000782105935,0.6842063825721384,0.6514045480603861,0.3458980274448195,130631,0.3127458632209682,0.5020080543396004,0.0,0.6957627513394378
utah_2010,0.007692888724361,-0.0031053169230344,-0.0056148333076476,0.3738354448108305,0.4847851291749281,0.4431484613315936,0.2736060899864255,7.125536983160142,0.3436801274470084,0.2735910328361108,0.1952235480317497,0.193813613209567,5690519.0,108466,10935.0,0.6612453531598513,0.3709974544601804,0.3593178138830561,10157.0,1.4714041421242636,1.7277014808859683,10526.0,utah,2010,2.85658124898347,0.005689002315434273,0.0033319647700247685,0.0029109129909033584,10.0,6.0,61.0,4597,2072341.0,29991.68744429754,0.3258735912336193,0.9331312822012736,0.0406558526233989,0.1161118589654993,0.7794152301529712,0.6889117958064479,0.6607484883804254,0.3433406410431605,140310,0.3304615498831741,0.5037763834324546,0.0,0.6850454362027938
utah_2015,0.0078176771539825,0.0027426936244892,0.0005323669248184,0.3877846526134448,0.4703901890831193,0.444509661792386,0.2689261315817921,7.218326823819723,0.3172994897752166,0.2822804852108671,0.2017922049570993,0.1782275006514271,6214343.0,119317,18392.0,0.6854452337683793,0.35724668822479,0.3485620555648345,17327.0,1.171742189698846,1.310485276619376,17765.0,utah,2015,2.5842683196270677,0.006248718881128642,0.0024489614111779844,0.0027841181713759407,10.0,6.0,64.0,6790,3107378.0,32964.42910692556,0.3650082086908131,0.9526441398588724,0.0268856709648536,0.1126647438880089,0.7797584887515813,0.7094691725072151,0.6897787033859791,0.3317230242174297,153579,0.3460388713676186,0.5067839845412683,0.0,0.613939510279874
vermont_2000,-0.005586480925311,-0.0278905457958886,-0.0150225621451449,0.3912502640031705,0.5279132513669771,0.4833153657257114,0.1220198838359669,4.692651214266434,0.1869135998126594,0.4022155485763979,0.3070497350284875,0.075022204288547,1346327.0,41531,397.0,0.759493670886076,0.3967598026456935,0.3732665960169197,369.0,1.498694516971279,1.4833906071019474,383.0,vermont,2000,-0.6488202489250413,0.00460944860164547,0.005208608517298848,0.003678268556417677,10.0,5.0,50.0,1685,817275.0,30564.885443520165,0.3387317454967651,0.3326293522410935,0.0378627617665279,0.1459560275693116,0.7355189365192782,0.7863842382435062,0.7593883629611768,0.2581468951178757,53340,0.3950057958705856,0.5962072511631489,0.0,0.3845315507487911
vermont_2005,0.0106900575867342,0.0019563863661878,-0.0102168524650126,0.400573185762587,0.5289900310934587,0.4874300438776167,0.111184791815182,3.8481272511739633,0.1821278109461981,0.4071934035702488,0.320595458410794,0.0688972163871186,1274647.0,23976,1326.0,0.7547746371275783,0.3916530845516436,0.3594516574882013,1225.0,1.4368088467614537,1.392482493191797,1266.0,vermont,2005,-0.9620430991825956,0.006167998743524827,0.007693736278647544,0.0031486822250200307,10.0,5.0,60.0,3500,1550036.0,30142.663450725136,0.3577558280150765,0.3380036896786095,0.0471842909132385,0.1324082518871107,0.74930325228739,0.7895310282243991,0.7549090211043116,0.2161240705333961,34009,0.401752186751351,0.6000792788212446,0.0,0.3142677971713563
vermont_2010,0.0127375118835481,0.0067174648309061,-0.0011491104010359,0.4072430510865878,0.5134568488206115,0.4906669958581468,0.1012027651422876,3.6573509848585175,0.1693278277860107,0.4209933282788907,0.3481887882874205,0.0566920559984656,1191044.0,22474,3993.0,0.7390909090909091,0.3589706520940157,0.3356679506353649,3697.0,0.9847649067507224,1.1113262863603466,3807.0,vermont,2010,-1.377175273310302,0.005616785010308959,0.006284333028863135,0.003221157294147339,10.0,6.0,65.0,5488,2410591.0,30339.50592804436,0.3775938236538345,0.3489671843838762,0.0402516393682292,0.1241903842230638,0.7630644364495723,0.7885244884715223,0.7590131842647733,0.1719334351028498,33551,0.4300491229239386,0.5988930351322282,0.0,0.332831574248945
vermont_2015,0.0210557635002522,0.0044667841801706,0.0049697113002953,0.4175811538630304,0.4898445140800378,0.4929818111165912,0.068040610831513,3.2724867174934005,0.1460510183470005,0.439713699956525,0.3754198275303119,0.0310708605200598,1156115.0,21449,6849.0,0.7389319945230488,0.3466012525320119,0.3224124874979182,6414.0,0.8252947481243301,0.8688047745853101,6531.0,vermont,2015,-2.036965588938717,0.00818512791285831,0.00487661659504541,0.002938970274586805,10.0,6.0,64.0,6408,2810898.0,32578.007705846187,0.4193405650631367,0.3992251015713679,0.0288106985344714,0.1134322629769863,0.7702059652783516,0.8016942492180436,0.7813755844079768,0.1534156521352359,32447,0.4507835908011985,0.6049992972379552,0.0,0.3337638974584432
virginia_1995,0.0034658182738155,-0.0432690046169107,-0.0273798463760353,0.395624516978342,0.5085408553782523,0.4673488495591508,0.1709759378652116,4.749281499121842,0.2681104126216888,0.342834981598314,0.2476395578431723,0.1353665692959587,8229321.0,205709,,,,,,,,,virginia,1995,0.85171389606664,0.005791717111414492,0.002365740545437676,0.004819896014359157,9.0,1.0,37.0,1203,418453.0,36370.028787372365,0.3386681652822944,0.7466641800711035,0.0366833831068583,0.1153388030491616,0.7694686165525383,0.7260657354195417,0.695829842784762,0.3118205861179385,250659,0.377629243608625,0.5383395833324895,0.0,0.5311384250881006
virginia_2000,-0.0053445716824372,-0.0344368922327263,-0.0336124533847461,0.4032356303652286,0.5070456581273255,0.4686840633705139,0.1687574079923108,4.404137160938241,0.2613608457018251,0.3440778135130884,0.2494992035896301,0.1254739356828884,16654309.0,367526,8561.0,0.7162511759172154,0.395390068891375,0.3787898295173366,7239.0,1.5407840272705138,1.5675256715504955,8214.0,virginia,2000,0.7014183515858677,0.005669007293059106,0.007338054319868035,0.003754827487693374,10.0,5.0,50.0,2593,874221.0,36878.41683669612,0.3481396477778652,0.7594563245699424,0.0378824228662168,0.1048867283262092,0.7767337234148202,0.7339242769428906,0.7031981393529917,0.3001029728817362,461644,0.3842854557655346,0.5413409115206771,0.0,0.5169944953774525
virginia_2005,0.0065720183605313,0.0008475802536353,-0.0123456714317761,0.4121885563628932,0.4964126485462305,0.4731341969750319,0.157901791991599,3.500483597261365,0.252324032080225,0.3477125159654613,0.2612135306194441,0.1063292710811918,17085787.0,325153,17970.0,0.709583356698256,0.4009186791849522,0.3827988654772191,15902.0,1.6228034564750913,1.6481077767956378,17243.0,virginia,2005,0.3156890848769899,0.006297530280776961,0.004287694463200346,0.0030637761421164955,10.0,6.0,64.0,6404,2302768.0,36379.85030553035,0.3671415114092229,0.8264553648755382,0.0471918234802749,0.0882617084286803,0.7974406579686439,0.7437230145694926,0.7073502085536103,0.2783249534948155,431088,0.396237436859706,0.5476945097463858,0.0,0.4742501945255398
virginia_2010,-0.00147751660183,-0.0131349423008028,-0.0133007926598747,0.4189335517117928,0.4770454342409486,0.4760235414884944,0.1432459044054181,2.7699823275218165,0.24471846708304,0.3509449025876272,0.2706229096034108,0.0975919591626709,17255714.0,322989,29635.0,0.6844375514951776,0.368264070845188,0.3600812105226825,27165.0,1.2552079655391568,1.3999725931759277,28322.0,virginia,2010,0.0159299671700512,0.005651161541646401,0.004448986622998889,0.0031038025618204818,10.0,6.0,65.0,12677,5098074.0,36388.72476811623,0.3913859120623997,0.9311146388303584,0.0453527631750117,0.0788631311098644,0.8126487789885098,0.7487143405483005,0.7137011264316027,0.2606243724794586,441148,0.4100570581892769,0.5528605885399657,0.0,0.4760312351704041
virginia_2015,-0.0054684090849642,-0.0034539593057142,-0.0128819144539272,0.427921276872488,0.4624422248898384,0.4754697268090914,0.1335803974210435,2.2937631564999776,0.2305535029210097,0.3573619357718688,0.276015707340478,0.0904339353205939,17141689.0,313633,41561.0,0.6922236386814787,0.3477222041469697,0.3335646772032273,38588.0,0.9675478348439074,1.0645654489062637,39720.0,virginia,2015,-0.2441560443669534,0.006544179232798529,0.009031871220846357,0.0032642918237911567,10.0,6.0,65.0,17093,7390459.0,38128.04851327342,0.4256004570859623,0.9740767043048169,0.0347474833605071,0.0753148087176597,0.8155950733526383,0.7582178214438888,0.7301857545335864,0.2437378115915974,434812,0.4259409397862381,0.5498592178376801,0.0,0.4635776277003143
washington_1995,-0.0040011986358576,-0.0422887217437846,-0.0142698685323365,0.3824839782912075,0.5121438852608371,0.4584568513912142,0.2089564171989867,5.743899091073139,0.2938121103694254,0.326087958120037,0.2328945885314891,0.1327211996523837,6709232.0,171877,,,,,,,,,washington,1995,1.392101313994844,0.007814746755208211,0.010912585016268874,0.004110702771938509,9.0,5.0,43.0,1453,623157.0,33898.87570611373,0.3125972610353719,0.8245455401865908,0.0651402226526631,0.1313236761998523,0.7615158863100445,0.7091231111232154,0.6658899670313433,0.2928973074739899,207741,0.3802570702784693,0.5231592453567916,0.0,0.4540467948745345
washington_2000,0.0034141417138853,-0.0081845594090517,-0.0088569021399312,0.3921029351930089,0.5098476792308179,0.4588518383577126,0.1944614005821202,5.087562029179921,0.287738223162478,0.3281960068877513,0.2360580810075365,0.1303250664872521,13672008.0,304853,6487.0,0.7370703004026015,0.3929945035567617,0.3698960314375592,5988.0,1.494106248990796,1.5239344810957436,6193.0,washington,2000,1.184247012378849,0.004544721840553843,0.00702722149954042,0.0021279841122426642,10.0,6.0,60.0,4596,1898281.0,33869.336037373454,0.3152090039309961,0.8307096788064198,0.0590746938282275,0.1268464087421958,0.7587490832750982,0.7127257408048339,0.672416594782984,0.2891766535252745,383178,0.3788272166199621,0.5258901699050753,0.0,0.4488555483501089
washington_2005,0.0087547716752392,0.0083396509308864,-0.0044641496660508,0.4027662598352735,0.501921360417696,0.4609706447405938,0.1822419638062044,4.175118331225157,0.2818670186565987,0.3321986354419222,0.2472860701208342,0.1236356825656563,14026445.0,267043,15076.0,0.7252071638599304,0.3902405138387864,0.3671460331892991,13945.0,1.523483433630767,1.5339261594425508,14457.0,washington,2005,0.8691911192327378,0.004597367855779022,0.007816003990878173,0.002868801055298636,10.0,6.0,65.0,11362,4193467.0,33113.03015126295,0.3238808277767971,0.8685254731198501,0.062774652204366,0.1195298747570796,0.7651595704659685,0.7153216674641092,0.6715086370095845,0.2714729912942075,360044,0.3865742866650525,0.5295721334745286,0.0,0.418098374636346
washington_2010,-0.0003338131554398,0.0018190085669873,-0.0085705873083613,0.4126274348918971,0.4901465657817916,0.4607586428651721,0.1850219632738408,3.737907888967108,0.277059080556792,0.3339658329745422,0.2541402177847773,0.1204268115634211,14509394.0,275484,34325.0,0.6972183588317107,0.3472463173107472,0.3414468646198345,31598.0,1.0932580841976816,1.230375520366096,32780.0,washington,2010,0.733599263157921,0.005440815420365718,0.006934664692736992,0.0028243502201427385,10.0,6.0,65.0,18791,6623870.0,34609.21075468861,0.3477491612441951,0.9244585157907,0.0553070820288735,0.1111928175586141,0.7758056326711835,0.7183069275832918,0.6792954855256695,0.260608769292422,379964,0.4002644972153341,0.5298207315795417,0.0,0.4179238526465669
washington_2015,0.0102640366431044,-0.0056498240321957,-0.0069644660584865,0.4259510878884398,0.4751076531519155,0.4590264881498003,0.1781979143330152,3.3119307744712074,0.263868758215789,0.3429880928479448,0.2656342698555873,0.1152553439163069,15316988.0,289411,53353.0,0.7015757699785122,0.3269237791437577,0.3161333130681463,49861.0,0.8773173071276158,0.953589298006494,51083.0,washington,2015,0.4531342087999401,0.005753361808518857,0.004788656527342471,0.00262110547704824,10.0,6.0,65.0,22720,8358966.0,39096.76049161564,0.3874749244608115,0.94115264597067,0.0407964427762061,0.100694246036154,0.7825702764724736,0.7313444277043332,0.7016186394824548,0.2512254154942344,394497,0.4158617636309516,0.5244582655757991,0.5,0.4060759662514626
west_virginia_2000,0.0388314750424009,,-0.0004625232908034,0.3715417894808553,0.5955206128310031,0.4631626860131385,0.106286805542819,3.4114843757750606,0.3428212104309815,0.347806960459361,0.262442509108226,0.1277486762126616,3801631.0,98984,874.0,0.7764976958525346,0.4184616712715445,0.3849329132263386,795.0,1.424969987995198,1.4641955039151302,833.0,west_virginia,2000,0.5547822468771729,0.00691503553796247,,0.005481257711899574,8.0,0.0,30.0,835,318519.0,23384.419791829,0.1813469202154087,0.6071655744813143,0.0542468341066591,0.1124509670553026,0.7550937447486137,0.6160131996270556,0.5865224967733793,0.3128288707722827,129982,0.3847228087332103,0.6033236605614934,0.0,0.5546517613760672
west_virginia_2005,0.0070296321939467,-0.0194135064570816,-0.0135924776312552,0.3791230512842897,0.58083890406855,0.4684415142387307,0.0784490979559178,3.1961117626198003,0.3192848959022791,0.3520512768646463,0.2699288868001533,0.1023306507665908,3654698.0,68147,2895.0,0.7208898157803267,0.4128452271817383,0.380986299169513,2688.0,1.5437656305823508,1.5824147509578543,2799.0,west_virginia,2005,0.1414785325303808,0.0049874773368295015,0.004529247061532385,0.003923933349801906,10.0,3.0,47.0,2706,991714.0,23470.38468951477,0.194973967920759,0.627767069407037,0.0593184986289103,0.0995702847857492,0.7669879469968258,0.6264122781637265,0.5948903124476199,0.3114448561518599,96640,0.3960091158949639,0.6124786726237129,0.0,0.6017402069958999
west_virginia_2010,0.0048943476350809,0.0001436560073547,-0.0001227134699365,0.3895977643616106,0.564486465610118,0.473094699696834,0.0404373601650474,2.748732468785456,0.3035787054562304,0.3622580166472617,0.2843370043856521,0.0796762535600201,3446985.0,63717,4571.0,0.6837455830388692,0.3790488023147159,0.3531065629200508,4268.0,1.253393665158371,1.3443992420864914,4420.0,west_virginia,2010,-0.3742007610853042,0.0067337785885963454,0.003311087844593375,0.0032535452974418603,10.0,6.0,61.0,5631,2049783.0,23622.0635901948,0.2112214881512042,0.6643575048627283,0.0613594094726135,0.09044731905972,0.7846029441740291,0.6314383485898307,0.5987816975247306,0.2931979790545709,93052,0.409185601216421,0.6185263456690699,0.0,0.6791767494166925
west_virginia_2015,0.0029245636531283,-0.003545883667866,-0.0063723948599413,0.3980174409776761,0.5457200908613576,0.4740580975942715,0.0380299654666035,2.739676690692143,0.2845109299679184,0.372520236587111,0.2983466046778903,0.0640005912425863,3258416.0,59402,5956.0,0.7018006148440931,0.342112768517652,0.3023571969836132,5613.0,0.8646341463414634,0.8561269063769172,5740.0,west_virginia,2015,-0.6790214328468201,0.007131349232138279,0.0034906498779459874,0.0030989450164727733,10.0,6.0,64.0,8381,3147851.0,24578.71457240832,0.2378708846984016,0.7272723785663755,0.0506959001438523,0.0888795972364002,0.7950035392613928,0.6497650214578122,0.6212072915672843,0.2586670349600495,86517,0.42607058080769,0.6146255831436517,0.0,0.7110115894841386
wisconsin_1995,0.0027021807413311,,-0.0313822093233082,0.3861130032690369,0.5301888752014214,0.4764401085975033,0.1357138043177621,5.064571615469916,0.1980535458518491,0.3673017014908867,0.2557206260664934,0.0842745520501876,5806707.0,154643,,,,,,,,,wisconsin,1995,0.0524337586933062,0.012036411975399296,,0.006405801803401709,8.0,0.0,27.0,1043,345026.0,31519.364590891237,0.2563923632272711,0.7197365907631701,0.04918786563287,0.2277673536780974,0.6777851959329813,0.7715600539612683,0.7376978598680595,0.3154091842961863,189374,0.3542389912616489,0.5838713084389877,0.0,0.4792464392037425
wisconsin_2000,-0.004273849681421,-0.028864997157911,-0.0249418499908325,0.3960654377223531,0.5277797910752892,0.4771255535747274,0.125048188515447,4.553417371208958,0.1919668489911647,0.3717887951104119,0.2622983038067085,0.076549059602923,11607243.0,271880,6443.0,0.7187159108617734,0.3776611839700609,0.3493584649306454,6002.0,1.3891056910569106,1.4156911247541275,6150.0,wisconsin,2000,-0.184121257924086,0.005711766002647823,0.007077337878920415,0.0036227528241499427,10.0,6.0,48.0,2974,1054711.0,31392.7237796505,0.2675138211556586,0.7251942175815613,0.0490562019958597,0.2219294861839464,0.6825379409954436,0.7778015738615934,0.7440911272415005,0.3001062604618213,344649,0.3606063869655257,0.5871368802457737,0.0,0.4754581672491818
wisconsin_2005,-0.0019991812463884,-0.012176093485817,-0.0118919542386625,0.3993133766332757,0.5239380660071143,0.4817899741173398,0.1063043840349179,3.604103890514331,0.1814051302985922,0.3841717635687792,0.2854762660546336,0.0584352103495007,11474462.0,227201,14803.0,0.7142760027192386,0.3771958808800415,0.3491366224820788,13825.0,1.4237455134069956,1.4323938499610516,14209.0,wisconsin,2005,-0.7244761282613342,0.004396502312711141,0.006621587396020114,0.0031620996508281473,10.0,6.0,62.0,7093,2649584.0,30290.004540631475,0.2853874019111763,0.7688839149595625,0.055478646344129,0.2104369269827935,0.6968842232028463,0.7839666147998468,0.7458682059746419,0.2654595230113958,310424,0.3746533207197554,0.5951627618711309,0.0,0.4474044588465459
wisconsin_2010,0.0086551225012966,-0.0026725651579439,-0.0042171529399258,0.4061049941978361,0.5113813924210839,0.4837988123047317,0.0926640834412806,3.107444097128223,0.1750555574350674,0.3889142312182371,0.2970855521264417,0.0534915241576745,11121865.0,212990,26865.0,0.6983743183455088,0.3582461405887554,0.3388487661720116,24864.0,1.1031662577403902,1.181359936644815,25677.0,wisconsin,2010,-0.9858015161511164,0.00612366684752141,0.004973807125201439,0.00301004241868179,10.0,6.0,65.0,12367,4675224.0,30679.64961497172,0.3061838793067364,0.8357833867713536,0.0455642612051392,0.2020161866615379,0.7071249725099606,0.7845959007624604,0.7524328812481388,0.2478516121232148,307347,0.3940663399807173,0.6000520307103805,0.0,0.4847227952757865
wisconsin_2015,0.0108129762026968,0.0091545691484885,0.004995746489041,0.4291259418608063,0.4954440114345957,0.480125352435871,0.0969623797896078,3.0943795636188014,0.1673081283812424,0.3918515066586062,0.3001543917411445,0.0550228858133242,10828131.0,204710,38106.0,0.709771001790013,0.3462137931641118,0.3261057978587847,35673.0,0.8853681267474371,0.9291514514078424,36482.0,wisconsin,2015,-1.0288568960984876,0.006388262470938751,0.003772297156539278,0.0027713704860883254,10.0,6.0,65.0,15877,6254087.0,32496.648970239454,0.3366018370642102,0.8666819863565607,0.0272331524057149,0.1970071359831026,0.7078707047811825,0.7878269421430774,0.7677274442702869,0.2419823435301018,303012,0.4132957659261553,0.5974653120110394,0.0,0.5017520672088942
wyoming_2000,0.001319208566747,,0.0068258968853167,0.3985897051402208,0.5855105737992579,0.4540676385891835,0.1510954091474867,5.936509904890229,0.2400889911176368,0.325242331550241,0.2136248604609027,0.1298698257035905,1056373.0,36619,339.0,0.7857142857142857,0.3821217776871615,0.31184901005407,303.0,1.5233644859813085,1.6156567758815483,321.0,wyoming,2000,1.1238912364846363,0.0073538232704541805,,0.005549993902997794,5.0,0.0,19.0,531,213455.0,30462.489213793888,0.2422859594052063,0.4534893128360682,0.035559514583251,0.0536427398235321,0.7287616883034348,0.7506365306811908,0.722128795307164,0.3758053697517981,46595,0.3528774169486521,0.590932362581602,0.0,0.6928567738952823
wyoming_2005,0.0210265831277029,-0.0050094281664676,-0.0038430179867449,0.4259911564833961,0.585458282670447,0.4533841754051477,0.1316780849737283,5.034526573072021,0.2323986264836447,0.3267875450297325,0.2220587390587788,0.1200544069809805,1087336.0,21169,628.0,0.8089887640449438,0.3842866333151063,0.3204342845286013,572.0,1.5759599332220366,1.5857534553186727,599.0,wyoming,2005,0.7940292957813254,0.007366158175160802,0.001839071191070801,0.00281178641257231,9.0,3.0,41.0,1478,664387.0,30802.36814954675,0.2513590031265105,0.4416549926742706,0.0394203456742573,0.051988164757248,0.7324518643035115,0.7571481062372888,0.7275140298732239,0.3488325457640067,29361,0.3621507606707637,0.5973940649439766,0.0,0.6886132868330868
wyoming_2010,0.0251273189057773,0.0204765762754049,0.0059221694977703,0.4164417858832718,0.5768657746119132,0.4530603391021916,0.1352056545617247,3.4629610404719813,0.2340802280280526,0.3318169865402298,0.2326242068846167,0.1160336595225837,1081369.0,20711,1028.0,0.7560975609756098,0.341011500243859,0.3267313338787351,939.0,1.1346938775510205,1.255905889884763,980.0,wyoming,2010,0.4796101138815103,0.004978645494140269,0.006569378844088466,0.0028310545543940146,10.0,5.0,56.0,3587,1503880.0,31128.33349242912,0.2684804322886446,0.429672617391696,0.041982005778232,0.0473858818482557,0.7378470980953087,0.7458545755993833,0.7178687599676554,0.3270813550822556,29823,0.3816913087380718,0.5951698816668808,0.0,0.734329768203376
wyoming_2015,0.0143599447893585,0.0083439488479799,-0.002336832631478,0.4017564718689835,0.5552812088627039,0.4538868284953575,0.1312633866843781,2.80413215576094,0.2231744686449662,0.3413685212863523,0.24292861663926,0.1070662342245862,1048188.0,19917,1637.0,0.7565674255691769,0.3359675292902088,0.3060415358165798,1527.0,0.8995549904640814,0.9959204580795054,1573.0,wyoming,2015,0.1683490718091834,0.00550899053221736,0.003006208320171331,0.0023149363743880003,10.0,6.0,60.0,5831,2404993.0,31656.784495167416,0.2893313698532924,0.4243989445559097,0.0339071931637208,0.0459999232666101,0.7488333036863418,0.74699448606199,0.7249693670110557,0.3056986775566171,28604,0.399650676062276,0.5936773053909596,0.0,0.7388830900961544
