state,occupation,d_rnd,d_share
alabama,administrator,-0.02078837640000364,0.04619230368336413
alabama,architect,-0.006223941641815389,0.11031028778051188
alabama,artist,-0.02015382620799533,0.033852328436133505
alabama,athlete,0.013491081137209981,0.12417176930038648
alabama,attendant,-0.03893852781062612,0.03319580402219663
alabama,attorney,-0.017340153182770268,0.06174482407716081
alabama,author,0.019311272999060214,0.10050127694431266
alabama,banker,-0.010689744348011287,0.01892926230214731
alabama,biologist,0.037589533325816715,0.2015624204374804
alabama,carpenter,-0.01861739725267253,0.011469634446836099
alabama,chef,-0.00043032135175835595,0.004644505325545223
alabama,clergy,-0.021260256089367213,0.011176689771297987
alabama,clerk,0.025266617642940803,0.02682418205973436
alabama,coach,-0.0017702684613906117,0.12417176930038648
alabama,consultant,-0.04195637114014206,-0.03281734872399383
alabama,contractor,0.016834249902115905,-0.003713460890973602
alabama,counselor,-0.0017870292161630275,0.02161837462585281
alabama,custodian,0.006818651786231866,0.0285635417380109
alabama,dentist,-0.026661496221625502,0.049532223609745296
alabama,designer,-0.031104392478865317,0.008567456726399025
alabama,detective,0.022982204224348268,-0.023644893609234496
alabama,dispatcher,-0.0008904502050350871,-0.030080492164330286
alabama,doctor,0.01747590095525986,0.07765871056181789
alabama,driver,0.018791925594681347,0.023430998842143003
alabama,editor,-0.0058349174666954,0.17435202782288262
alabama,engineer,-0.009113081370621279,0.01362459046900849
alabama,executive,0.016782690508895914,0.02475674353538171
alabama,farmer,-0.010591883235465005,-0.026754212579494008
alabama,firefighter,-0.006320094039722557,-0.0123668479459791
alabama,inspector,-0.025454496127861548,-0.009741874715864518
alabama,instructor,-0.007826071092381426,0.005904780052100156
alabama,journalist,0.033738510195971405,0.08180550154963684
alabama,judge,-0.0031357152800408628,0.06174482407716081
alabama,lawyer,-0.012265817109566202,0.06174482407716081
alabama,manager,-0.020300706295180326,0.020073090961420514
alabama,mechanic,-0.008114070483573266,0.017499625501411303
alabama,musician,-0.01640723778786979,-0.07019883035018942
alabama,nurse,-0.03703698165884228,-0.011590056506982638
alabama,painter,-0.02034620639225193,0.045631338699740315
alabama,paramedic,-0.04432743069578926,0.10871383076174651
alabama,pastor,-0.011312131002966352,0.011176689771297987
alabama,pharmacist,0.027115510581063762,0.09116541067847961
alabama,photographer,-0.005606308849934183,0.0840559178029705
alabama,physician,-0.041937719946143925,0.07765871056181789
alabama,police,0.008329000106788609,0.023020695403856206
alabama,professor,-0.03415512086934491,0.00019682441695789699
alabama,prosecutor,0.006017233354341567,0.06174482407716081
alabama,reporter,0.012005819983697097,0.08180550154963684
alabama,scientist,0.051830619714007264,0.06768611558783971
alabama,secretary,-0.01770142390991447,-0.0119485307995576
alabama,sheriff,0.012717745404518976,0.0356633457597173
alabama,soldier,0.0016174735177991728,0.02879814248175902
alabama,surgeon,0.013649655811126427,0.07765871056181789
alabama,teacher,0.023124943797206976,0.0009967849123148076
alabama,technician,-0.015499940543465263,-0.030011256016620746
alabama,therapist,-0.009863153242324119,-0.03171037584535552
alabama,trooper,0.013506314251344409,0.0356633457597173
alabama,veterinarian,-0.013419110526103006,0.10589008365208302
alabama,writer,0.019290547957879656,0.054483700214406294
alaska,administrator,0.0047851392659298275,-0.03181237904211731
alaska,artist,0.042109223297209786,-0.018708425925515138
alaska,athlete,0.0017773944135791586,-0.1792784086506024
alaska,attorney,0.02882606024188572,0.09988152283393092
alaska,author,0.010764697421126068,-0.21793181252716742
alaska,biologist,0.02026186216793624,0.106346581899252
alaska,carpenter,-0.044209362893401494,-0.026467652265839803
alaska,clerk,0.012575532121863575,-0.016571511878138545
alaska,coach,-0.024669950335058144,-0.1792784086506024
alaska,contractor,-0.0025817318391851973,0.005518406835839804
alaska,detective,-0.01016962129022747,0.0839503287241033
alaska,doctor,-0.0594285212027571,0.01849704300417121
alaska,driver,-0.010807871332899288,0.00659362178353648
alaska,editor,-0.015878121678506663,0.09708986506801476
alaska,engineer,0.027432359125955652,0.03400223142032119
alaska,executive,0.03817942730426149,-0.014651494359623374
alaska,farmer,0.03833118531835944,-0.00845414012127177
alaska,firefighter,-0.032643964421047,0.0338833350191836
alaska,instructor,0.048746952008678734,-0.029388209109892705
alaska,judge,0.008271863003860958,0.09988152283393092
alaska,lawyer,-0.02363334419580221,0.09988152283393092
alaska,manager,0.006164623609081765,-0.009274763445236978
alaska,miner,0.025692210417264882,0.007718267469549299
alaska,nurse,0.008733132807766109,-0.07188279211580306
alaska,painter,0.017336614126543304,0.0161622513281187
alaska,pastor,0.00024893575206597074,-0.06494780946344827
alaska,photographer,-0.04741414451303949,-0.0522071034154466
alaska,police,-0.02194470851254504,0.024698650405944517
alaska,professor,0.04526069384463183,0.016044303892220058
alaska,prosecutor,-0.0038267645629516123,0.09988152283393092
alaska,scientist,0.09279728731071724,0.1652625605579101
alaska,secretary,0.020128492856229085,-0.021078899452982802
alaska,soldier,0.005262937422300329,-0.008635367517250594
alaska,teacher,0.01828926414107923,-0.05062482216808528
alaska,technician,0.027034100533962047,-0.02687008173401839
alaska,trooper,-0.011969112532517423,-0.004747879003954403
alaska,writer,0.006728126328417572,-0.29841186588908186
california,accountant,0.030419083079566533,-0.007917688502157016
california,administrator,0.02079291611506906,0.012829763202120592
california,architect,-0.015165960807939749,0.06557489403772143
california,artist,0.034042482067699886,0.01885562111975131
california,athlete,0.035683936402971184,0.03532534539716897
california,attendant,-0.004975993482241203,0.0471938565413173
california,attorney,0.029844744203595175,0.06294828546715858
california,auditor,-0.010394798841359965,-0.007917688502157016
california,author,0.04111466865718039,0.020266599538090957
california,banker,0.007446687202634195,-0.011904657987340861
california,bartender,-0.01056882282562932,-0.056023014317817366
california,biologist,0.02850961659831097,0.013847297004851433
california,broker,0.021574934645966826,0.01748979188387012
california,caregiver,-5.049426897452136e-05,-0.01851888235965693
california,carpenter,0.03675890805266191,-0.0018344170773706998
california,chef,0.03137520138139682,0.05111910730405109
california,clergy,0.0060999572168281,0.04699584140630669
california,clerk,0.015489659586885307,-0.01687163741858888
california,coach,0.01976437670882991,0.03532534539716897
california,consultant,0.012047961802582385,0.017319686655091093
california,contractor,-0.006627564009136222,0.017361245175658797
california,counselor,0.02544984446229026,0.044984502103681656
california,custodian,-0.005573318554355611,0.047790909176281704
california,dancer,0.0158379932890943,-0.0377780772949633
california,dentist,0.02190309449759753,0.07460294774890108
california,designer,0.009874804190968645,0.030353530540939033
california,detective,0.006881070296670289,0.005814085608148889
california,dispatcher,0.01233324739134578,-0.0007687600057012522
california,doctor,-0.014761923767591889,0.06947844631328587
california,driver,0.036561155889070385,0.015228014760517397
california,editor,0.027899188229256522,0.05123148773629621
california,engineer,0.01503144896736397,0.029189855144341997
california,executive,0.01554939149241008,0.05191220179989828
california,farmer,0.006481373924712042,0.018526977879359696
california,firefighter,-0.0111602614677615,-0.006584929574493102
california,gardener,0.013378509751672318,0.0048140570070246
california,inspector,0.012700565969403277,-0.002562373946513097
california,instructor,0.020869288282729714,0.007911162727016974
california,journalist,0.0456753274676589,0.06502109904522813
california,judge,0.004815569260680608,0.06294828546715858
california,lawyer,0.017594412516555913,0.06294828546715858
california,librarian,-0.0013704499190487773,-0.0672866261984526
california,manager,0.024031043906422633,0.046514447318096674
california,mechanic,0.021069989827304125,0.0033604768900926014
california,miner,-0.008654783029705349,-0.0157536148783359
california,musician,0.02712560736965164,-0.0075926440967167
california,nurse,-0.0043651382840583786,-0.041577810064271636
california,painter,0.012611970428871633,0.0071662057586269964
california,paramedic,-0.011811840026675458,0.04036352575489627
california,pastor,-0.004040890084277882,0.04699584140630669
california,pharmacist,0.025612162477243183,0.038834860259232995
california,photographer,0.02397113943576268,0.03832210672712877
california,physician,-0.015644834062625845,0.06947844631328587
california,police,0.006726822373644303,0.0010074292314989908
california,professor,0.02873314733088983,0.0015988506895752153
california,prosecutor,0.007798661459306855,0.06294828546715858
california,psychologist,0.04633884357670237,0.03882568567263367
california,realtor,0.006065770554258609,0.009850902692642216
california,reporter,0.03399619246809937,0.06502109904522813
california,sailor,-0.006400020458102396,0.014922636834088607
california,scientist,-0.0007508288043189815,0.019177940215392486
california,secretary,0.01786960792373149,-0.028883616074279583
california,sheriff,0.0004683375465658335,0.005405619471312489
california,soldier,0.015663472392893008,0.04056724223676621
california,surgeon,0.019160195299576355,0.06947844631328587
california,teacher,0.0034934573678940817,-0.007987472966536124
california,technician,0.01719512468274087,-0.01536682315213117
california,teller,0.0017966443857764247,0.006792057018456088
california,therapist,-0.032407407727799264,0.01359171937751591
california,trooper,-0.0063601644374419175,0.005405619471312489
california,veterinarian,0.04661997559267905,0.14425803082012822
california,writer,0.014977882922710295,0.01617632031919858
colorado,accountant,-0.021121753729125947,-0.029101075574703095
colorado,administrator,-0.013976995407836257,0.040423467522427425
colorado,architect,0.025682297085439565,0.0992607675602371
colorado,artist,0.007417577313754586,0.08443244748930989
colorado,athlete,-0.043488643546161776,0.03927374419773083
colorado,attendant,0.034577276507689714,0.03886931629867846
colorado,attorney,0.003772642807902349,0.03553315115377986
colorado,author,0.00833911373789431,0.0943989151253648
colorado,banker,0.03227903473712346,-0.01549541692130596
colorado,bartender,0.022858506623336328,-0.0045777464224917574
colorado,biologist,0.027727076585206123,0.04446970855867022
colorado,broker,0.01801547206128795,0.009460622005698027
colorado,caregiver,-0.03372338065956093,-0.01739103264488151
colorado,carpenter,-0.01074094410197235,0.002303899544605699
colorado,chef,-0.0048406631111004295,-0.038865746010909114
colorado,clergy,0.019278243961945107,0.030809532114372706
colorado,clerk,0.02659337549734264,-0.010364532596711107
colorado,coach,-0.008435071646003323,0.03927374419773083
colorado,consultant,0.010121288631509184,0.04806291959191378
colorado,contractor,0.03973923285092451,0.016476690216826996
colorado,counselor,-0.03060836034136205,0.05785871031377543
colorado,custodian,-0.0025110543074041702,0.03307889096939376
colorado,dancer,0.02382260950296855,0.04502762058300269
colorado,dentist,0.022509592022955216,0.08229549737017558
colorado,designer,-0.012783815245090313,0.011509209526116004
colorado,detective,0.005755796558131188,0.08687195917303009
colorado,dispatcher,0.021306948866977926,0.04456944123813933
colorado,doctor,0.04664236907918662,0.035611785277664176
colorado,driver,-0.0013962590531725327,0.0087746441322471
colorado,editor,-0.031623240073516135,0.004713743195224107
colorado,engineer,-0.013084420106363348,0.02638093317897608
colorado,executive,0.009276981001700157,0.044168712734262205
colorado,farmer,0.004011005195573292,-0.004171332392421678
colorado,firefighter,0.012488768873165412,0.0075758833263085
colorado,gardener,-0.01648692091882653,0.024351834059745905
colorado,inspector,0.019220665605813148,0.0015339731482802432
colorado,instructor,-0.011317810012841045,0.007349292582379374
colorado,journalist,-0.013194726384325284,-0.0627973300580234
colorado,judge,-0.0004408209565121002,0.03553315115377986
colorado,lawyer,-0.0035170893251289526,0.03553315115377986
colorado,librarian,-0.02754002993136795,0.01869372061931307
colorado,manager,0.03194800352712801,0.04098129056816596
colorado,mechanic,0.012246267247796094,-0.0032034274386873
colorado,miner,-0.028883508774034672,-0.0020873729443377995
colorado,musician,-0.0073793750865910335,-0.02266852054046148
colorado,nurse,0.005670274471282322,-0.02863088418378823
colorado,painter,-0.005418138176771503,0.007610784485019201
colorado,paramedic,0.011060100991879707,0.07866498821412682
colorado,pastor,0.012378377127429285,0.030809532114372706
colorado,photographer,0.006092265990576218,0.04651596710933409
colorado,physician,0.02037811022978886,0.035611785277664176
colorado,police,-0.023054692249466435,0.022908151016343192
colorado,professor,-0.01195961392537137,0.027965423051790284
colorado,prosecutor,0.009967323667276373,0.03553315115377986
colorado,psychologist,0.017565450117257075,-0.02450827946807055
colorado,realtor,0.05610168220925715,0.012548854364511697
colorado,reporter,-0.023853549787173356,-0.0627973300580234
colorado,scientist,-0.009381907797019418,0.0783768904114549
colorado,secretary,0.006510739783309738,-0.029293019579874624
colorado,sheriff,0.022755684200635007,0.023148035758243285
colorado,soldier,-0.004778438369589355,0.005351578036083909
colorado,surgeon,-0.004918214084297934,0.035611785277664176
colorado,teacher,-0.008531168805750111,-0.006383759585618098
colorado,technician,0.01921481288166982,-0.03185531348562082
colorado,teller,0.0022378479316877975,0.019041421302567363
colorado,therapist,0.007384064340277274,-0.0013549420877327911
colorado,trooper,-0.038238818366718164,0.023148035758243285
colorado,veterinarian,-0.002446772487479154,0.03572329335276314
colorado,writer,-0.02086177727140126,0.059451534656307814
connecticut,administrator,0.005873720976343311,0.05635964501534074
connecticut,architect,0.003255650030776991,0.026005608764565702
connecticut,artist,-0.009425291535944513,-0.12332382147957016
connecticut,athlete,0.03956551357806226,-0.041175704454413486
connecticut,attorney,0.0014915467809452077,0.03191182819871968
connecticut,author,-0.006122356542228036,0.07149889303672607
connecticut,banker,0.03956285440554219,0.038519665790595514
connecticut,carpenter,0.04944101248219124,0.0073997541239103
connecticut,chef,0.01689119808606865,0.0300452663832442
connecticut,clergy,0.04897457623182899,0.02086574707142161
connecticut,clerk,0.04108501486046001,-0.020215548473115463
connecticut,coach,-0.007901489273755447,-0.041175704454413486
connecticut,consultant,0.02079858847268956,0.038017576162964584
connecticut,contractor,0.002122606767243518,0.012568789794114
connecticut,counselor,0.0077896080813337765,0.05572404918452001
connecticut,designer,-0.005601016676696324,0.03597055389230075
connecticut,detective,0.013573278923957877,-0.026596328699986793
connecticut,doctor,0.007506541523800925,0.016090170526090686
connecticut,driver,0.009690980698452312,-0.014297069638771781
connecticut,editor,-0.021328590165259564,0.07673170506663252
connecticut,engineer,0.014874688091881971,0.012382465410911508
connecticut,executive,0.028256266064708768,0.0685328576235085
connecticut,farmer,0.04107685832338814,0.07074675271985165
connecticut,firefighter,-0.024904465877860882,0.016438441061816203
connecticut,gardener,0.0064920023409443806,0.03182697979211809
connecticut,instructor,-0.024924434331867862,0.00577477983835839
connecticut,journalist,0.03855871020444357,-0.0029466340981381123
connecticut,judge,0.03474221711143466,0.03191182819871968
connecticut,lawyer,0.016614422427411513,0.03191182819871968
connecticut,librarian,0.023407372746405142,0.02534692696694696
connecticut,manager,0.02392066851698116,0.04381485972874438
connecticut,mechanic,0.02177795951895023,0.0114301346287336
connecticut,musician,0.00510887681108485,0.04104241378434842
connecticut,nurse,-0.012657083787488532,-0.010764417405917825
connecticut,painter,-0.024445282564473536,-0.0036634389457426975
connecticut,pastor,0.012214427769201563,0.02086574707142161
connecticut,photographer,0.00068683166963035,-0.035280701100895484
connecticut,physician,0.009331979037579097,0.016090170526090686
connecticut,police,0.015518932527782248,0.011911490726529486
connecticut,professor,-0.015980059155084825,0.01651969827936295
connecticut,prosecutor,0.029292188662809693,0.03191182819871968
connecticut,psychologist,0.004376670917393355,0.11090043064656308
connecticut,reporter,0.014256085723207246,-0.0029466340981381123
connecticut,sailor,-0.018352783520969695,0.1940027554097632
connecticut,scientist,0.0010038018113636138,0.0773451005620796
connecticut,secretary,-0.010487968115856061,-0.0188073173000326
connecticut,soldier,0.043806669662380004,-0.0273815347464966
connecticut,surgeon,-0.016412193890335325,0.016090170526090686
connecticut,teacher,0.019605333345952713,-0.003857651331777401
connecticut,technician,0.0205833451421511,0.0057879805785793215
connecticut,therapist,0.002789587769387092,-0.0015089796161965596
connecticut,trooper,0.013701127094635113,0.022440838201154195
connecticut,writer,0.004799517712832491,0.042813942476592315
delaware,administrator,0.03838913448274739,-0.023894751747467136
delaware,artist,-0.0018713033303329185,-0.1300949400684499
delaware,athlete,-0.015522154903837904,-0.018624778148892795
delaware,attorney,-0.006147459389411636,-0.020556273341145237
delaware,author,-0.007652178836861867,0.12354847161863558
delaware,carpenter,0.00913609737847021,0.0002952723855193006
delaware,chef,0.008933048316761227,-0.10436895223132081
delaware,clerk,-0.012132838216497799,-0.02153028110846411
delaware,coach,0.05462580547881035,-0.018624778148892795
delaware,contractor,0.03565442814260855,0.046883319155783296
delaware,counselor,0.011523126868478784,0.09034153984352133
delaware,detective,0.0009346694530123489,0.04858028337444037
delaware,doctor,-0.028534171896022253,-0.0265907571616138
delaware,driver,0.012549710059047592,0.02951751752874532
delaware,engineer,0.07504977153774472,0.015022740317102795
delaware,executive,0.027185863675112776,0.012377441803507916
delaware,farmer,0.06791073716419938,0.022654243296242188
delaware,firefighter,0.014391520437501915,0.029967152904228897
delaware,instructor,-0.01997880859789125,0.05042449773842994
delaware,judge,-0.05070184852904036,-0.020556273341145237
delaware,lawyer,-0.0320927561830292,-0.020556273341145237
delaware,manager,0.03516715343562238,0.024722286750937406
delaware,musician,0.02394619764260464,-0.0333817433961317
delaware,nurse,0.02017957431880235,-0.005323421760207836
delaware,paramedic,0.014142641510174636,-0.0850879147068413
delaware,pastor,0.02125884592009819,0.036785249579326496
delaware,police,0.006061476819554268,0.021818650713398183
delaware,professor,0.017378507194148907,0.01948541838869622
delaware,prosecutor,-0.014713709170847467,-0.020556273341145237
delaware,secretary,0.02314736592027966,-0.01754775024111399
delaware,sheriff,0.0035543866919410805,0.0375529441514796
delaware,soldier,0.03477072853175689,-0.0706493505383271
delaware,teacher,0.009630974685979288,-0.008343054588650922
delaware,trooper,-0.014045678623007762,0.0375529441514796
delaware,writer,-0.03745682968785702,0.08714090996303026
district_of_columbia,administrator,0.04110703548367245,0.060849113737205696
district_of_columbia,artist,0.07660791697956693,-0.05772787810259172
district_of_columbia,athlete,0.06376219849128872,-0.04288248266321104
district_of_columbia,attorney,-0.022543532239644448,0.017187491498278196
district_of_columbia,author,0.053073281087938406,0.031191894163301592
district_of_columbia,coach,0.03700805582729816,-0.04288248266321104
district_of_columbia,consultant,0.018407911423097945,-0.0008946270702027137
district_of_columbia,contractor,0.03017988670103844,0.0634951293981916
district_of_columbia,designer,0.037951506064169305,0.09020740053705645
district_of_columbia,detective,-0.03154309814445733,0.13304554144858
district_of_columbia,doctor,0.011548395420833524,-0.028431706910469645
district_of_columbia,driver,0.044182272568647596,0.032250103607593394
district_of_columbia,editor,0.03244990983260676,-0.0508917350434962
district_of_columbia,engineer,0.10068241302692427,-0.006726090458896106
district_of_columbia,executive,0.061840047362254014,0.0567244881764386
district_of_columbia,inspector,0.042836085435442595,0.10734002256608649
district_of_columbia,journalist,-0.008786370070252292,0.03141228228254872
district_of_columbia,judge,-0.006948705100479624,0.017187491498278196
district_of_columbia,lawyer,-0.028016409852367863,0.017187491498278196
district_of_columbia,manager,0.04203387705912287,0.04122707698051781
district_of_columbia,musician,0.028698022176678717,0.2166058431651145
district_of_columbia,nurse,-0.024956904589494844,-0.04703968441052431
district_of_columbia,pastor,-0.05156722009974635,-0.1079326064578475
district_of_columbia,photographer,0.009763137678365896,-0.04273649646900518
district_of_columbia,physician,0.04302830525265955,-0.028431706910469645
district_of_columbia,police,-0.010761521910906291,-0.024920119773026106
district_of_columbia,professor,0.02713366632177472,-0.006183090092612864
district_of_columbia,prosecutor,-0.028868593599792658,0.017187491498278196
district_of_columbia,reporter,0.002012823040449585,0.03141228228254872
district_of_columbia,scientist,0.0615025771874711,0.004645858676967762
district_of_columbia,secretary,0.024020478698909775,-0.06992405367091636
district_of_columbia,sheriff,0.02479563765545667,-0.016061317490683402
district_of_columbia,soldier,0.018184259835934413,-0.09878084884311661
district_of_columbia,teacher,-0.05223163456195623,0.0882961820929763
district_of_columbia,writer,0.055870049291875556,0.03274715012583174
florida,accountant,0.013015823406519633,0.008844636662132421
florida,administrator,0.03205959635054123,0.017795574509847034
florida,architect,-0.024978095756208685,0.0020996404518774936
florida,artist,0.0072526976481334104,0.07231112703884751
florida,athlete,0.013397184233930104,0.0659882494060639
florida,attendant,0.01051997233965185,0.01779004372661591
florida,attorney,0.024564818612936246,0.056369183369555376
florida,auditor,-0.0236724476465906,0.008844636662132421
florida,author,-0.009219514018834696,0.022215655490722352
florida,banker,0.01144899669143662,0.006393413506832757
florida,bartender,-0.04264512853132851,-0.010864808705360218
florida,biologist,0.0009641082293694314,0.09138661116550345
florida,broker,-0.005602688697426972,0.025042578060899268
florida,caregiver,0.028660110693755292,0.0018766068488802468
florida,carpenter,-0.004698358278792725,0.006292051457876202
florida,chef,-0.009916432731405633,0.02769468061054839
florida,clerk,0.020487996240902806,0.0019715680366403365
florida,coach,0.011617935058869655,0.0659882494060639
florida,consultant,-0.014200994074290652,0.03983605864974327
florida,contractor,-0.002112600996117653,0.021877710152614603
florida,counselor,0.0055899208807551615,0.0784476672681792
florida,dancer,0.019615177007235585,-0.04231469755512218
florida,dentist,0.0018590692498938743,0.11381846397441531
florida,designer,-0.011099159549224025,0.04234184187707635
florida,detective,-0.02556275480667014,0.0326842148873685
florida,dispatcher,-0.00595881796149611,0.012273978081502768
florida,doctor,-0.018161817269112257,0.055288377575951064
florida,driver,0.005494862236722686,0.005190540005823183
florida,editor,-0.014969384510493677,-0.0022332104268076858
florida,engineer,-0.01659981152972967,0.029240130703255693
florida,executive,0.0013984417273809058,0.034562328024720895
florida,farmer,0.031597265087965454,0.02448512938936029
florida,firefighter,0.0006257525922448437,0.017560616067427093
florida,gardener,-0.027463280240068277,0.0166387818035241
florida,inspector,-0.02840304994853038,0.018664442354532518
florida,instructor,-0.022958490746631033,0.008207547259406311
florida,journalist,0.043891366645898766,0.03004405698851731
florida,judge,0.013060028961273895,0.056369183369555376
florida,lawyer,0.025068693466352432,0.056369183369555376
florida,librarian,-0.05079689690075584,-0.06861465847264436
florida,manager,-0.003006787371963693,0.04033708356715021
florida,mechanic,-0.016848582680778712,0.0046861466183060994
florida,musician,0.02805516903626981,-0.006968301076813621
florida,nurse,-0.022867178253047737,-0.03313938819092177
florida,painter,-0.04272593124665913,0.013582616747199905
florida,paramedic,0.05069827514295788,0.03729064215625272
florida,pastor,0.015468784686237247,0.0340335865539477
florida,pharmacist,-0.02517182654107153,0.07289588061574637
florida,photographer,-0.009076306521981103,-0.006026813539132314
florida,physician,0.0013481064898920314,0.055288377575951064
florida,police,0.033250515485671484,-0.0019846495598062897
florida,professor,0.008657455533171321,0.019060897031943302
florida,prosecutor,-0.0022489780624738165,0.056369183369555376
florida,psychologist,-0.04596056175362817,0.05120983820015479
florida,realtor,0.012145849336516523,0.015547725222365805
florida,reporter,0.03740508980760826,0.03004405698851731
florida,sailor,0.07319234409112507,-0.04819235375907369
florida,scientist,0.00789262789601719,0.09178917726734742
florida,secretary,0.02368833757117006,-0.020657526547690375
florida,sheriff,-0.013854211141188788,-0.008864146614649793
florida,soldier,0.025237627889116765,0.025475552175659
florida,surgeon,-0.0013947150579884937,0.055288377575951064
florida,teacher,0.004820801211566472,0.0036983682478228808
florida,technician,-0.008048107834058182,-0.012794328565151447
florida,teller,-0.03602249287891435,-0.08166017513598967
florida,therapist,-0.0072825740216364565,0.033917757042851604
florida,trooper,-0.005296964500006829,-0.008864146614649793
florida,veterinarian,-0.03200446025410608,0.13770527321579945
florida,writer,0.015048185262975355,0.009110390510286948
georgia,accountant,-0.02301519811050834,0.0012245156986058214
georgia,administrator,-0.019315533922776518,-8.255223707098747e-05
georgia,architect,-0.004615371452910022,-0.031602538333848296
georgia,artist,0.02004258020355476,0.07648844694515122
georgia,athlete,2.4841421717214374e-05,0.06426501110290511
georgia,attendant,-0.04755865362253986,0.02427209173335043
georgia,attorney,0.0037394917790841697,0.07749243831277802
georgia,author,0.0312986939319263,-0.030928092320956502
georgia,banker,0.05021645660861107,0.03535774531693492
georgia,bartender,-0.005664980591992386,0.06401149272760864
georgia,biologist,0.013204957692324326,-0.08255330034663544
georgia,broker,0.055017717153759804,0.011261430581281706
georgia,caregiver,0.027989483415346905,-0.0017960950932641717
georgia,carpenter,0.031775617823385005,0.0027471958807325954
georgia,chef,0.014413244227755806,0.0349689689238081
georgia,clerk,0.026013395343991164,0.009013057751650178
georgia,coach,-0.003102159862307663,0.06426501110290511
georgia,consultant,-0.004030184783006874,0.010758572090620588
georgia,contractor,0.008783442717737455,0.031211090534086
georgia,counselor,0.015283125611453952,0.10456626375408229
georgia,dancer,-0.007681432274945887,0.005238870136822449
georgia,dentist,-0.0024988975418773762,0.07287224344873289
georgia,designer,0.028476413557565028,0.03101633034396878
georgia,detective,0.000206795928189063,0.04860765774611159
georgia,dispatcher,-0.014090245716914418,0.05932466292040295
georgia,doctor,0.010946426244617946,0.10224555446803213
georgia,driver,0.008120662498913966,0.020356378073801806
georgia,editor,-0.005076810233529128,0.04659179708127276
georgia,engineer,-0.003160024148972873,0.013010334530185685
georgia,executive,0.03131997564280731,0.051344870408135984
georgia,farmer,-0.007320001963510792,-0.011837304467221504
georgia,firefighter,-0.010957595413673693,0.027933642996462303
georgia,inspector,-0.007460419618931846,0.013733933365163098
georgia,instructor,-0.041024971513360486,0.03261699156399678
georgia,journalist,0.02484274495564709,-0.02400437466025751
georgia,judge,0.024000945765631942,0.07749243831277802
georgia,lawyer,0.03160587651666524,0.07749243831277802
georgia,librarian,0.031033857429160427,-0.012708716034917078
georgia,manager,-0.021181425135511356,0.04796011233692138
georgia,mechanic,-0.01601744087027579,0.003354615577522299
georgia,musician,0.025124582679105778,-0.0027061308179850974
georgia,nurse,0.016083976747196416,-0.018043684725278952
georgia,painter,0.0021497063772065728,0.039069319941799505
georgia,paramedic,-0.02020022134821342,0.06477101084143083
georgia,pastor,0.0025322727806538214,0.0145962595259366
georgia,pharmacist,-0.0010052475738294708,0.05307393977831165
georgia,photographer,0.014284296092776594,0.07083831088373055
georgia,physician,0.005801092174818612,0.10224555446803213
georgia,police,-0.00679559644697203,-0.016653484819381087
georgia,professor,-0.0063693649929225105,0.046590486571023826
georgia,prosecutor,0.022029580856874897,0.07749243831277802
georgia,psychologist,-0.03177109936948597,0.008980200577835995
georgia,realtor,0.028564364944234644,-0.0021508008018921165
georgia,reporter,0.018097935067154958,-0.02400437466025751
georgia,sailor,0.011158184690564954,-0.10589824507862408
georgia,scientist,-0.020014016281940217,0.048895614693756084
georgia,secretary,0.005900971132032806,-0.0077086869017292114
georgia,sheriff,-0.004743854734773678,-0.028591560393900095
georgia,soldier,-0.006452544390216253,0.043229404566135096
georgia,surgeon,0.004618134353844061,0.10224555446803213
georgia,teacher,-0.015277522353617012,-0.006686242928824693
georgia,technician,0.014192533673994978,0.007359991187548487
georgia,therapist,-0.00887479636088373,0.013935226079738738
georgia,trooper,-0.005972080471673524,-0.028591560393900095
georgia,veterinarian,0.016344270015738127,0.025878683103003675
georgia,writer,-0.034406881633413766,-0.03879076750857946
hawaii,administrator,-0.02126153130842101,-0.008795168512466756
hawaii,architect,-0.048767868468495346,-0.002088594859770865
hawaii,artist,-0.014769139511242924,-0.002030813647313834
hawaii,athlete,0.01805500956136097,-0.15658561459138892
hawaii,attorney,-0.05007833719728716,0.0647957005110475
hawaii,author,-0.044572625466164695,0.15397917396895644
hawaii,biologist,-0.015514163873423414,0.12791695982357465
hawaii,broker,-0.014214959611978273,9.04231853821047e-05
hawaii,carpenter,-0.03191595604911168,0.007622786016325099
hawaii,chef,-0.04853868725720334,-0.008606005620276691
hawaii,clerk,-0.02945865366391287,-0.007449372119223363
hawaii,coach,-0.038727082741943364,-0.15658561459138892
hawaii,consultant,-0.036782972769749955,-0.005535180819339847
hawaii,contractor,-0.03689345393172272,0.0620332396525428
hawaii,dancer,0.002137601231963382,0.035410722713801634
hawaii,designer,-0.03585498910543383,-0.020375848865003765
hawaii,detective,-0.01529700396141842,0.09567373704296389
hawaii,doctor,0.013916812690185965,0.055837400701650386
hawaii,driver,0.03232216483051731,0.0170050455419076
hawaii,editor,-0.015629785893306547,-0.0707328229094164
hawaii,engineer,-0.010726467842766318,0.020231036313687917
hawaii,executive,0.006971206157055265,0.04372085320715319
hawaii,farmer,0.002147764688720577,0.0617203860730372
hawaii,firefighter,-0.02063578776753705,-0.013152023311379296
hawaii,inspector,-0.011600408293512832,0.01267854998228718
hawaii,instructor,0.013272649284709281,-0.005410242757992401
hawaii,journalist,-0.02263785255189399,-0.028441620841891724
hawaii,judge,-0.016679891082739706,0.0647957005110475
hawaii,lawyer,-0.036928566158941356,0.0647957005110475
hawaii,manager,-0.005314590575574263,0.057475660281559815
hawaii,mechanic,-0.02079719892289078,-0.006853364470987201
hawaii,musician,-0.015234876279973664,0.003892016629240991
hawaii,nurse,-0.033227356413039755,-0.04939743130410068
hawaii,paramedic,0.0341358036212267,-0.0055667254942333155
hawaii,pastor,-0.04437820705817119,-0.05139377143078949
hawaii,photographer,-0.027119851041127907,0.018409531310317695
hawaii,physician,-0.02935870472848212,0.055837400701650386
hawaii,police,-0.029173779587516435,0.0220508342347088
hawaii,professor,-0.01325734890468988,-0.033102336513669284
hawaii,prosecutor,-0.000300142429968675,0.0647957005110475
hawaii,realtor,-0.0376241215846872,-0.003336699907809937
hawaii,reporter,-0.01630730660046309,-0.028441620841891724
hawaii,sailor,-0.01289107924583166,0.013509710660459598
hawaii,scientist,-0.012315453234591489,0.06976721091434002
hawaii,secretary,-0.009507063209753475,-0.013275477098164123
hawaii,sheriff,-0.018836478705368975,0.01872178454708809
hawaii,soldier,-0.021766102055295944,0.027641236508572586
hawaii,teacher,-0.0069869134408195865,-0.023651079540107034
hawaii,technician,-0.010531060203668785,0.020484288600498612
hawaii,writer,-0.058299588691536175,0.15455640559923745
idaho,accountant,-0.013993360062424798,0.05448172429016407
idaho,administrator,0.007854043992144177,0.004424157826176556
idaho,architect,0.0071896730025607924,0.13772545052680513
idaho,artist,0.002869483052713395,0.16536164058428443
idaho,athlete,0.011390914472957703,0.13435654904478872
idaho,attorney,-0.0013182164390806994,0.05637499656568479
idaho,author,-0.009758596723733581,0.10451041514384374
idaho,biologist,0.005964833654782731,-0.057814932849055756
idaho,carpenter,0.0251644552423963,-0.0070307427965683005
idaho,chef,-0.0012996811408076958,-0.10465517641964261
idaho,clerk,0.046753191407182815,0.017448033913717076
idaho,coach,-0.006338632876116246,0.13435654904478872
idaho,consultant,0.01569466978464118,-0.011823895697615994
idaho,contractor,0.021775113007765245,0.0139962456677677
idaho,counselor,0.038346225120604926,0.0125881315759937
idaho,designer,0.008624116630890244,0.06954848602222807
idaho,detective,-0.01707937888961264,-0.07058288807057411
idaho,doctor,0.007624100033720715,0.016701399588614607
idaho,driver,0.009070581171044534,-0.001444963778876901
idaho,editor,0.02109199519954208,0.06216583477525983
idaho,engineer,0.0011612134089102888,0.033654936329060206
idaho,executive,0.0016220342112638342,0.027044922684198225
idaho,farmer,0.009888871386925402,0.0109035871136033
idaho,firefighter,0.03684644578426721,-0.0511465685450789
idaho,inspector,-0.0017962154551282028,0.018048902195608785
idaho,instructor,-0.00040111837772160985,0.04691242573844989
idaho,journalist,0.002045644548913317,0.29104648930220134
idaho,judge,0.015814518262139754,0.05637499656568479
idaho,lawyer,0.0018095677521943188,0.05637499656568479
idaho,manager,0.02898460577956019,0.06665152635768529
idaho,mechanic,0.022462830314261217,0.0231940874000005
idaho,miner,0.014926522982026902,0.017710239439172604
idaho,musician,0.011679324996114793,-0.025111170880401656
idaho,nurse,0.050439231346175895,-0.029010013073214602
idaho,paramedic,0.018251995829368428,0.08332386216930068
idaho,pastor,0.04588644041607204,0.012269349265345397
idaho,photographer,0.011864643445708034,0.16757088816359167
idaho,physician,-0.021534086965555144,0.016701399588614607
idaho,police,-0.02504284759110731,-0.037917732053493816
idaho,professor,0.028999600231494727,-0.006704518654979397
idaho,prosecutor,0.022916408538539157,0.05637499656568479
idaho,psychologist,0.027163693572076375,0.041125465506567815
idaho,reporter,0.018338770563401496,0.29104648930220134
idaho,scientist,0.011250221082498735,0.04149159067312502
idaho,secretary,0.006574361202357215,-0.02742542969228523
idaho,sheriff,0.00099694147752305,-0.04381328884441378
idaho,soldier,0.00637913636423304,0.1508824588842635
idaho,surgeon,0.005806173210111454,0.016701399588614607
idaho,teacher,-0.009013579749186373,0.01527191777119985
idaho,technician,0.024487860685496687,-0.0714361750362234
idaho,therapist,0.02946702501843923,-0.08749475395914263
idaho,trooper,0.02409879879832566,-0.04381328884441378
idaho,veterinarian,0.031413207479561556,0.24262767723525147
idaho,writer,0.05769400660843205,0.1202846078435249
illinois,accountant,0.050361770790612326,0.03098046524339315
illinois,administrator,0.012574992453248335,0.023501763119196384
illinois,architect,-0.021709151567437912,0.0640115808290132
illinois,artist,0.03207344606709128,0.02617161533632567
illinois,athlete,-0.0006455360449950653,0.045646816352632125
illinois,attendant,-0.010675802723197458,0.015654385491940204
illinois,attorney,0.019623175885430832,0.06882806359751609
illinois,auditor,0.000527875662174937,0.03098046524339315
illinois,author,0.024624893908409384,-0.020113317530014996
illinois,banker,0.027477377781635948,0.017005469955173047
illinois,bartender,0.0510299901404766,-0.02450055959274633
illinois,biologist,0.039263775404325574,0.12006125931970241
illinois,broker,0.03262344004798101,0.01831966936955659
illinois,caregiver,-0.023438077433849958,-0.001978377137208942
illinois,carpenter,0.025579670787572506,0.008611609455481799
illinois,chef,-0.010994603434517192,0.018927585438573008
illinois,clergy,-0.011010510923264438,-0.010796105703217596
illinois,clerk,0.02406476653406142,0.008107568992008263
illinois,coach,-0.03365398717505885,0.045646816352632125
illinois,consultant,0.0068722463354109475,0.0197422453676232
illinois,contractor,0.007524599859996872,0.0238037700358388
illinois,counselor,-0.024726678431363336,0.05744035510336187
illinois,custodian,0.03336498791462017,0.03568354547138597
illinois,dancer,0.02741291351432107,-0.14957256227277005
illinois,dentist,-0.026351578793192276,0.06498472342634598
illinois,designer,-0.0045573845760293885,0.023036223357438268
illinois,detective,-0.029163113410876407,0.054930884256342793
illinois,dispatcher,0.03291620285089114,0.006053412034810135
illinois,doctor,0.03995246323663704,0.02848358849630911
illinois,driver,0.00527575495830801,0.019611488925757994
illinois,editor,-0.0022682670973634966,0.014066578417078257
illinois,engineer,0.01890669168925574,0.022928571319013907
illinois,executive,0.004463949651714039,0.050393044406815524
illinois,farmer,0.0264381943450106,0.008381929539795593
illinois,firefighter,-0.015594072699301909,-0.0035245885791327022
illinois,gardener,0.005038092003612826,-0.0073148475937949015
illinois,inspector,-0.004645943928133001,-0.024544705787656718
illinois,instructor,0.019194555925312495,-0.0033326057661492436
illinois,journalist,0.011271487777190226,0.005002610931098217
illinois,judge,-0.01053526010721928,0.06882806359751609
illinois,lawyer,0.019115191979183432,0.06882806359751609
illinois,librarian,0.01545024955027885,-0.016046438062562007
illinois,manager,0.038994530347206124,0.060471749645502615
illinois,mechanic,0.040271084617343966,0.011832569292300001
illinois,miner,0.020912156427902118,0.009483684409897802
illinois,musician,0.024948194525324152,-0.017115077329159845
illinois,nurse,0.019824735960409345,-0.02459142557673788
illinois,painter,0.029388279197907763,0.0056330331569409975
illinois,paramedic,0.0036355856237287876,0.047653847335910604
illinois,pastor,0.01743863802841783,-0.010796105703217596
illinois,pharmacist,0.05003490245722553,0.06028960715757359
illinois,photographer,-0.008146077486643089,0.05659625894614562
illinois,physician,-0.000484565509053958,0.02848358849630911
illinois,police,0.004100015491105058,-0.004422106306364304
illinois,professor,0.026345967708567786,-0.0034731517971040016
illinois,prosecutor,0.009537234893304936,0.06882806359751609
illinois,psychologist,0.030790720199105115,0.05601560379161352
illinois,realtor,0.022407826485576487,-0.005375821972394501
illinois,reporter,-0.0062728637597295744,0.005002610931098217
illinois,sailor,-0.018558608622892048,0.0940963002301292
illinois,scientist,0.02437530946923605,0.0349885155990356
illinois,secretary,0.0011776024678529229,-0.007723722106072972
illinois,sheriff,0.004678617557723919,-0.0033318626382141947
illinois,soldier,-0.014578929771316806,0.0283215394278806
illinois,surgeon,0.01894498921140131,0.02848358849630911
illinois,teacher,0.00985929347529757,-0.007690950339918845
illinois,technician,0.012160999698150876,-0.00777724405542457
illinois,teller,0.033146360577893,0.003663066202717169
illinois,therapist,-0.0177403383085043,0.006360658591774815
illinois,trooper,-0.017937697061552238,-0.0033318626382141947
illinois,veterinarian,-0.04294972518118556,0.23839539246658642
illinois,writer,-0.0024737199457240955,-0.010557724130806134
indiana,accountant,0.013706583028604835,-0.001813357137593341
indiana,administrator,0.0001681079744629832,0.032298810215948714
indiana,architect,0.008367215910337622,0.04946079096953743
indiana,artist,0.023558986133281223,0.0006542693685505085
indiana,athlete,-0.00028057331775344085,0.05841428091682738
indiana,attendant,0.007132248685316478,0.018601125960295783
indiana,attorney,-0.0009412685119215558,0.0649417721081299
indiana,auditor,0.011440466380284953,-0.001813357137593341
indiana,author,0.011197966531822479,0.015480928538531447
indiana,banker,-0.0068419819313870756,0.017307320610162158
indiana,bartender,-0.02147799424730501,0.07470682052210664
indiana,biologist,0.02364092317925759,-0.012441756027282369
indiana,broker,0.04491410395644513,0.04323694728419114
indiana,caregiver,0.01489748055973028,-0.0020973031158633137
indiana,carpenter,-0.0057631823548544014,-0.001967287686782601
indiana,chef,0.0034335559414213623,0.053135840005618884
indiana,clergy,0.007946673581363584,0.006349135715947196
indiana,clerk,0.027501742130207063,-0.008116462157634952
indiana,coach,-0.04855251914445036,0.05841428091682738
indiana,consultant,0.02570255332030258,0.04599216057116978
indiana,contractor,0.056476773818478154,0.015384460655361802
indiana,counselor,0.013023086340839596,0.04342974948534406
indiana,custodian,0.04510625225265674,0.0229916903004852
indiana,dancer,0.03197595676635112,0.2972115599220617
indiana,dentist,0.028706309196529167,0.18051057915514193
indiana,designer,-0.0005181694288689531,0.07729530162791265
indiana,detective,-0.011949943138498065,0.1045894498111399
indiana,dispatcher,0.022429411916718878,-0.013702805387656336
indiana,doctor,0.05663950487592406,0.045489215333084476
indiana,driver,-0.00636614111104139,-0.003434114188839904
indiana,editor,0.021931333772311712,0.004640545854289413
indiana,engineer,-0.004305045587582601,0.013026348838605095
indiana,executive,0.012934642850400913,0.04006615380325068
indiana,farmer,-0.03781348337646606,0.0038609433600778065
indiana,firefighter,-0.008511771103921095,0.0249949372959104
indiana,inspector,0.0158129460398575,0.009470299666706206
indiana,instructor,0.003694484295792,0.010613519757639356
indiana,journalist,0.028327871117426295,-0.007813488593919615
indiana,judge,-0.01804170838381891,0.0649417721081299
indiana,lawyer,0.01969241809163569,0.0649417721081299
indiana,librarian,0.045564307203859844,-0.008316654483853436
indiana,manager,-0.0032254499080184296,0.04201122033922683
indiana,mechanic,0.018950808455016954,0.0027930664017
indiana,miner,-0.021470009806381585,-0.0347088637360418
indiana,musician,-0.0017911338807375943,0.013180786397868016
indiana,nurse,0.05793962466841851,-0.02252372644285716
indiana,painter,-0.011024967331415558,0.0235152254804101
indiana,paramedic,0.020613344098082353,0.06701328914842669
indiana,pastor,-0.003702563435952211,0.006349135715947196
indiana,pharmacist,-0.0019358376983619197,0.053853954609757504
indiana,photographer,0.03914989749332509,0.04869172687204981
indiana,physician,0.008988445195505568,0.045489215333084476
indiana,police,-0.000658952146675218,-0.007125504535811705
indiana,professor,-0.00022785621642018583,0.011682406195685835
indiana,prosecutor,-0.0254262250550632,0.0649417721081299
indiana,psychologist,-0.004669478274406891,-0.008709396811091619
indiana,realtor,-0.008362712524869753,0.023514525451310275
indiana,reporter,-0.008905322980983676,-0.007813488593919615
indiana,sailor,0.015518562973218186,0.0103744009262412
indiana,scientist,-0.025283943608498616,0.03618856785570973
indiana,secretary,0.01598251944262663,-0.010870570009023695
indiana,sheriff,0.001017641072577291,-0.008864444100008903
indiana,soldier,-0.024877616199828423,-0.03440895291936011
indiana,surgeon,-0.006357487761502467,0.045489215333084476
indiana,teacher,-0.001326782168634355,0.003785926695159203
indiana,technician,-0.025499060585947086,0.018674974376226117
indiana,therapist,0.03135231128467075,-0.03328662020223816
indiana,trooper,0.012580977507805624,-0.008864444100008903
indiana,veterinarian,0.04298144582674357,0.04602807107113133
indiana,writer,0.03031501264391312,0.028656297392430807
iowa,accountant,0.052837124577344685,0.02144725151882443
iowa,administrator,0.027851582000306796,-0.0392392114148693
iowa,architect,0.01446815217039632,0.001651553562298208
iowa,artist,-0.014201034696455395,0.1921205336028931
iowa,athlete,0.020120160061874004,0.0507776141360205
iowa,attendant,-0.003285476829927414,0.09842282910461136
iowa,attorney,0.007836268428831006,-0.0258587995039824
iowa,auditor,0.03912936715499682,0.02144725151882443
iowa,author,0.00784412718430072,-0.015533760513437134
iowa,bartender,0.0005029193936473275,0.024566697573706775
iowa,biologist,8.072128591773975e-06,-0.0476989174488619
iowa,caregiver,0.03462369032957191,-0.011849451179254622
iowa,carpenter,0.01732422979390269,0.0008270876984158015
iowa,chef,-0.010138464290824323,0.03165224703149433
iowa,clergy,0.022126578816992315,0.006206487826751705
iowa,clerk,-0.007672131549081751,0.01198679855531759
iowa,coach,0.0018711336558978608,0.0507776141360205
iowa,consultant,0.009746572613815396,-0.0819387340825658
iowa,contractor,0.016150943639213766,0.010989075344528802
iowa,counselor,0.006940368315185297,0.10248416216240452
iowa,dentist,0.060690635267998894,0.06613280841268188
iowa,designer,0.01539993440012144,0.0719071416862368
iowa,detective,-0.00018445314124748702,0.132007889847557
iowa,dispatcher,0.03270823005163803,-0.0079265424293532
iowa,doctor,0.04317252285787543,0.022636024993597903
iowa,driver,0.030720934543664313,0.0074190197534255015
iowa,editor,0.011001517316176379,-0.015027993837951503
iowa,engineer,-0.0032844050995350926,-0.009924788243184199
iowa,executive,0.01684991403213576,0.11232232563980002
iowa,farmer,0.01631619353110525,-0.0163916574745174
iowa,firefighter,-0.01702634560843974,-0.006759237834979403
iowa,gardener,0.020881574968388383,0.025319569957061194
iowa,inspector,0.05103093779750356,0.01443382914502589
iowa,instructor,0.010877259122806016,-0.03684535432866698
iowa,journalist,-0.0063509771370166,0.07972272344489212
iowa,judge,-0.008396249878625861,-0.0258587995039824
iowa,lawyer,0.0030215382943901137,-0.0258587995039824
iowa,librarian,0.017412750485665596,-0.03679348760778234
iowa,manager,0.010048369773665966,0.033083453252413075
iowa,mechanic,0.015065950288710495,0.0068003922307131
iowa,musician,0.009902086976662172,0.050702638873080796
iowa,nurse,0.027995806772949328,-0.003363137231135793
iowa,painter,0.012083397278514263,-0.0444646049822303
iowa,paramedic,0.03545445289360072,0.002812037069385709
iowa,pastor,0.015531957032303367,0.006206487826751705
iowa,pharmacist,0.018835659076600675,0.055660433314999924
iowa,photographer,0.04417472815270984,-0.021450572675681956
iowa,physician,0.053071096474582746,0.022636024993597903
iowa,police,-0.006339470578115347,0.020782528996150795
iowa,professor,0.030404382813423947,-0.030474152434735446
iowa,prosecutor,-0.02017791616583564,-0.0258587995039824
iowa,psychologist,-0.009241163297185384,0.1769060725753664
iowa,reporter,0.007434138752469011,0.07972272344489212
iowa,scientist,0.0018360172707715394,-0.058904403661798665
iowa,secretary,0.011517328740935806,-0.02453436894360539
iowa,sheriff,0.006516784646317997,0.0333650428083488
iowa,soldier,-0.021380261735190476,0.0701513576620659
iowa,surgeon,0.014517167140430831,0.022636024993597903
iowa,teacher,0.001180337668301723,0.023507146321342764
iowa,technician,0.02688329175024229,-0.00756430034452682
iowa,therapist,0.029739371395725245,0.004951736066377221
iowa,trooper,0.003436771515177517,0.0333650428083488
iowa,veterinarian,0.03733808501714786,0.23678935891016023
iowa,writer,0.021619334011326874,-0.009632349823904263
kansas,administrator,0.01682741736626725,0.004778641232509706
kansas,artist,0.011809397194405324,0.11867230128546885
kansas,athlete,0.006734519325480304,-0.09518246516056511
kansas,attorney,0.03458350732151905,0.0840389555844111
kansas,author,0.03916943543322027,-0.09633174330819783
kansas,carpenter,0.03675158115322952,0.0038943651745215
kansas,chef,0.016114001583687143,0.025480744374406006
kansas,clerk,0.008891118850687496,0.005402563888385448
kansas,coach,0.012777830592200501,-0.09518246516056511
kansas,consultant,0.08452876602865667,-0.03778364229537495
kansas,contractor,0.0056453934677851425,0.0174596587966949
kansas,counselor,0.01661932446431369,0.03403744611767168
kansas,designer,0.06561497130457816,0.027236062979795195
kansas,detective,-0.006378292985126599,0.04494673657856596
kansas,doctor,-0.03873864259423654,0.061868056558195494
kansas,driver,0.003390376477863888,-0.0014961308311534083
kansas,editor,0.029506012956755368,0.008319260963634223
kansas,engineer,0.030358583787727156,0.0369974050103906
kansas,executive,0.010165852246787677,0.0633968373348037
kansas,farmer,0.0009159764114431423,-0.007314937641628702
kansas,firefighter,0.033584914541880284,-0.0211002445710766
kansas,inspector,-0.025227887420723016,-0.004300795110389666
kansas,instructor,0.042381772683920516,-0.011491830023659277
kansas,journalist,0.02553664864457328,-0.1793330816341565
kansas,judge,0.05418468571498136,0.0840389555844111
kansas,lawyer,-0.005461350573967572,0.0840389555844111
kansas,manager,0.014504246388309383,0.033536178818199314
kansas,mechanic,0.03839415049987516,-0.004887659819371594
kansas,musician,-0.0001560211405891021,0.003100557519019387
kansas,nurse,0.00011169221288465092,-0.023461748456565457
kansas,pastor,0.02854125780009864,-0.01983931569218078
kansas,photographer,0.022142920799745558,0.031754210036050834
kansas,physician,-0.030017220890945162,0.061868056558195494
kansas,police,-0.014545847931756839,0.014898025316383609
kansas,professor,0.060965067637899995,-0.038096955646420794
kansas,prosecutor,0.05746118933545963,0.0840389555844111
kansas,reporter,0.001992875143208117,-0.1793330816341565
kansas,scientist,0.006148881152811092,0.08835598622204
kansas,secretary,0.03840676944699761,-0.005480625877642975
kansas,sheriff,-0.0030966148984306052,0.01577407387919269
kansas,soldier,-0.019259024497562893,-0.00409884521027741
kansas,teacher,0.022837228986542835,0.012592661263742033
kansas,trooper,0.03176115698367654,0.01577407387919269
kansas,veterinarian,0.01195047056324905,0.14275091877794022
kansas,writer,0.01604105102236808,-0.06151842013743525
kentucky,administrator,0.009289821394327213,0.009255546553867178
kentucky,architect,-0.01008964004337165,0.04402767911841751
kentucky,artist,0.049946433533492374,0.014496964199808393
kentucky,athlete,0.059771643348638825,0.1348094923843775
kentucky,attorney,-1.3437472462518585e-06,0.07022352436220042
kentucky,auditor,0.043674360729413886,-0.006220546211831657
kentucky,author,0.012105467028031391,0.01354867829362727
kentucky,bartender,-0.0003212148456340769,0.0029473437355951315
kentucky,carpenter,0.014081097602671067,-0.00035097278865110076
kentucky,chef,0.022961016949444857,0.028708896687584196
kentucky,clerk,0.04268444222446666,-0.019404604625740673
kentucky,coach,0.04842756824445982,0.1348094923843775
kentucky,consultant,-0.03354375709330504,0.02775205152879251
kentucky,contractor,0.009412511281990943,0.028487283862217803
kentucky,counselor,0.028352311008236875,0.026869210363337337
kentucky,dancer,0.0295274749112312,0.05102310007937705
kentucky,designer,0.035235646872002424,0.0375207091012687
kentucky,detective,0.013386469909563825,0.010154445568015286
kentucky,dispatcher,0.03648172854935283,-0.09900133541132994
kentucky,doctor,-0.006780376311523284,0.0266074816437869
kentucky,driver,-0.007436776894106822,-0.003773416774111596
kentucky,editor,-0.011473486572620706,-0.04817082191184796
kentucky,engineer,0.010159981682560382,0.03348013062543939
kentucky,executive,-0.009067757894632433,0.0410626963364733
kentucky,farmer,0.026499782642938396,0.022309207066402104
kentucky,firefighter,0.015244454777096794,0.0025375950348524006
kentucky,inspector,0.04156863382633125,-0.0031923678394273347
kentucky,instructor,0.013447054638461409,0.013466672701678228
kentucky,journalist,0.05384103843988097,-0.10673952778694257
kentucky,judge,0.03764822217883512,0.07022352436220042
kentucky,lawyer,0.0070471007580277245,0.07022352436220042
kentucky,manager,0.028171538920391037,0.049586247165322395
kentucky,mechanic,0.02162552586467581,-0.0041874533724138
kentucky,miner,0.050321361091916206,0.0094394082275437
kentucky,musician,-0.011453863310489254,-0.06200870848816131
kentucky,nurse,0.02736107109205843,-0.019239036418799427
kentucky,paramedic,0.022300641356965967,-0.03135323239346627
kentucky,pastor,-0.0011924927680642128,0.03762685973663721
kentucky,photographer,0.03041726327538763,0.14684343317143356
kentucky,physician,-0.022489603288372684,0.0266074816437869
kentucky,police,0.010150238768822262,0.004292446344290102
kentucky,professor,0.01565302350170239,-0.0009154076555902835
kentucky,prosecutor,0.0405494427554165,0.07022352436220042
kentucky,reporter,0.010326342524145549,-0.10673952778694257
kentucky,scientist,0.035465370267389495,0.0725132596489419
kentucky,secretary,-0.0015509395698072304,-0.01847063192743925
kentucky,sheriff,0.025691319294919857,0.012666125714738005
kentucky,soldier,0.017125774511323688,0.008330902763036593
kentucky,surgeon,0.00765262389236665,0.0266074816437869
kentucky,teacher,0.02422774012739537,-0.0011219621388008916
kentucky,technician,0.008409587108755612,-0.03917000299375517
kentucky,therapist,0.04092716610971159,0.02068275829880828
kentucky,trooper,-0.01722128782520893,0.012666125714738005
kentucky,writer,0.013213721923778787,-0.02989804859720191
louisiana,administrator,0.037224672044299356,0.02649797038114765
louisiana,architect,0.024763429812099225,0.07632451348173808
louisiana,artist,0.03077583198481737,0.026545815740472767
louisiana,athlete,0.022188453894247062,0.21031420216571273
louisiana,attorney,-0.008271464625765779,0.029650182581613893
louisiana,auditor,0.04943688130361856,0.011392516401297126
louisiana,author,0.019699072056593492,-0.0627720296275549
louisiana,banker,0.00511674199715606,0.051237007582934035
louisiana,bartender,-0.04791666581263465,-0.02078966794424575
louisiana,chef,0.016900514852656312,-0.0070568907476060705
louisiana,clerk,0.03142377393023543,-0.016866816699830034
louisiana,coach,0.01792744701229454,0.21031420216571273
louisiana,consultant,0.03183794423588915,0.06171176317475613
louisiana,contractor,0.01646295780549356,0.008422064607327397
louisiana,counselor,-0.03422946661875004,0.05686539593427942
louisiana,designer,0.01896911300804638,-0.0005707546999511592
louisiana,detective,0.0046021880216270405,0.1020043788681908
louisiana,dispatcher,0.042613635641493786,0.014115399385277061
louisiana,doctor,-0.00864457891811965,0.03282396741999133
louisiana,driver,-0.012451735520260465,0.01620168134499078
louisiana,editor,-0.010695981565960189,0.18779580400720858
louisiana,engineer,0.026438640349718767,0.04851054698935249
louisiana,executive,0.055305693148333335,0.08782449998351041
louisiana,farmer,0.01332058366217892,0.0453588854823056
louisiana,firefighter,0.04940081352838088,0.004198746917994101
louisiana,inspector,-0.016702220583458383,-0.0688948330653269
louisiana,instructor,0.0222384074273293,0.016211979562547052
louisiana,journalist,0.05120201805785762,-0.051918048316366316
louisiana,judge,0.022423460507390858,0.029650182581613893
louisiana,lawyer,-0.006830352589334732,0.029650182581613893
louisiana,manager,0.03661394873528423,0.032105884302436605
louisiana,musician,0.028573419726604876,0.026677041689414982
louisiana,nurse,-0.0166490330605501,-0.00209263678748961
louisiana,painter,-0.002175561694504391,0.05683383182655559
louisiana,paramedic,-0.0013860683626580883,0.05203486127830892
louisiana,pastor,-0.008713949624402861,0.027684343040990586
louisiana,photographer,0.00299713291283199,-0.09083895533803465
louisiana,physician,0.0002029094159453626,0.03282396741999133
louisiana,police,0.001897200206890437,0.00021658808033281352
louisiana,professor,0.038630536328341236,0.03047476236179547
louisiana,prosecutor,-0.005139279135886965,0.029650182581613893
louisiana,realtor,0.06784756897764621,0.039301557624505934
louisiana,reporter,0.00044163633619143106,-0.051918048316366316
louisiana,scientist,0.016834106683070393,0.09967174955878488
louisiana,secretary,0.03309159761154512,-0.01173173268089045
louisiana,sheriff,0.033887407490171384,-0.0003145278273113117
louisiana,soldier,0.0007122813025030039,0.04309235178672931
louisiana,surgeon,0.023214061995925017,0.03282396741999133
louisiana,teacher,0.034796251381023935,-0.018842025403550622
louisiana,technician,0.022410688305006587,0.009348725164288862
louisiana,trooper,-0.03048077189432652,-0.0003145278273113117
louisiana,veterinarian,0.03204255628275576,0.23392469001305216
louisiana,writer,0.001990232414692983,-0.0633152921667357
maine,administrator,-0.010651374200434494,0.002838163353573675
maine,architect,-0.054870898499602694,0.1946679177407499
maine,artist,0.004983154943718704,0.0005612889253522324
maine,athlete,0.07068635053211869,-0.028838767573675816
maine,attorney,-0.0479380668139503,0.0035662715856918936
maine,author,-0.032195456008420664,0.05484737250621774
maine,biologist,0.031917724310682516,-0.20964761853419694
maine,broker,0.01602559206630849,0.00967537867460544
maine,carpenter,0.02321109519347575,-0.0028330248589904985
maine,chef,0.07023467357853286,0.016742715803521907
maine,clerk,-0.0027756119375623722,-0.0063861284735952095
maine,coach,0.005407747696176357,-0.028838767573675816
maine,consultant,0.016961512615916496,0.041307623495290824
maine,contractor,-0.010536361023411045,0.0381814741284072
maine,counselor,-0.0044990798772560625,-0.004244072006567401
maine,designer,0.04415296808128677,-0.00021906338514288137
maine,detective,-0.01841605698421167,0.16445460559808048
maine,doctor,0.010261429285128965,0.11440559081663104
maine,driver,0.07499303691131742,-0.001520375539813601
maine,editor,0.015026810784188216,-0.06907511165393332
maine,engineer,0.0038531544366076087,0.07476249362551529
maine,executive,0.0165342385042071,0.048525341398899635
maine,farmer,0.01334357659551455,-0.03476632366461452
maine,firefighter,0.0008291872311749771,0.013273152399321503
maine,inspector,0.05517469169292988,0.0076694798527460195
maine,instructor,0.008942334028760546,0.041934983650665614
maine,journalist,0.00238373069970943,0.04956313593509193
maine,judge,0.005645332512748236,0.0035662715856918936
maine,lawyer,-0.033889685827982796,0.0035662715856918936
maine,librarian,0.025129905889411885,-0.09048347062706885
maine,manager,0.02582367968465371,0.05000944343155744
maine,mechanic,0.002119382654169888,-0.0032962375017427
maine,musician,-0.021712415346640368,0.05578988177325972
maine,nurse,-0.05015051733445208,-0.006783769343787438
maine,painter,-0.0319792590237582,-0.023831289828858904
maine,pastor,0.013776107452992958,0.06313557854719098
maine,photographer,0.03784463780435643,0.18337637720617578
maine,physician,-0.019582385065538332,0.11440559081663104
maine,police,-0.007891244838388323,0.0184002238751758
maine,professor,-0.013765898546636679,0.07605396718381208
maine,prosecutor,-0.0009603682694223625,0.0035662715856918936
maine,reporter,0.004698504782978952,0.04956313593509193
maine,sailor,0.07867305766645605,0.0795814568536912
maine,scientist,0.017028414270738645,-0.017900424558884742
maine,secretary,0.02675634506243818,-0.010043432589715073
maine,sheriff,-0.02765357229411458,-0.0014866409390000973
maine,soldier,0.01208930796552854,0.009263885835663399
maine,surgeon,-0.0020813760542391924,0.11440559081663104
maine,teacher,0.020567130844773684,0.006299186762173559
maine,technician,0.013543848641872192,-0.025455514853788608
maine,trooper,-0.005160199695254941,-0.0014866409390000973
maine,writer,0.0073599170523560575,0.05305532321526263
maryland,accountant,0.00931807572952692,-0.0066054561802416645
maryland,administrator,0.029700242421782264,0.002090769452468444
maryland,architect,0.006937967609575768,-0.06876165562281639
maryland,artist,-0.006682138570490048,-0.039094206948350974
maryland,athlete,-0.0004422284819175504,0.01163251018712358
maryland,attorney,-0.006846978884589183,0.06101349182291477
maryland,author,-0.04555012484835941,-0.0030090427269395814
maryland,broker,-0.013042180092657119,0.0013002463253258822
maryland,carpenter,-0.0034361356818807254,0.011918413527593
maryland,chef,0.02471268212633826,0.03563906571659453
maryland,clerk,0.009506811802839521,-0.0003443387563054623
maryland,coach,-0.014475565600130413,0.01163251018712358
maryland,consultant,0.0076974850315636445,0.016211657552627212
maryland,contractor,0.003783356968986684,0.009761024201265296
maryland,counselor,0.017239324430627367,0.02286590861381832
maryland,dancer,0.0019363960865633745,0.0070019035555776155
maryland,designer,-0.0020442048390723055,0.02375812773733188
maryland,detective,0.010541298956503686,0.044462170512174326
maryland,dispatcher,0.024279820779058325,0.034448504591581
maryland,doctor,0.026966291357312655,0.044136794279550196
maryland,driver,0.0023432461187424813,0.023708142534678595
maryland,editor,0.03222976500386321,0.014868709986069928
maryland,engineer,0.011071770869527375,0.021251406235601705
maryland,executive,0.04090080480546887,0.07636419268668662
maryland,farmer,0.009771836202123407,0.022147260987098683
maryland,firefighter,-0.015177126923727968,-0.010038724043778903
maryland,inspector,-0.004461264367061402,-0.03266205133056771
maryland,instructor,0.03239560320396251,0.006330912808938383
maryland,journalist,0.020788062524666584,-0.009401182429055688
maryland,judge,0.015337328000490258,0.06101349182291477
maryland,lawyer,-0.0014069064145293408,0.06101349182291477
maryland,manager,-0.008695779364215506,0.041473553236218985
maryland,mechanic,-0.012684318790264104,-0.0053132875552198006
maryland,miner,-0.0069023719906042835,0.0
maryland,musician,-0.00969872223864876,-0.06900936400232571
maryland,nurse,0.00979481881070654,-0.01771520129577797
maryland,painter,0.01658993138931708,-0.0073932723101367975
maryland,paramedic,0.0053987495893367266,0.07172164413676269
maryland,pastor,0.005291279894241607,0.008571978994885515
maryland,photographer,-0.0005828502229962007,0.10443804997473327
maryland,physician,0.004317764274179514,0.044136794279550196
maryland,police,-0.007191547800372122,-0.02106547397053199
maryland,professor,0.028914941308511577,0.01928239929143094
maryland,prosecutor,0.026503988321687655,0.06101349182291477
maryland,psychologist,0.03039713971561886,0.08346557616073969
maryland,reporter,-0.02934371143563408,-0.009401182429055688
maryland,sailor,-0.007539992028051112,0.0420809684561618
maryland,scientist,0.041471290589287335,0.038567031492317216
maryland,secretary,-0.003407298863859154,-0.018781026329485417
maryland,sheriff,0.02575324353032138,-0.015736529901555912
maryland,soldier,0.030775425530805145,-0.014141711598891299
maryland,surgeon,-0.0023469184821465205,0.044136794279550196
maryland,teacher,0.020139785667536714,-0.00899757566767967
maryland,technician,-0.021761319694619252,-0.03377554093084695
maryland,trooper,-0.021926107352039037,-0.015736529901555912
maryland,veterinarian,0.018648821950112304,0.10682311702872249
maryland,writer,-0.018793623164533035,0.015056369236185696
massachusetts,accountant,0.02577664262323176,0.00846051490776445
massachusetts,administrator,0.010285948910379705,-0.009963911109695855
massachusetts,architect,0.005923331464908088,0.03268880184994566
massachusetts,artist,-0.005807475856119071,0.054988820081904644
massachusetts,athlete,0.029863486725787425,-0.026378316411483083
massachusetts,attendant,0.0034060051848191497,0.07148490849449429
massachusetts,attorney,-0.01117140558198415,0.05302884995728607
massachusetts,auditor,0.04573500446440626,0.00846051490776445
massachusetts,author,0.021166610796228946,0.03071870925661002
massachusetts,banker,0.0429954079387882,-0.012218566466905334
massachusetts,bartender,-0.018516707301191926,-0.025453380397498226
massachusetts,biologist,0.006402462486728933,0.019195369136653206
massachusetts,broker,0.0019509377174768971,-0.013587331757928034
massachusetts,caregiver,-0.004986840656249769,-0.002094336458991153
massachusetts,carpenter,0.0007639025283858736,0.0032745784914299005
massachusetts,chef,0.008192947869670064,0.010706858694817578
massachusetts,clergy,-0.006584356544518166,0.0040445072293003315
massachusetts,clerk,0.022395022085456406,0.01142130784601747
massachusetts,coach,0.020114893541630208,-0.026378316411483083
massachusetts,consultant,0.02542022147962708,0.04217680026687182
massachusetts,contractor,0.01929082893042544,0.029394981730640403
massachusetts,counselor,0.023027965996489264,0.053650511220565966
massachusetts,custodian,0.019133320411443888,0.055862844699624686
massachusetts,dentist,0.053945091061479045,0.09542719396221122
massachusetts,designer,-0.0021171009614233682,0.05937803432254907
massachusetts,detective,0.022775232798962763,-0.020500286134014167
massachusetts,dispatcher,0.0028400391823689697,0.060725257574816505
massachusetts,doctor,-0.01151449449047992,0.02344445088557051
massachusetts,driver,0.018805997316240664,0.0032778121794729
massachusetts,editor,0.02238610163040189,0.03226019690738258
massachusetts,engineer,0.040227836569757924,0.045258241226983104
massachusetts,executive,0.016835533480391796,0.06224379838131533
massachusetts,farmer,-0.010738285159564542,0.0001831211256748122
massachusetts,firefighter,0.03154655044027699,-0.002595099159913298
massachusetts,gardener,-0.02635996433755816,0.025185722745267897
massachusetts,inspector,0.009940731416447024,0.016964616899745488
massachusetts,instructor,-0.031849703568356924,0.005549337608146465
massachusetts,journalist,0.015105374682155004,-0.12742178568190765
massachusetts,judge,0.010733349802663827,0.05302884995728607
massachusetts,lawyer,0.025606087142348133,0.05302884995728607
massachusetts,librarian,-0.006946624066586526,-0.01757575581266635
massachusetts,manager,0.022861061454390263,0.05302206067649301
massachusetts,mechanic,0.013378968509957456,0.0025075593338114988
massachusetts,musician,-0.00405676585548953,-0.02612347330930226
massachusetts,nurse,0.008334158955898285,-0.01508140787806278
massachusetts,painter,0.0009661884688156874,0.008370144703033697
massachusetts,paramedic,0.02411031928365015,0.036855365958613884
massachusetts,pastor,0.004292319186115501,0.0040445072293003315
massachusetts,pharmacist,0.016685046339778187,0.08231747131932787
massachusetts,photographer,0.031620837574913074,-0.035453679756194234
massachusetts,physician,0.005885647029979957,0.02344445088557051
massachusetts,police,-0.0027353567682926183,-0.0029327708459202934
massachusetts,professor,-0.011299101301099457,0.010609705514779078
massachusetts,prosecutor,0.0011991394013015633,0.05302884995728607
massachusetts,psychologist,0.05512832557323599,0.052241759399971666
massachusetts,realtor,0.017910141996483775,-0.02902138839464541
massachusetts,reporter,0.014017577444022433,-0.12742178568190765
massachusetts,sailor,0.027160275863481798,-0.035237459090029795
massachusetts,scientist,-0.003639292802690486,0.02883916181563201
massachusetts,secretary,0.03825862639063837,-0.024500949312896037
massachusetts,sheriff,0.020182258454772617,-0.0023933648768314914
massachusetts,soldier,0.01940828466591671,-0.054381775597730095
massachusetts,surgeon,0.0123308973009284,0.02344445088557051
massachusetts,teacher,0.006451620006096226,0.007546292584515224
massachusetts,technician,0.050752661194547466,-0.007824559054189884
massachusetts,teller,0.020807880689285962,-0.024454030986748143
massachusetts,therapist,0.017760154936768302,-0.024572251699367054
massachusetts,trooper,-0.0011291665937229745,-0.0023933648768314914
massachusetts,veterinarian,0.005207550856674459,0.17063588585188427
massachusetts,writer,0.03205312720857123,0.010384689609864384
michigan,accountant,-0.028662171594257102,-0.0075562731507238245
michigan,administrator,0.0005155155352196683,0.018009279498411357
michigan,architect,-0.00029151401990223924,0.06182981483883351
michigan,artist,0.003949444437116534,0.035891226073582194
michigan,athlete,0.004368061348985597,0.06637965644417998
michigan,attendant,-0.05702365219982308,-0.06022388858013977
michigan,attorney,0.0022505664964461713,0.03947201753627261
michigan,author,-0.007644511660839126,0.05092616978484232
michigan,banker,0.029129260984604888,0.019471776300236776
michigan,bartender,0.011297429220962663,-0.02413698562202038
michigan,biologist,-0.044615270215863756,-0.05701147012570812
michigan,broker,0.0004865716248620977,0.013457428875264632
michigan,caregiver,-0.027150630243229168,0.0013539543226817052
michigan,carpenter,-0.015987197634460992,0.0055256066764856025
michigan,chef,0.0034753595907268675,0.03192139459409027
michigan,clergy,0.0002521542853348713,0.01483100768483911
michigan,clerk,0.0025363298354958985,-0.003240486194236114
michigan,coach,0.005885656177075815,0.06637965644417998
michigan,consultant,-0.025364013771423943,0.020084289085371576
michigan,contractor,-0.004285808237940669,0.006016010245863707
michigan,counselor,-0.016958049181617918,0.09255660178067693
michigan,custodian,0.005634759272339918,0.01054303300417142
michigan,dancer,-4.719798643482154e-05,-0.13892732234136596
michigan,dentist,-0.042335717937372896,0.1367010725401616
michigan,designer,-0.02747114293810804,0.0452998491533918
michigan,detective,0.00758156954798872,0.01196764820286722
michigan,dispatcher,0.01485231497244055,0.011556989780689197
michigan,doctor,-0.002071421644530891,0.05514425601688849
michigan,driver,0.032297241019869194,0.0037408815328046074
michigan,editor,-0.001827363595607867,-0.030269683739312048
michigan,engineer,0.007357183761345976,0.024661143820719683
michigan,executive,0.002918618254569516,0.06314643799686911
michigan,farmer,0.03214609460084994,0.01790290673792419
michigan,firefighter,-0.0051632873410700775,0.0008138064476581053
michigan,gardener,0.013901447451925453,0.021854559882425004
michigan,inspector,0.023848457727945416,0.008535672005471728
michigan,instructor,-0.027587380796971983,-0.004087928035570121
michigan,journalist,-0.013090221195078633,-0.009863739728267207
michigan,judge,-0.001556012393425954,0.03947201753627261
michigan,lawyer,0.013787564703001909,0.03947201753627261
michigan,librarian,-0.025623306643032473,0.048488586724539706
michigan,manager,-0.02768985104840138,0.054110050991195424
michigan,mechanic,-0.003984369682420219,0.0010029955513611993
michigan,miner,-0.022557316091137092,0.008850483371159505
michigan,musician,-0.012846161813041324,-0.02273766223665502
michigan,nurse,-0.008163195865726336,-0.03403297866880628
michigan,painter,-0.0328808189181754,0.018465689472033697
michigan,paramedic,-0.022440181094912415,0.035559330930588384
michigan,pastor,0.01228729564721942,0.01483100768483911
michigan,pharmacist,0.02831692853681511,0.054598184126814275
michigan,photographer,-0.02026707569948505,-0.06410548366192398
michigan,physician,-0.01255862847882283,0.05514425601688849
michigan,police,0.0010670138066242174,0.027972335841773888
michigan,professor,-0.014748801933389122,-0.011579524874949065
michigan,prosecutor,0.005577583835154276,0.03947201753627261
michigan,psychologist,-0.02139111669848215,0.06825379411609411
michigan,realtor,0.019922000754225122,0.0004771457809290558
michigan,reporter,-0.009988958908128676,-0.009863739728267207
michigan,sailor,0.018321373332115365,-0.03158427100148901
michigan,scientist,-0.004722207642305243,0.028913619080559394
michigan,secretary,-0.007621697498975011,-0.014189607524762393
michigan,sheriff,-0.0108407669713525,0.030233111850442307
michigan,soldier,0.0020810978276558645,-0.008987231472130014
michigan,surgeon,0.015219236642336709,0.05514425601688849
michigan,teacher,0.010696807951750653,0.014284913076352379
michigan,technician,-0.008370989757343628,-0.03508048185611523
michigan,teller,-0.0056223650874065445,-0.024771055142268184
michigan,therapist,0.010448929493265702,0.010046439376838134
michigan,trooper,0.03876445416640373,0.030233111850442307
michigan,veterinarian,-0.04619778764934801,0.16249835553194225
michigan,writer,0.005989865278999251,0.06389949304660514
minnesota,administrator,-0.020314179868176407,0.007867337805248287
minnesota,architect,0.01138964476413995,-0.041186450320679885
minnesota,artist,0.005303160525776285,0.009057841904337338
minnesota,athlete,-0.02999613649898958,0.09233798299595641
minnesota,attendant,0.013012824022995972,0.02258318159081829
minnesota,attorney,-0.001220771358190209,0.04412429971113069
minnesota,auditor,0.021640716792195702,-0.0045621349277178425
minnesota,author,0.019307564316985992,-0.00848957568987152
minnesota,broker,-0.03091022814841815,0.015445580706313522
minnesota,caregiver,0.031929088059334476,-0.030211020843194603
minnesota,carpenter,-0.014272988569248524,0.0079443558337174
minnesota,chef,0.02718700774151428,0.05079222135521719
minnesota,clerk,0.025169360542439123,0.029599649550200335
minnesota,coach,-0.003658355426408466,0.09233798299595641
minnesota,consultant,0.02858574088781629,-0.014654153523704638
minnesota,contractor,-0.020769173006817354,0.0199328128763748
minnesota,counselor,-0.004471125160439571,-0.0025294539011796457
minnesota,custodian,0.0018966875974921749,0.014515537803242384
minnesota,dancer,0.056910484261511685,-0.09389953679460183
minnesota,designer,0.01806445424876424,0.010192776226705225
minnesota,detective,0.01389956813872073,0.029719079176084018
minnesota,dispatcher,-0.0011639492272751406,-0.013279801579472894
minnesota,doctor,-0.022107930218420835,0.047345394481051295
minnesota,driver,-0.009928611862613956,0.008015135286616196
minnesota,editor,0.009093266571908787,0.012586147040014262
minnesota,engineer,-0.009197938880763257,0.020570221513038
minnesota,executive,-0.0007465185737086655,0.06106088358170303
minnesota,farmer,-0.008654451775087835,-0.007028822259470588
minnesota,firefighter,-0.018072552259401076,0.007831055747356097
minnesota,gardener,0.025429256391544364,0.0109154197604069
minnesota,inspector,0.0018973707445533172,-0.01674415527592621
minnesota,instructor,0.022645470778168586,0.027531612161218466
minnesota,journalist,0.03193785610194699,0.06207178679746228
minnesota,judge,0.009778976334106515,0.04412429971113069
minnesota,lawyer,0.021129334982691983,0.04412429971113069
minnesota,librarian,0.05576002101364963,-0.04254575759477386
minnesota,manager,-0.0005899741193606811,0.0489942376508527
minnesota,mechanic,0.015332588691152949,0.00012281841121779963
minnesota,miner,-0.04160212121175355,0.0691517937877382
minnesota,musician,-0.0017985302203712417,-0.06820827835950727
minnesota,nurse,0.01572716122609552,-0.028628462709818003
minnesota,paramedic,-0.016532859633300867,-0.043614421266176595
minnesota,pastor,-0.004020799692708743,0.038943139441819596
minnesota,photographer,0.008572354980491692,0.07228882730020814
minnesota,physician,0.00410228552443348,0.047345394481051295
minnesota,police,0.0071183899135989215,0.025559344408721
minnesota,professor,0.024522515314181925,0.05999327905953328
minnesota,prosecutor,0.013821374447901769,0.04412429971113069
minnesota,realtor,0.00901700616078327,0.016159222635680093
minnesota,reporter,0.013436051197426191,0.06207178679746228
minnesota,scientist,-0.004677726484166644,0.08080259035300502
minnesota,secretary,-0.021663285809378374,-0.01899132181466423
minnesota,sheriff,0.0072623688828405975,0.0250719703210958
minnesota,soldier,-0.013040858192076343,0.0013844269377455976
minnesota,teacher,0.04937249221995588,0.003990996308613548
minnesota,technician,-0.00855667637612978,0.012947401263539215
minnesota,therapist,0.02899913232641005,0.006104996191211742
minnesota,trooper,0.012579019136981118,0.0250719703210958
minnesota,veterinarian,-0.032759393897898614,0.11760799955795831
minnesota,writer,0.003252344346909908,-0.017655187843918174
mississippi,administrator,0.0076992870253896895,0.033002221180373326
mississippi,artist,0.013598277093711753,0.041347008012234676
mississippi,athlete,-0.01960458129469267,0.046310263485943304
mississippi,attorney,0.00890989603254777,0.0688017280801434
mississippi,auditor,0.013901425226951591,-0.00694140616005845
mississippi,author,0.024353833740616726,-0.03434764753876873
mississippi,carpenter,0.03776208310675111,0.023120357214072802
mississippi,chef,0.002283436922322024,-0.07027980189953181
mississippi,clerk,0.04621356934978671,0.005939671222721765
mississippi,coach,-0.010469726525094702,0.046310263485943304
mississippi,consultant,-0.0224373803062079,0.13434892615197397
mississippi,contractor,-0.013680421139615762,0.006773929479163297
mississippi,counselor,0.0385749138037933,0.007587709201292037
mississippi,designer,-0.016762417853731004,-0.08187194256879499
mississippi,detective,0.006283011644270142,0.01769099036412411
mississippi,doctor,0.01592801104878483,-0.033760523425300115
mississippi,driver,0.026484594169550513,0.0019293209711404025
mississippi,editor,0.009513018180824617,-0.11978893421414222
mississippi,engineer,-0.0019142029271610461,0.0278900789108152
mississippi,executive,0.013552247106124016,0.081759736858776
mississippi,farmer,-0.0007490773629753589,-0.019866382102350505
mississippi,firefighter,-0.036290300503308726,-0.0236290878297644
mississippi,inspector,-0.0308078657333144,0.024027791438678114
mississippi,instructor,-0.006570174785542782,0.04371812653685936
mississippi,journalist,-0.01231212336508225,-0.350981602283542
mississippi,judge,0.009136601068695738,0.0688017280801434
mississippi,lawyer,-0.015077200186477735,0.0688017280801434
mississippi,manager,-0.03010400563932647,0.03025209092764969
mississippi,mechanic,-0.004453479339636135,-0.005625242709330701
mississippi,musician,0.024260282320264892,-0.0929038371992763
mississippi,nurse,0.02330501461157497,-0.009854911904994434
mississippi,pastor,-0.008385132598961786,0.04823046392830489
mississippi,photographer,-0.01117239783947499,0.11366780646936292
mississippi,physician,0.03426856387996424,-0.033760523425300115
mississippi,police,-0.009711887239252093,-0.051957556538447094
mississippi,professor,0.028429201164532625,0.023376806158744934
mississippi,prosecutor,0.028210123395384756,0.0688017280801434
mississippi,reporter,-0.02098857497003548,-0.350981602283542
mississippi,scientist,-0.01603501004846053,0.10579059744276698
mississippi,secretary,0.04706861987606392,-0.005370189411728066
mississippi,sheriff,-0.0070165048578214595,-0.0679348835605252
mississippi,soldier,-0.0525572322190998,0.011082757499711687
mississippi,surgeon,0.02165869317050617,-0.033760523425300115
mississippi,teacher,0.01859908444411884,-0.002717394921036509
mississippi,technician,-0.02111632865261648,0.024208010492552723
mississippi,therapist,0.028585504023799446,-0.01736577931350458
mississippi,trooper,0.02408346911952486,-0.0679348835605252
mississippi,writer,-0.02587339456627802,-0.09481160121370724
missouri,accountant,0.009000772081836583,-0.014045352677431122
missouri,administrator,-0.02306789541801124,0.04096514815056229
missouri,architect,-0.017885317660308653,0.01411659505896512
missouri,artist,-0.01377896145268609,0.021130939588114572
missouri,athlete,-0.006517266452850445,-0.013047082047209113
missouri,attendant,-0.046338453204857744,0.022482993539890195
missouri,attorney,0.006922834401246414,0.03840826066382802
missouri,auditor,0.037338093137606054,-0.014045352677431122
missouri,author,-0.0024507541802071264,-0.044922044990397536
missouri,banker,-0.004004256985639776,0.012792908347763587
missouri,bartender,-0.043014793795870476,-0.004335474179093524
missouri,biologist,-0.04705446232902477,-0.05464540158731551
missouri,broker,0.010046171941050841,0.04718459145235854
missouri,caregiver,0.002649023502983794,-0.028190957846791043
missouri,carpenter,0.0007695813438969301,0.0040344766065399
missouri,chef,-0.019317087422137114,-0.020636990073199885
missouri,clergy,-0.006679611807608565,-0.002323653699045025
missouri,clerk,-0.013445435773019376,-0.010548949328283541
missouri,coach,-0.01848604753899541,-0.013047082047209113
missouri,consultant,0.005135200493162184,0.02150179689423931
missouri,contractor,-0.04696030505052362,0.012046609050700097
missouri,counselor,-0.03781347435507021,0.01724465302666378
missouri,dancer,-0.019346905969738204,-0.08515211014896373
missouri,dentist,0.017637972479362718,0.13574649859679347
missouri,designer,-0.01391357611425903,0.03402808068920804
missouri,detective,-0.01391857967984167,0.025978282772733563
missouri,dispatcher,0.007276625737555831,0.029895564743272374
missouri,doctor,-0.028887054683744195,0.022405366302672702
missouri,driver,-0.01444702000192677,0.002086789542942294
missouri,editor,0.012355727765786195,0.02872311745692424
missouri,engineer,-0.01192709526620317,0.025893293864154898
missouri,executive,0.017589373760369953,0.04204572511084442
missouri,farmer,0.02268285513026147,-0.0161164820175312
missouri,firefighter,-0.01078146806589364,0.008002791625417002
missouri,inspector,-0.02866590270545677,0.029204357526385893
missouri,instructor,-0.02848863925335887,0.008817494226166844
missouri,journalist,0.014702983353838572,0.023179206653983375
missouri,judge,-0.0023796746983153483,0.03840826066382802
missouri,lawyer,0.00886473560746237,0.03840826066382802
missouri,librarian,-0.024182846922593537,0.009356482035110414
missouri,manager,-0.0003229659442107735,0.05583941902722972
missouri,mechanic,0.008970340578069669,0.0097413117841425
missouri,miner,0.01720469535680169,0.0197657179819792
missouri,musician,-0.0122332106294879,0.043333349828599876
missouri,nurse,-0.011676496077131393,-0.011947298077786939
missouri,paramedic,-0.009241212524119358,-0.020848171241877878
missouri,pastor,0.015269741368369671,-0.002323653699045025
missouri,photographer,-0.023642538766990517,0.1109857196974211
missouri,physician,-0.08672918229019333,0.022405366302672702
missouri,police,0.0024843711539258573,-0.0005088394817575892
missouri,professor,-0.03112254366290601,0.014849187542994358
missouri,prosecutor,0.02061381425484421,0.03840826066382802
missouri,psychologist,-0.027623803268352787,0.08939644607075892
missouri,realtor,0.008698538875317907,0.014419240770504271
missouri,reporter,0.010840882853086153,0.023179206653983375
missouri,scientist,0.023276135511242968,0.02122687356059061
missouri,secretary,-0.008517337481776854,-0.014347890570239663
missouri,sheriff,-0.024217198517796024,-0.0115610855957258
missouri,soldier,-0.021138835982960846,0.0019378577743087155
missouri,surgeon,-0.03730033470404004,0.022405366302672702
missouri,teacher,-0.025375327828069505,-0.010614437661898735
missouri,technician,0.006769741838668075,-0.032795075343882596
missouri,therapist,-0.02460649703734774,0.0026616929583908044
missouri,trooper,-0.0069210458723591994,-0.0115610855957258
missouri,veterinarian,-0.017434943722693053,0.024391183073196487
missouri,writer,0.025866591910929326,-0.021207803253288526
montana,administrator,0.02461910832961134,0.010764631723777285
montana,architect,0.002022597061093423,0.0649872645415695
montana,artist,0.05713235063550959,0.14712066169453886
montana,athlete,-0.009129495115920871,0.10364083102037391
montana,attorney,0.007130634962134508,0.10755544886111068
montana,author,-0.000895405480816458,-0.0511673829857634
montana,bartender,-0.04893207456321558,-0.0013774229377826464
montana,biologist,0.0035868774704266304,0.08314046120311192
montana,broker,0.008265127318176857,0.09164558547947521
montana,caregiver,0.04773665895643586,-0.011175551934537231
montana,carpenter,0.03316106810447372,-0.014033624869458798
montana,chef,0.01084548995841128,0.05736262644504253
montana,clerk,0.018214318032529375,-0.08249638409544058
montana,coach,0.020790358626762373,0.10364083102037391
montana,consultant,-0.011327260613397838,0.05118773409033417
montana,contractor,0.025750123284781545,0.0057374159569084995
montana,counselor,-0.0010722049693996372,0.05009838213075468
montana,dentist,0.006599130421820032,0.07535917312311752
montana,designer,0.009694238395340005,-0.08375806399996988
montana,detective,-0.0053052746993537125,0.2014523704243787
montana,dispatcher,0.05443629681326001,-0.0480141878372663
montana,doctor,-0.011126590211666954,0.03867031445450908
montana,driver,0.014913324126047067,0.0256914034927372
montana,editor,0.008593036314424873,-0.06025633882050385
montana,engineer,-0.009009509603897126,0.019525443249338206
montana,executive,0.03259506653149369,0.10616322129234443
montana,farmer,0.009029564533612033,0.019460386163539206
montana,firefighter,0.026473279325066934,-0.15122281678935778
montana,inspector,0.009362064958515548,0.05557974917876682
montana,instructor,-0.056702226218984464,0.09908870710187151
montana,journalist,0.011093653153115057,0.06540594193542151
montana,judge,-0.01279200649127965,0.10755544886111068
montana,lawyer,0.01873325370442691,0.10755544886111068
montana,manager,0.04349381636090022,0.053730508724049664
montana,mechanic,0.01445557289953825,0.013038742735048202
montana,miner,0.01471285425048896,-0.012886177974396798
montana,musician,-0.02997071884691993,0.12246812369298571
montana,nurse,0.02575473418278218,-0.018675091071854055
montana,painter,0.022198107423133884,-0.04446631764237269
montana,pastor,0.006736153614870788,0.0770048114099936
montana,photographer,-0.017316567192314003,0.009880264774051128
montana,physician,0.007421508047023684,0.03867031445450908
montana,police,-0.008657876748022209,-0.017581953943818507
montana,professor,0.008519602985741503,0.12335910106513837
montana,prosecutor,-0.0031303165913295627,0.10755544886111068
montana,reporter,-0.02852150914322682,0.06540594193542151
montana,scientist,0.0023301422857024967,0.08547341829451122
montana,secretary,0.024102050163259836,-0.0077689538455315565
montana,sheriff,0.008435168766071532,-0.035674996318488306
montana,soldier,-0.0021609664856254707,0.0583810979608083
montana,surgeon,0.010071806124452798,0.03867031445450908
montana,teacher,-0.010355136271049337,0.007743662608846846
montana,technician,-0.007110783989013658,-0.029689606203505026
montana,therapist,-0.026182312944649788,0.06273074422299751
montana,trooper,0.03326377710743611,-0.035674996318488306
montana,veterinarian,0.004520609312808177,0.13188566110318928
montana,writer,-0.02934505937391385,-0.0949312558653781
nebraska,accountant,-0.01797844531395343,-0.02550523300080232
nebraska,administrator,0.010647895912724636,0.04990046526180214
nebraska,architect,0.049242298152920916,0.031694099546859394
nebraska,artist,-0.0062253153594857835,0.18216373612185843
nebraska,athlete,0.015032819538418729,0.1184544423100447
nebraska,attendant,-0.02378624391738393,-0.02468920452249973
nebraska,attorney,0.03127111685525352,0.07129117573437332
nebraska,author,0.002839687383859424,-0.09040758408466143
nebraska,carpenter,0.018646832755398357,-0.005760478626542
nebraska,chef,0.01975908161122908,-0.006934472825401328
nebraska,clerk,0.03818249561276399,-0.021631284062858414
nebraska,coach,-0.011130664208564345,0.1184544423100447
nebraska,consultant,0.0037702404705854953,0.027589368727919894
nebraska,contractor,0.05211046078332937,0.007986626928493896
nebraska,counselor,0.048447845563562186,0.06408181261760004
nebraska,designer,0.02416762254916971,0.08553998038017363
nebraska,detective,0.009107228150470381,0.12124162655073928
nebraska,doctor,0.018353070392798432,0.026221545038616123
nebraska,driver,0.011296233072110695,-0.017595822701735098
nebraska,editor,0.015704421632191323,0.20100579074381625
nebraska,engineer,0.04604474997325925,0.052353794119232105
nebraska,executive,0.027473020079539112,0.030289103369312675
nebraska,farmer,0.05384799326055412,0.005505805103194594
nebraska,firefighter,-0.004475882160386191,-0.0707019833054038
nebraska,inspector,0.05004600287233929,0.003472452576441687
nebraska,instructor,-0.0026152049355092633,-0.03310515306746609
nebraska,journalist,0.014254859303975853,0.08805600416435622
nebraska,judge,0.0008854051904074733,0.07129117573437332
nebraska,lawyer,0.01660746448765682,0.07129117573437332
nebraska,manager,0.03211372622186004,0.012876500505502597
nebraska,mechanic,0.011146523850470547,-0.0063550492081589
nebraska,musician,0.007027959608814305,0.04225708276425266
nebraska,nurse,0.04895411298293961,-0.021072639228765677
nebraska,pastor,0.02790219844211106,0.039222709518047905
nebraska,photographer,0.0098087289178872,0.033084115449679485
nebraska,physician,0.05409271571057739,0.026221545038616123
nebraska,police,0.003836778633232729,-0.0707385633254666
nebraska,professor,0.04421504953549382,-0.025259075755345417
nebraska,prosecutor,0.012464962647281363,0.07129117573437332
nebraska,psychologist,0.020368373076548818,0.24912441696576315
nebraska,reporter,0.010012393297271327,0.08805600416435622
nebraska,scientist,0.06001672197561636,-0.08660157900210141
nebraska,secretary,0.059614534429580646,-0.017802953974028313
nebraska,sheriff,0.0033196067430667497,-0.02620607146349971
nebraska,soldier,-0.004189385322264205,0.0700272024834555
nebraska,surgeon,0.04461506344867927,0.026221545038616123
nebraska,teacher,0.015325136624331548,0.01305872721266288
nebraska,technician,0.0305012917792562,-0.05999755438863563
nebraska,therapist,0.018310488685893023,0.04915884316930852
nebraska,trooper,0.014609636031621687,-0.02620607146349971
nebraska,writer,0.031076073546628336,-0.07872803066757206
nevada,accountant,-0.020239935590847247,-0.03161416670028794
nevada,administrator,-0.019448671285002717,0.02845266456684481
nevada,architect,0.037834388927243445,-0.1363304002649781
nevada,artist,0.0202370389798181,0.032599119351014894
nevada,athlete,0.02066708195728606,0.03722093222194672
nevada,attendant,0.05111702603449919,0.08384475704796368
nevada,attorney,0.022746470148999998,0.025685406558147106
nevada,author,0.007955603645181775,0.1060925913947513
nevada,banker,0.036782960398532016,0.010568744919326023
nevada,bartender,0.0584174491947117,0.06908381331290553
nevada,biologist,-0.015462411416912958,-0.005202840634016381
nevada,broker,0.030291926988851636,0.02132742380513708
nevada,carpenter,-0.0015692506422306796,0.0013629056872099012
nevada,chef,0.018009218791980697,-0.00016070357500122534
nevada,clerk,-0.01933264133908652,0.012235416150046086
nevada,coach,-0.014222694622536558,0.03722093222194672
nevada,consultant,0.036739403412357374,0.061662343242955164
nevada,contractor,0.01379852537811832,0.011426048263424193
nevada,counselor,0.01642858625454835,0.051702655343218495
nevada,dancer,-0.0093700561791622,-0.017546916423857528
nevada,designer,0.023047796384365382,0.03282068776341929
nevada,detective,0.005022700903364541,0.1445397655658216
nevada,dispatcher,0.005768042313603616,0.07098575599639834
nevada,doctor,-0.033814585461250934,0.019873197264904496
nevada,driver,-0.015400499553855918,0.020484110948218906
nevada,editor,-0.003671070162725054,0.1494095191580822
nevada,engineer,0.00419269564687097,0.005163970607261106
nevada,executive,0.0024830091533973864,0.04470587602921172
nevada,farmer,0.03317716307104368,-0.02881998983341222
nevada,firefighter,0.002172829661432063,-0.0358737664224372
nevada,inspector,-0.016696281873902152,0.0194938393965291
nevada,instructor,0.01761231699179966,0.049870774957066655
nevada,journalist,-0.022256272178023173,0.01849551589815357
nevada,judge,0.016508277321357512,0.025685406558147106
nevada,lawyer,-0.019366912458267493,0.025685406558147106
nevada,manager,0.028066699369630577,0.036380252013722414
nevada,mechanic,0.00017148916289044802,0.006005396608414898
nevada,miner,0.004993676597355612,0.0237350432387887
nevada,musician,0.03106465935217184,-0.015069650998543599
nevada,nurse,-0.018339868523247094,-0.04720248261636695
nevada,paramedic,-0.02575255487305561,0.06482201867177123
nevada,pastor,-0.012997014044133892,0.00032202256341401503
nevada,photographer,0.015044303429092687,-0.05419619550698501
nevada,physician,-0.030817898555682288,0.019873197264904496
nevada,police,-0.021441981511111208,0.009643677515491222
nevada,professor,0.0047158402971075875,0.051684793792142025
nevada,prosecutor,0.005311280530722606,0.025685406558147106
nevada,reporter,-0.025320697348721,0.01849551589815357
nevada,scientist,-0.010092487359648628,0.06885429928938469
nevada,secretary,0.030451090208696074,-0.01589321531175325
nevada,sheriff,-0.005881520074077939,0.007076422143614675
nevada,soldier,-0.024409684431479728,0.03595683277390968
nevada,surgeon,0.015242384119570351,0.019873197264904496
nevada,teacher,-0.025734761593350308,0.011013687742762346
nevada,technician,-0.015331990623041358,-0.041027973432606
nevada,teller,-0.029818532530155095,0.047327403975188975
nevada,therapist,-0.015865959543837738,0.01876229706355803
nevada,trooper,0.0009429711488163628,0.007076422143614675
nevada,writer,0.02208972997182368,0.11639970169619623
new_hampshire,administrator,-0.015532109312794362,0.02938849092804685
new_hampshire,artist,0.05090800776493698,-0.029585087911698005
new_hampshire,attorney,-0.0002207766753452578,0.019281816610575986
new_hampshire,author,0.015547369106373665,0.09478499416031394
new_hampshire,clerk,0.0007007051487970539,-0.021795249453138488
new_hampshire,coach,0.035811679116512285,0.02633167979749157
new_hampshire,doctor,0.021464519994111697,0.05846031607277652
new_hampshire,driver,-0.03063870139834113,-0.004470803594212508
new_hampshire,editor,0.012909951458444313,0.18516387227764974
new_hampshire,executive,0.013237061798581529,0.056341810328686875
new_hampshire,judge,-0.024190158881603585,0.019281816610575986
new_hampshire,lawyer,0.027903121397790276,0.019281816610575986
new_hampshire,manager,0.008600901735895894,0.053355590830476085
new_hampshire,police,0.011821445730291202,0.0484274484895757
new_hampshire,professor,0.022319537256848876,0.029436591708647986
new_hampshire,prosecutor,-0.023466176297732844,0.019281816610575986
new_hampshire,secretary,0.019403275421015387,-0.03286743997151731
new_hampshire,sheriff,-0.03426836424829982,0.02213315522459411
new_hampshire,teacher,-0.02782105457405981,0.0006952602269423291
new_hampshire,trooper,0.012604874026026724,0.02213315522459411
new_hampshire,writer,0.024784740582503906,0.012348578489714934
new_jersey,accountant,-0.028247873853052385,0.006245531174056573
new_jersey,administrator,0.011504805326004286,0.027181183093550887
new_jersey,architect,0.017893463402503418,0.009428905359258916
new_jersey,artist,0.03423337194793086,0.07112311840851027
new_jersey,athlete,-0.010815543680968376,-0.0073569940477689055
new_jersey,attorney,-0.011073164677012914,0.038255521600366826
new_jersey,auditor,0.005652068737672766,0.006245531174056573
new_jersey,author,0.03164028508247774,0.010108850589761631
new_jersey,banker,-0.0024141179374466137,-0.002247847206186926
new_jersey,broker,0.034320301157896416,0.01358965708137111
new_jersey,caregiver,-0.006670116518512348,-0.018573068308900487
new_jersey,carpenter,0.028310745952617178,0.0062798654988565
new_jersey,chef,0.007852329703565197,0.01345854869883259
new_jersey,clergy,-0.013699356894032788,-0.03755994043898561
new_jersey,clerk,0.009021369012529812,-0.00626092976237036
new_jersey,coach,-0.043988101864501195,-0.0073569940477689055
new_jersey,consultant,0.0003264470340527126,0.021588667134917805
new_jersey,contractor,0.02506232314085488,0.019133895305698596
new_jersey,counselor,-0.01132499990604785,0.05506634995283588
new_jersey,dancer,-0.012833858239973406,-0.3268443434287748
new_jersey,dentist,-0.0565176602758497,0.10079499352162097
new_jersey,designer,0.03137471870379582,0.042740585359861805
new_jersey,detective,0.011272337165974755,-0.015103480051059603
new_jersey,dispatcher,0.03765242027306581,0.00013929691753661322
new_jersey,doctor,-0.04103457277096456,0.03532380977095079
new_jersey,driver,0.008629471571161784,0.0004952672084768961
new_jersey,editor,-0.015451743672957319,0.06148949949169524
new_jersey,engineer,-0.010750864915411995,0.011503700017698917
new_jersey,executive,0.023941840534726255,0.06458418876426092
new_jersey,farmer,0.019957449692711737,0.05317329644294011
new_jersey,firefighter,0.013215076462033681,-0.006113342873493199
new_jersey,gardener,0.022934561287221933,-0.0004315150650945031
new_jersey,inspector,-0.02983180242776151,-0.007244572626011414
new_jersey,instructor,0.002900720270212709,0.02420677322593867
new_jersey,journalist,-0.012795463121060169,0.003895081735691308
new_jersey,judge,0.002704360683562834,0.038255521600366826
new_jersey,lawyer,0.027290820682965067,0.038255521600366826
new_jersey,librarian,0.05172825528553171,-0.014634648122475613
new_jersey,manager,0.017153373494955826,0.03966039598064858
new_jersey,mechanic,0.004704300320700128,0.0039957423550282985
new_jersey,musician,-0.003241541230821765,-0.024960401990635872
new_jersey,nurse,-0.02403332845640993,-0.03584721285386672
new_jersey,painter,0.05507635799223998,0.013674986971233899
new_jersey,paramedic,-0.004855755480715818,0.0514669924787729
new_jersey,pastor,0.009130374999348767,-0.03755994043898561
new_jersey,photographer,0.011279816366036144,0.1303669868688998
new_jersey,physician,-0.01672133503296569,0.03532380977095079
new_jersey,police,0.02136135230237457,-0.0009062711891384967
new_jersey,professor,-0.007684989289745481,0.04310757743965804
new_jersey,prosecutor,-0.0190884510966286,0.038255521600366826
new_jersey,psychologist,0.011775636329805272,0.09593768376108869
new_jersey,realtor,0.009976001985393612,-0.03696909115472968
new_jersey,reporter,0.015443399244264855,0.003895081735691308
new_jersey,sailor,-0.046166016775953334,0.046177440457778295
new_jersey,scientist,0.010961449144520796,0.004938001916175383
new_jersey,secretary,0.0014450881238209368,-0.02367570428362642
new_jersey,sheriff,-0.002238506345646041,-0.0014039109669886918
new_jersey,soldier,0.009280414114578583,0.0300803329953937
new_jersey,surgeon,-0.012169910874471501,0.03532380977095079
new_jersey,teacher,0.010391681279187548,-0.0014034350906029225
new_jersey,technician,-0.03513007837234816,-0.0172455469311521
new_jersey,teller,-0.024237535204779004,-0.03043591195700701
new_jersey,therapist,-0.012692820328932486,-0.017045050610129953
new_jersey,trooper,-0.021546584130374136,-0.0014039109669886918
new_jersey,veterinarian,-0.04220875405963265,0.08920719492013318
new_jersey,writer,-0.013424328548447217,-0.0007591867640809324
new_mexico,artist,0.006669329183108252,-0.05955099898717631
new_mexico,attorney,0.024743952820150628,0.0059484151814380715
new_mexico,author,0.020247978992628646,0.10941102023451621
new_mexico,chef,0.02399894747311504,0.06861273278777888
new_mexico,clerk,0.03209798897234617,0.0030118825421180384
new_mexico,coach,0.04540139713179181,0.011398647084574998
new_mexico,contractor,-0.04989483191689437,0.006135525469294897
new_mexico,detective,-0.03914443134691248,-0.026559019299061126
new_mexico,doctor,-0.03035544211345087,-0.007120752583281487
new_mexico,driver,0.03722563833863135,0.010837958448545404
new_mexico,editor,-0.021688030774136724,0.06757809824862404
new_mexico,engineer,0.02314501772273747,0.01751856125698431
new_mexico,executive,0.02998414601026478,0.1074203787878116
new_mexico,farmer,0.008883775278551997,-0.004070723171412299
new_mexico,firefighter,0.001648144893058423,-0.005379610642768602
new_mexico,judge,-0.026276648410353487,0.0059484151814380715
new_mexico,lawyer,-0.016070775695642636,0.0059484151814380715
new_mexico,manager,0.024498872532654814,0.028856559213095323
new_mexico,miner,0.011802388042000289,0.005077367640744596
new_mexico,musician,0.008378223866624901,0.07064168371428081
new_mexico,nurse,-0.03355029721520819,-0.0304775852378798
new_mexico,painter,0.018836973835495652,-0.01626271398757481
new_mexico,photographer,0.03225450523108442,-0.014055040867880397
new_mexico,police,-0.06627537506113312,0.002402757773879882
new_mexico,professor,0.01946970422735339,0.04648525590213881
new_mexico,prosecutor,-0.015140267265619123,0.0059484151814380715
new_mexico,reporter,-0.034086633226481866,0.1616452641804459
new_mexico,scientist,0.014810126193723683,0.035779183611289594
new_mexico,secretary,0.026461246344424927,-0.026074412406586145
new_mexico,sheriff,-0.0029511390066400134,-0.003971824182425393
new_mexico,soldier,-0.011656930852401381,-0.022116130224580186
new_mexico,teacher,0.03109407792760488,-0.011041325202937768
new_mexico,veterinarian,-0.01636098763774585,0.17058342511630653
new_mexico,writer,0.060881492544252236,0.07077094084726365
new_york,accountant,0.00253181287680615,0.010822164646514087
new_york,administrator,0.0032151158338806773,0.023805537950323474
new_york,architect,-0.02329640571537661,0.03146697373499058
new_york,artist,-0.010079976926939738,0.05192408198858872
new_york,athlete,0.009431470870170044,0.03003036593918501
new_york,attendant,-0.01020174995521761,0.005578963808016396
new_york,attorney,0.0005527093323434151,0.0473509460078792
new_york,auditor,0.0234364231009625,0.010822164646514087
new_york,author,0.009347962830656309,0.03830039132134522
new_york,banker,0.03101011718447566,0.028737405805776495
new_york,bartender,-0.021185712642516896,0.00871760780036085
new_york,biologist,-0.02671438020571948,-0.01992251350248264
new_york,broker,0.0097633646339077,0.007247541723179096
new_york,caregiver,-0.004467895763678564,-0.026527360605907657
new_york,carpenter,-0.008258472123545468,0.006097502068282601
new_york,chef,0.0053713866794435905,0.021245893233917595
new_york,clergy,-0.008510615975264368,0.028725355250760698
new_york,clerk,0.011344731827435006,-0.000993844984159109
new_york,coach,-0.0033834598124905524,0.03003036593918501
new_york,consultant,0.022194938746332937,0.025594992722948906
new_york,contractor,-0.003375341227129569,0.0177255688577644
new_york,counselor,-0.009986697141618706,0.044280094056171615
new_york,custodian,0.004567018062283434,0.0342693802983724
new_york,dancer,0.008459093944034657,0.033090033812997244
new_york,dentist,-0.025585560922879003,0.09135724376013221
new_york,designer,-0.016917010658979992,0.0320354301839082
new_york,detective,-0.0010999116230733241,0.06569207407959052
new_york,dispatcher,-0.032053015805366125,-0.02391324019844321
new_york,doctor,0.012710393098406492,0.03982103089920097
new_york,driver,-0.00804861837445181,0.0050166973693708955
new_york,editor,-0.006747721324235734,0.034154081226038246
new_york,engineer,-0.039462633879226106,0.039828826314248805
new_york,executive,-0.004192711458924192,0.0558851732628432
new_york,farmer,0.02099626036999125,-0.004225641651041584
new_york,firefighter,-0.018740076943521755,0.017217580342073702
new_york,gardener,-0.026308751034997746,-0.00752155563020819
new_york,inspector,0.013411859192622888,-0.028495945545908508
new_york,instructor,0.023095366732413636,0.012730840194280502
new_york,journalist,-0.013033133085062154,-0.019233566916277034
new_york,judge,-0.015239718680203573,0.0473509460078792
new_york,lawyer,-0.0241794587183487,0.0473509460078792
new_york,librarian,0.006696424095205988,-0.004560520056137496
new_york,manager,0.02648422687860963,0.04448505666898067
new_york,mechanic,-0.01837325957700653,-0.0011065958074879013
new_york,miner,0.008239394433927627,0.026155282640541302
new_york,musician,0.0032185853060588965,0.015068977475578782
new_york,nurse,-0.018443609121105986,-0.0315280081777527
new_york,painter,-0.016738647605353485,0.0058010541242806
new_york,paramedic,-0.009665103260044439,0.0559761629454531
new_york,pastor,-0.008723900392285988,0.028725355250760698
new_york,pharmacist,-0.015653792578866232,0.03736955092598859
new_york,photographer,-0.006815844423866846,0.06326700772469412
new_york,physician,0.007824390107890933,0.03982103089920097
new_york,police,-0.006294565877474789,-0.01194133889256141
new_york,professor,0.004005299701242082,0.016573197463426892
new_york,prosecutor,0.028043204942210798,0.0473509460078792
new_york,psychologist,0.017833309025550026,0.01937723607042874
new_york,realtor,0.008035650309138553,-0.01716905329519469
new_york,reporter,-0.008821930862544125,-0.019233566916277034
new_york,sailor,0.008809581306504888,0.04091347837261031
new_york,scientist,-0.001650895610306069,-0.0005120821319665181
new_york,secretary,0.023644065541650328,-0.022696210048880228
new_york,sheriff,-0.0033543605681961575,-0.017283935293425423
new_york,soldier,0.0024409294078466814,0.019443248663611412
new_york,surgeon,0.02195648581775511,0.03982103089920097
new_york,teacher,-0.004772159520550878,-0.0002866458880018685
new_york,technician,-0.007357391340275576,0.009072050205800264
new_york,teller,0.007551911506003206,-0.05312949852924542
new_york,therapist,-0.010072052219272987,-0.009843707201347085
new_york,trooper,0.005529298269619343,-0.017283935293425423
new_york,veterinarian,0.004722558730722248,0.11264577422291877
new_york,writer,-0.021762085389426256,0.04478872091321451
north_carolina,administrator,0.040711135674079135,0.003638944361184948
north_carolina,architect,0.0022984894052480165,0.09253353706498291
north_carolina,artist,-0.0016428985321276235,0.008244594687411289
north_carolina,athlete,-0.009105633142101,0.07671842864440287
north_carolina,attendant,-0.044567948601734075,0.056369539958037396
north_carolina,attorney,0.018711693625485526,0.061682913940289796
north_carolina,auditor,0.035626043601271196,-0.02765702524325453
north_carolina,author,0.020491933595659706,0.02906624680345704
north_carolina,banker,0.017899950287220134,-0.001832947963646081
north_carolina,biologist,-0.009448074398888728,0.021774362354072596
north_carolina,broker,0.008228987609873895,0.04294355347511447
north_carolina,carpenter,-0.008378935398195675,0.0041032381222807016
north_carolina,chef,-0.03253239538099861,0.0403184878031308
north_carolina,clerk,0.024174139798295413,-0.01784398842202317
north_carolina,coach,-0.01516238083747834,0.07671842864440287
north_carolina,consultant,0.009237099421290473,0.033431042857065496
north_carolina,contractor,-0.014024987816842582,0.023292877251509102
north_carolina,counselor,0.017579199161475656,0.023746080255035773
north_carolina,dancer,-0.014983435929440181,-0.166126214091166
north_carolina,dentist,-0.025294602857884763,0.1094995196794257
north_carolina,designer,0.026056913765871714,0.0550189767398197
north_carolina,detective,0.014211994751076262,0.0476939601278667
north_carolina,dispatcher,0.03453726123828005,0.022049031478393766
north_carolina,doctor,0.013042413962438548,0.07026958446815273
north_carolina,driver,0.022417592240435158,-0.00021474984774969008
north_carolina,editor,0.01122004909357277,0.0013121250954362118
north_carolina,engineer,-0.0014908861313964739,0.0332111240200542
north_carolina,executive,0.03992755930138725,0.0748390732804749
north_carolina,farmer,0.020151046087615976,-0.010207440695018305
north_carolina,firefighter,0.012666519120273056,0.0195433287325876
north_carolina,gardener,-0.014745195696642677,0.002642872953073999
north_carolina,inspector,0.012255298910493817,-0.016249306402834396
north_carolina,instructor,0.02947370068613775,0.03784006901617887
north_carolina,journalist,-0.002129899953878467,0.009584462084274492
north_carolina,judge,-0.021957091670356865,0.061682913940289796
north_carolina,lawyer,0.015256984531970885,0.061682913940289796
north_carolina,librarian,-0.006897316997938385,0.007220404723276785
north_carolina,manager,0.017226595039943393,0.0474740485905456
north_carolina,mechanic,0.04374953716627772,0.007730934241998298
north_carolina,musician,0.0007291929397711394,0.008727132719466513
north_carolina,nurse,0.009590854851659003,-0.012806529477106587
north_carolina,painter,-0.00427612202085248,0.07901312371897219
north_carolina,paramedic,0.021121788595204083,0.05575880349305179
north_carolina,pastor,-0.033978809861484494,0.0198291704014176
north_carolina,pharmacist,-0.002211584633495023,0.05438470500502468
north_carolina,photographer,0.0044583567247055145,0.030618044275163403
north_carolina,physician,0.04773432813275813,0.07026958446815273
north_carolina,police,-0.00790290678936123,0.0014867167162238015
north_carolina,professor,-0.004348659159993495,0.03413563647673501
north_carolina,prosecutor,-0.013557718072568559,0.061682913940289796
north_carolina,realtor,0.00863595570400566,0.037491605967299946
north_carolina,reporter,0.016590630389800576,0.009584462084274492
north_carolina,sailor,-0.01292482996218891,0.0931220388825355
north_carolina,scientist,0.003187727772809845,0.0479678821189794
north_carolina,secretary,0.021612229745628486,-0.012412757581888423
north_carolina,sheriff,0.0017889547784417648,0.009845565021739194
north_carolina,soldier,-0.03473176185613858,0.011392273960748697
north_carolina,surgeon,0.01337654206554717,0.07026958446815273
north_carolina,teacher,0.018379213973312214,-0.005214037299918095
north_carolina,technician,0.016705623065433994,-0.058963334935696166
north_carolina,therapist,0.02348965399069647,0.01780838849018318
north_carolina,trooper,-0.057558621221763695,0.009845565021739194
north_carolina,veterinarian,-0.01624903486849405,0.14585597045372267
north_carolina,writer,-0.014972057445010734,0.00258340557512593
north_dakota,administrator,-0.05003300513877329,0.04800299232365368
north_dakota,artist,0.0004672558883976885,0.1428186900776074
north_dakota,athlete,-0.042130817384196106,0.07898602859846626
north_dakota,attorney,0.015054075018679502,0.03491727928722649
north_dakota,auditor,0.020154401775327013,0.004112316803009053
north_dakota,author,0.0018571152459662121,0.18621283388700882
north_dakota,chef,0.006167641721049111,-0.07656411766884608
north_dakota,coach,-0.02126867639491592,0.07898602859846626
north_dakota,consultant,0.007820406418047265,0.032491405065130985
north_dakota,contractor,-0.006446773680696016,0.004328710879185099
north_dakota,counselor,-0.024348202619878467,-0.05229416807055032
north_dakota,detective,-0.019430224670782703,-0.0711744474416223
north_dakota,doctor,-0.02741944479025704,0.10068509644398288
north_dakota,driver,-0.012079117041799647,0.017519847726622198
north_dakota,engineer,0.019208143762656116,0.0690650790656426
north_dakota,executive,-0.020886254765885792,0.1048895017765544
north_dakota,farmer,-0.002442762381593022,-0.006530668565804601
north_dakota,firefighter,0.02449697335317469,0.023066077177936295
north_dakota,instructor,-0.01555191648081189,0.0837436047844527
north_dakota,journalist,-0.028513300402673747,-0.03132507650879046
north_dakota,judge,-0.010080958942829121,0.03491727928722649
north_dakota,lawyer,0.04010991620139126,0.03491727928722649
north_dakota,manager,0.031228902460960883,0.002034651145213895
north_dakota,mechanic,0.015527961075471719,-0.00011159602082579795
north_dakota,musician,-0.04578702516923916,-0.13673315619366044
north_dakota,nurse,-0.043371325718935205,-0.05396252374818933
north_dakota,pastor,0.01216595065059678,-0.0007873764744617817
north_dakota,physician,-0.022724791602381944,0.10068509644398288
north_dakota,police,-0.021952259227631332,0.09606278754578211
north_dakota,professor,0.02849006177132174,0.05876721275784769
north_dakota,prosecutor,0.01244818694278571,0.03491727928722649
north_dakota,reporter,-0.022269478503109785,-0.03132507650879046
north_dakota,secretary,-0.007073538020378134,-0.0409099782431368
north_dakota,sheriff,-0.008390223085845028,0.10543219464490561
north_dakota,soldier,0.00020626633640052905,-0.026072883874067587
north_dakota,surgeon,-0.02910026979488911,0.10068509644398288
north_dakota,teacher,-0.02606851351909867,0.012655258142947434
north_dakota,technician,-0.0032528534579725488,-0.06865975747199105
north_dakota,writer,0.024284731140696736,0.08609354023666926
ohio,accountant,0.006038202781875723,-0.008953445557309592
ohio,administrator,-0.013379826698773689,0.03411175030940594
ohio,architect,0.0033291210186703335,0.0156348556139492
ohio,artist,-0.001984585675476991,-0.007379605060869432
ohio,athlete,-0.015562831105412012,0.030519502657029685
ohio,attendant,0.02611807082522566,-0.012778988266164804
ohio,attorney,0.01801804433005383,0.04321522106080783
ohio,auditor,0.014645279104584796,-0.008953445557309592
ohio,author,0.010692398948426884,0.07041679394001799
ohio,banker,0.006069305528078162,0.023925178219695087
ohio,bartender,0.01028799112436185,0.02773261608538946
ohio,biologist,-0.005739072169143489,-0.0016426411842268562
ohio,broker,0.004131453401409857,0.03336517841591169
ohio,caregiver,0.00677180319456594,-0.01156775840760671
ohio,carpenter,-0.03136442690328256,-0.006845142593869997
ohio,chef,-0.022980653398496975,0.04417344630937442
ohio,clergy,-0.006540374430986207,0.019799461005179403
ohio,clerk,0.03506517776640572,-0.0034961639073692874
ohio,coach,-0.003352495039490533,0.030519502657029685
ohio,consultant,0.0003117202407592057,0.0353623892161421
ohio,contractor,-0.01942156884659174,0.019191982561061804
ohio,counselor,0.004107590329184507,0.01803664442295816
ohio,custodian,0.03748468232007851,0.04182364798415006
ohio,dancer,-0.01101793392617878,0.03715507527715034
ohio,dentist,0.014175032236154794,0.07002757471760351
ohio,designer,0.013362070660418723,0.05278718517294734
ohio,detective,-0.007451848719989718,0.08710539616837992
ohio,dispatcher,0.0032325473019327866,0.022850437610933416
ohio,doctor,-0.002180163194498985,0.03684222498793621
ohio,driver,0.017277009927046727,0.006404770335876386
ohio,editor,-0.002560512684337768,0.057816858519826986
ohio,engineer,0.007257505742856996,0.020024927382931088
ohio,executive,-0.006732051602080125,0.061210356242100694
ohio,farmer,-0.012109413092066035,-0.01517934705501868
ohio,firefighter,0.0027291723688536162,-0.0027569553566271984
ohio,gardener,0.004989754637093835,0.008771869606583702
ohio,inspector,-0.004647864240785227,-0.00699043351258527
ohio,instructor,0.016774717458955868,0.01235817974169684
ohio,journalist,0.009131085665047833,0.03941728479014811
ohio,judge,0.005015414947451946,0.04321522106080783
ohio,lawyer,0.007590176551884986,0.04321522106080783
ohio,librarian,-0.012538594708399464,-0.049102510071468375
ohio,manager,0.0035048437352991346,0.0418073215353138
ohio,mechanic,-0.0014048768484189456,0.00039105487824250135
ohio,miner,-0.023970774899367386,0.006198630861318801
ohio,musician,-0.007972492437702927,-0.025483654702190994
ohio,nurse,0.024781083417611205,-0.0258215638426893
ohio,painter,0.030814775614316448,-0.00831084303629541
ohio,paramedic,0.01827851148222348,-0.00322535177281158
ohio,pastor,-0.009091398932490447,0.019799461005179403
ohio,pharmacist,-0.008726907877502188,0.0646867232921624
ohio,photographer,-0.0020496518142641973,-0.014478506068899444
ohio,physician,0.02679069651769317,0.03684222498793621
ohio,police,0.023273766746917612,-0.0004994534246380022
ohio,professor,0.00986305123827047,0.030503351370228082
ohio,prosecutor,-0.013153662823472856,0.04321522106080783
ohio,psychologist,0.033056041169060246,0.06323295254143269
ohio,realtor,0.028608598385129635,0.019342785564078646
ohio,reporter,0.00844068881911797,0.03941728479014811
ohio,sailor,-0.020921913061856867,-0.0316540063723977
ohio,scientist,-0.010239598013405127,0.048767672488776614
ohio,secretary,-0.004426676429619691,-0.013319170326746566
ohio,sheriff,-0.01436152109716371,-0.002442175939556604
ohio,soldier,-0.004357310414249027,0.0199895703282148
ohio,surgeon,0.007065620331134781,0.03684222498793621
ohio,teacher,0.011083218450318899,-0.0018738216888636305
ohio,technician,0.002639646720347333,-0.018986451898508228
ohio,teller,-0.007015935041952082,-0.023194313794700383
ohio,therapist,-0.014697522789004158,-0.01151534947996613
ohio,trooper,0.026774563964586218,-0.002442175939556604
ohio,veterinarian,-0.015718071634221786,0.11910389752392037
ohio,writer,0.029613996846019397,0.05832145937666411
oklahoma,accountant,0.002331420913757043,0.004481771545397528
oklahoma,administrator,0.00013183960801277372,-0.0035480319374702196
oklahoma,architect,0.049253824259409495,0.06963568285914179
oklahoma,artist,0.010188398501530083,0.22173793592050295
oklahoma,athlete,0.02780100294895793,0.10833241382142933
oklahoma,attendant,-0.04780854153309677,-0.11920899869165733
oklahoma,attorney,0.011811853870210887,0.05497103039700507
oklahoma,auditor,-0.0008496540545053222,0.004481771545397528
oklahoma,author,0.014210947058053813,-0.08500627151238449
oklahoma,banker,0.03804874901216959,0.044262465143356855
oklahoma,broker,0.027494228296448875,0.013744418716550744
oklahoma,carpenter,0.022044445637557808,0.007367221261671598
oklahoma,chef,0.0020825973665468123,0.1144714151278329
oklahoma,clerk,-0.018606360503095942,-0.011617492236622562
oklahoma,coach,0.003176928803039547,0.10833241382142933
oklahoma,consultant,-0.01266074027895403,0.001773926010321003
oklahoma,contractor,0.04299886028206257,-0.006692804853940297
oklahoma,counselor,0.059543881447769675,-0.019325973461337576
oklahoma,dentist,0.016929245281377625,0.14860230764084167
oklahoma,designer,0.01321067743735016,0.015920501696366163
oklahoma,detective,-0.013532759575813569,0.15340350030094413
oklahoma,dispatcher,0.02821672141401299,0.053815010110861095
oklahoma,doctor,0.011823332529508845,0.10577006405078387
oklahoma,driver,-0.0005144686529349185,0.017865718129157993
oklahoma,editor,-0.010166164602256056,-0.05660797019954089
oklahoma,engineer,0.001956389617224108,0.02561839944100129
oklahoma,executive,0.0007545420486458898,0.01938080905257558
oklahoma,farmer,0.017185931907334195,0.006146410939131791
oklahoma,firefighter,-0.006361906297532638,0.0099603222776304
oklahoma,gardener,-0.05253936608507914,0.004695895961582208
oklahoma,inspector,0.021046427445317595,0.033508381777598406
oklahoma,instructor,0.012038468833528437,0.007295131510326347
oklahoma,journalist,0.01252760342192949,0.048631156979886014
oklahoma,judge,-0.01302828782607901,0.05497103039700507
oklahoma,lawyer,0.006367249413398279,0.05497103039700507
oklahoma,manager,0.010958078374594615,0.020639004696310803
oklahoma,mechanic,0.004785802771966385,0.004524122063762098
oklahoma,miner,0.023039298583219958,0.0026467108219601007
oklahoma,musician,0.011071980274297677,0.16858493530766439
oklahoma,nurse,0.013391823368994138,-0.005561672761007275
oklahoma,painter,-0.0020814206095506327,0.017743186975217394
oklahoma,paramedic,-0.0013800368392192786,0.058035456644847994
oklahoma,pastor,-0.003985180609650585,0.07228632745101259
oklahoma,photographer,0.027314146103333048,0.09451424269586306
oklahoma,physician,0.00874647158744013,0.10577006405078387
oklahoma,police,-0.013890498253667838,0.0120828745156797
oklahoma,professor,0.02703382641665486,0.024504962132835373
oklahoma,prosecutor,-0.01226275703830837,0.05497103039700507
oklahoma,psychologist,-0.00958617538382911,0.05941120641933473
oklahoma,reporter,0.0173177412536083,0.048631156979886014
oklahoma,scientist,-0.012487171594910418,0.10528542499084936
oklahoma,secretary,-0.016439147397929954,-0.008267525882113769
oklahoma,sheriff,-0.022834729350301508,0.014885303883944295
oklahoma,soldier,0.012346365562093675,0.0878402400003702
oklahoma,surgeon,-0.0010962567970235204,0.10577006405078387
oklahoma,teacher,-0.0021818033781692003,0.005240348553999019
oklahoma,technician,0.0007060329806605203,-0.012309720830698201
oklahoma,therapist,-0.005145179536191979,0.06099037565462362
oklahoma,trooper,0.004656746767258357,0.014885303883944295
oklahoma,veterinarian,0.010081895615217995,0.14744866594841244
oklahoma,writer,-0.02806502934804056,-0.03082569888444686
oregon,accountant,-0.018764458155323682,-0.0329933052858673
oregon,administrator,0.01883345183988261,0.024802617379116376
oregon,architect,-0.0003058758376812687,0.11043101093106811
oregon,artist,0.004276607978767277,0.05042918367630134
oregon,athlete,0.0072343518110442595,0.053788435280954006
oregon,attorney,-0.01546473520932845,0.08299732072650168
oregon,author,0.02489003418669755,0.035047002888271006
oregon,banker,-0.003948030672190517,0.012512359279883034
oregon,bartender,0.01086523603956746,-0.0196066348351166
oregon,biologist,0.016922251997276927,-0.05706373860034991
oregon,broker,0.009782557455708218,0.03312461648971887
oregon,caregiver,-0.007897779408193806,-0.027872459953306117
oregon,carpenter,0.012096376999396585,0.020025615337887194
oregon,chef,-0.03772108049886658,0.007173968648330309
oregon,clerk,-0.017241997089860073,-0.012836512825291524
oregon,coach,0.0038527052239352155,0.053788435280954006
oregon,consultant,-0.006104664691679806,-0.012248477076789
oregon,contractor,0.01157733341916134,0.010956328365151001
oregon,counselor,0.012549607728974954,0.05607867923570575
oregon,dancer,0.015827065144791264,-0.050163050554366206
oregon,dentist,-0.0022307857096024453,0.09405396690833381
oregon,designer,0.02998168632923981,0.02332605372918528
oregon,detective,-0.020525557021634167,0.1485316300078356
oregon,dispatcher,0.025031436568980547,-0.07090519536338102
oregon,doctor,0.00069993549059022,0.04933147086609713
oregon,driver,-0.01227597281125481,0.007110175655197809
oregon,editor,-0.026753486898808743,0.026261778050124085
oregon,engineer,0.002295016828580021,0.0505981218311934
oregon,executive,0.029663459544052584,0.05007115079032881
oregon,farmer,-0.0045446583288376585,0.0442510829776783
oregon,firefighter,0.03925819078381598,0.039919331083658305
oregon,gardener,0.030035985711142854,0.00403639723799569
oregon,inspector,0.03232155851320484,-0.01629547301335782
oregon,instructor,0.031902605752934465,-0.0048289835411993165
oregon,journalist,0.002810848279331868,0.14567527603350355
oregon,judge,-0.00972767502348204,0.08299732072650168
oregon,lawyer,0.05488485862462056,0.08299732072650168
oregon,librarian,0.0026912666605488633,-0.04109806007910688
oregon,manager,0.02676532331555781,0.04320969430700333
oregon,mechanic,0.009856448935045226,0.004977610652655201
oregon,miner,0.033860099041628344,-0.0228299046663321
oregon,musician,0.030702934222381795,-0.002795636482019803
oregon,nurse,0.004348724872593301,-0.03636801342655205
oregon,painter,-0.015132269132072107,-0.02566345987139991
oregon,paramedic,0.014317795912455966,0.060981587326597475
oregon,pastor,0.003515854579701938,0.041963146041084004
oregon,photographer,0.01103811562376722,0.01347710318598
oregon,physician,0.002442807634372879,0.04933147086609713
oregon,police,0.002228719466480178,-0.020171022129189198
oregon,professor,0.03965472007446824,-0.0010523925382547317
oregon,prosecutor,-0.006769514757248296,0.08299732072650168
oregon,psychologist,0.02686397076248581,0.12504702205781104
oregon,realtor,0.016390098795682317,0.02475296273197236
oregon,reporter,0.007046144350437822,0.14567527603350355
oregon,scientist,0.01920999767139875,0.021934387458726834
oregon,secretary,0.009476259931359143,-0.034538428647295394
oregon,sheriff,-0.013837547507444037,-0.01407411454624899
oregon,soldier,-0.014442840389942369,0.058689620437165094
oregon,surgeon,0.004253147482382036,0.04933147086609713
oregon,teacher,0.02135782290630328,0.006783199903383497
oregon,technician,0.026205793106861552,0.023312878686943428
oregon,therapist,0.0028822904016505557,-0.015143592790355265
oregon,trooper,-0.006873154586186647,-0.01407411454624899
oregon,veterinarian,0.0297348658323231,0.16920880812293637
oregon,writer,0.0014628664188972573,0.02284465625470322
pennsylvania,accountant,0.01795946401606896,0.022327290114316223
pennsylvania,administrator,-0.002722434438681365,0.037015191194290864
pennsylvania,architect,0.020536212249166796,0.06539857989946052
pennsylvania,artist,-0.009776012487127561,0.07633358897824288
pennsylvania,athlete,-0.001962203367462223,0.050670118168801015
pennsylvania,attendant,-0.00782967607755003,0.04022952627649362
pennsylvania,attorney,0.007022843404710932,0.0442450255726623
pennsylvania,auditor,0.003384214831118504,0.022327290114316223
pennsylvania,author,0.016561346392251708,-0.007913028519182075
pennsylvania,banker,0.04562484078714746,0.01097813727766439
pennsylvania,bartender,0.016233422785647877,-0.03883389003629922
pennsylvania,biologist,0.0018040117364575003,0.023731040339140863
pennsylvania,broker,0.010098273821040005,0.02582061530040286
pennsylvania,caregiver,-0.03933811086205041,-0.03495961835316397
pennsylvania,carpenter,-0.0032017555265541064,0.0063489259916802016
pennsylvania,chef,-0.017259449289217965,0.009164716933589306
pennsylvania,clergy,-0.016048741640226738,0.02444393307039669
pennsylvania,clerk,-0.01886565910730731,-0.005278685195886923
pennsylvania,coach,0.016985791845770093,0.050670118168801015
pennsylvania,consultant,-0.005481402308592953,0.0288222103982817
pennsylvania,contractor,0.0037062317714704474,0.020431795016782703
pennsylvania,counselor,-0.006962147986001921,0.07312119002298834
pennsylvania,custodian,0.01667849758667095,0.03644890362002684
pennsylvania,dancer,-0.02485175989260313,-0.2672120958173164
pennsylvania,dentist,-0.005560100826850878,0.10937200481468501
pennsylvania,designer,0.0344681224570913,0.04680033077210477
pennsylvania,detective,-0.02286630598309458,0.03064514111792349
pennsylvania,dispatcher,-0.024732426307782385,0.07133893472247116
pennsylvania,doctor,0.01782956289707671,0.058031437982126344
pennsylvania,driver,0.01028814261585631,0.009442939079827309
pennsylvania,editor,0.011588809439441183,0.02778417331389471
pennsylvania,engineer,-0.014147889538025149,0.02433729162139389
pennsylvania,executive,0.043048257285436486,0.055695869054667724
pennsylvania,farmer,0.006820436301366195,0.017165151396492884
pennsylvania,firefighter,0.001310187852642919,0.008251655896326999
pennsylvania,gardener,-0.010816644357396044,0.010665629544456295
pennsylvania,inspector,0.0001569102399345823,-0.009953915484278208
pennsylvania,instructor,0.023947991442280214,0.015800486073594966
pennsylvania,journalist,0.030880982019936498,-0.0694361519857119
pennsylvania,judge,-0.003481232637339682,0.0442450255726623
pennsylvania,lawyer,0.007031400564218693,0.0442450255726623
pennsylvania,librarian,0.010583064058638958,-0.0413296355630548
pennsylvania,manager,0.027653756126962747,0.04954903779783143
pennsylvania,mechanic,0.0014670256781568192,0.004003051655079699
pennsylvania,miner,-0.02293597592757224,-0.007012199256847703
pennsylvania,musician,0.011124060164854677,-0.020342042088576706
pennsylvania,nurse,0.017004792096331545,-0.020042371840247264
pennsylvania,painter,0.04948790855621055,0.0168504138915202
pennsylvania,paramedic,0.00553427515093563,0.06013762148351848
pennsylvania,pastor,-0.010046638153976772,0.02444393307039669
pennsylvania,pharmacist,0.0014780973978334444,0.07859335519970356
pennsylvania,photographer,-0.020718354712372822,0.02107661167125835
pennsylvania,physician,0.02559104015003877,0.058031437982126344
pennsylvania,police,-0.019232806677623504,0.0045312415618734
pennsylvania,professor,0.03265450162715866,0.012012156209052771
pennsylvania,prosecutor,-0.0129375624858995,0.0442450255726623
pennsylvania,psychologist,0.014761085587291611,0.07528933450936959
pennsylvania,realtor,-0.008181050142748392,0.003341199169564102
pennsylvania,reporter,0.0008133228975972795,-0.0694361519857119
pennsylvania,sailor,-0.03690876270210053,0.1047254150702426
pennsylvania,scientist,0.015478395547000812,0.029550595041363092
pennsylvania,secretary,-0.028302603993849207,-0.014714664946732792
pennsylvania,sheriff,-0.0034192541507327423,0.0025049871760065012
pennsylvania,soldier,-0.018149956704349268,0.07634753884802861
pennsylvania,surgeon,0.006630400100634537,0.058031437982126344
pennsylvania,teacher,0.019468506664641505,-0.0037173074303147313
pennsylvania,technician,-0.007653523441406795,-0.013768870465342253
pennsylvania,teller,0.013899255241341946,-0.025271765592537965
pennsylvania,therapist,0.006204079224037984,0.011837915242694508
pennsylvania,trooper,-0.010319614131258148,0.0025049871760065012
pennsylvania,veterinarian,-0.006625910124834933,0.040669329404084964
pennsylvania,writer,0.0008418261601477184,0.008642004146866777
rhode_island,administrator,0.003123821291462048,0.07017081186634988
rhode_island,architect,0.008515315029435921,0.13081134292209262
rhode_island,artist,-0.0015188411079307684,0.05583034723242469
rhode_island,athlete,-0.012580895932915004,0.03415861306103579
rhode_island,attorney,-0.021650073241265333,0.04221472407586652
rhode_island,author,-0.01617976879608274,0.13346955107296443
rhode_island,caregiver,0.002376082647174038,0.00649413803315102
rhode_island,carpenter,0.03906901569547028,0.008688040756252402
rhode_island,chef,0.0049639796384088886,0.0439447302267518
rhode_island,clerk,-0.017887155705622493,-0.010052895682808982
rhode_island,coach,0.004107795553632609,0.03415861306103579
rhode_island,consultant,0.0032042842791040194,-0.0015032380272359536
rhode_island,contractor,0.020909609447676503,-0.0219911027125743
rhode_island,counselor,0.03443558095595778,0.04148579051132184
rhode_island,designer,0.016101263392185317,-0.06177944931237256
rhode_island,detective,-0.01380498673381303,-0.015995893326745225
rhode_island,doctor,-0.04620881215788475,0.0063545516277490055
rhode_island,driver,-0.005559007329399623,-0.005796761893614208
rhode_island,editor,-0.008305346032597472,-0.08381574356108601
rhode_island,engineer,0.00437913545305102,0.03355493650626819
rhode_island,executive,0.022772139965984817,0.06612610569153338
rhode_island,farmer,0.003415114374580641,-0.030007974360146572
rhode_island,firefighter,-0.010211961951537396,-0.0228079084569029
rhode_island,instructor,-0.018096737525555517,0.06618533455201686
rhode_island,journalist,0.008623877812636738,-0.01073015506717162
rhode_island,judge,0.008107722492021852,0.04221472407586652
rhode_island,lawyer,-0.02630559296031354,0.04221472407586652
rhode_island,librarian,0.029176639329911103,0.002013450091610247
rhode_island,manager,0.01153005047636757,0.06845638801008719
rhode_island,musician,-0.04318723125237611,0.08697506935220073
rhode_island,nurse,-0.0468458165748068,-0.0308382043834754
rhode_island,painter,0.012417864922234845,-0.011660012169002108
rhode_island,pastor,0.013276079937004082,0.07730937719619022
rhode_island,photographer,-0.004501091022852899,0.07970655880658067
rhode_island,physician,-0.03543051104129491,0.0063545516277490055
rhode_island,police,-0.03745444076599325,-0.0481961950133209
rhode_island,professor,-0.029662711858075896,0.09875922792105934
rhode_island,prosecutor,-0.024287813199451835,0.04221472407586652
rhode_island,reporter,0.008236662160884145,-0.01073015506717162
rhode_island,sailor,0.01737130625650274,0.2071330589849108
rhode_island,scientist,0.02271124620927034,0.036675718090632414
rhode_island,secretary,0.00451667180017401,-0.017069137229508202
rhode_island,sheriff,0.00468980082900472,-0.06891617414516268
rhode_island,soldier,-0.01730983215668591,0.08778445813564659
rhode_island,surgeon,-0.0241659066985499,0.0063545516277490055
rhode_island,teacher,-0.023128300343294272,-0.01966387730522856
rhode_island,technician,-0.009582739982644695,0.013919428688960345
rhode_island,writer,0.007071953806426001,0.11830912435554775
south_carolina,administrator,-0.015411554518979131,0.05579737662846229
south_carolina,architect,-0.05756744309843609,0.13381160031266978
south_carolina,artist,0.009661030068995546,-0.10328488880567616
south_carolina,athlete,-0.0011434866843985647,0.12438518582997221
south_carolina,attorney,-0.04491098063854693,0.03642240331074381
south_carolina,author,-0.011178414562860617,0.0634617076432542
south_carolina,chef,-0.0011360178773629492,0.06422421600048278
south_carolina,clerk,0.004265843387110002,0.0350126663788114
south_carolina,coach,0.00965466561913475,0.12438518582997221
south_carolina,consultant,0.03244834154317089,0.025571858052788998
south_carolina,contractor,-0.013195276980430881,0.025844496105553595
south_carolina,counselor,0.028787026198767496,0.03914348457721373
south_carolina,dancer,-0.014363808522004695,-0.03495158333868009
south_carolina,detective,0.012218976660160252,0.033270842459400596
south_carolina,doctor,-0.012154056468673846,0.01796152535491613
south_carolina,driver,0.026165501478410125,-0.00146938362728391
south_carolina,editor,0.03675814898979457,0.1506581703532831
south_carolina,engineer,-0.011947421292338722,0.027932075072339316
south_carolina,executive,0.02985054969848111,0.04097113854647927
south_carolina,farmer,-0.00555172655698466,0.012489668506470791
south_carolina,firefighter,0.0640393096808165,0.0347060789747382
south_carolina,gardener,0.01690030283866839,0.023018477326383895
south_carolina,instructor,0.05299323128486766,0.032629556655307757
south_carolina,judge,-0.0029759789199138575,0.03642240331074381
south_carolina,lawyer,-0.03125774682247673,0.03642240331074381
south_carolina,manager,0.0019892985589156087,0.03843111259337134
south_carolina,musician,0.011083597824915414,-0.005582037821139585
south_carolina,nurse,-0.02361441187256874,-0.02147461116657401
south_carolina,painter,0.03542402673698408,0.0339444457527613
south_carolina,pastor,0.00807850092906337,0.017534327489992896
south_carolina,photographer,0.04876425795904038,0.038470989899495156
south_carolina,physician,-0.030120143084474638,0.01796152535491613
south_carolina,police,0.01222944612536403,-0.0003784730596277097
south_carolina,professor,0.037671443388553216,0.0296927658940222
south_carolina,prosecutor,-0.04590168855875132,0.03642240331074381
south_carolina,reporter,0.019454655093094186,0.02928994688930886
south_carolina,scientist,-0.03782477327670419,0.03170388800031587
south_carolina,secretary,0.035454048855209974,-0.021533510744692008
south_carolina,sheriff,0.033313323672214956,-0.007530581471616421
south_carolina,soldier,-0.05212382046280262,-0.03300906124767
south_carolina,teacher,0.041206604027534954,0.004008779515927041
south_carolina,technician,-0.005223542633496225,-0.05098971635829608
south_carolina,therapist,0.014099573315858649,0.017976471472759936
south_carolina,trooper,0.022484670764023496,-0.007530581471616421
south_carolina,writer,-0.025778789006980274,0.05605755812602897
south_dakota,administrator,0.03134882647064052,-0.03367111939430267
south_dakota,artist,-0.011708588939048803,0.011407567252890993
south_dakota,athlete,-0.006240552182573689,0.0416894831922735
south_dakota,attorney,-0.04609251736913267,0.1984394561503618
south_dakota,author,0.020963500257739853,0.17453971079862307
south_dakota,clerk,-0.008150906313891149,0.017661338568125906
south_dakota,coach,0.0181094101833692,0.0416894831922735
south_dakota,consultant,0.020775161599272285,0.06911255310782638
south_dakota,counselor,-0.02257676546629106,0.1013952931165063
south_dakota,doctor,-0.04318178981751575,0.17606719519279151
south_dakota,driver,-0.02380087847019663,0.010549902636162706
south_dakota,editor,0.02995446547738101,0.14028060985029694
south_dakota,engineer,0.020046256796669493,0.007124845332352803
south_dakota,executive,0.05312260601862673,0.017716287785046858
south_dakota,farmer,0.02188985615978878,-0.0195471977560394
south_dakota,firefighter,0.027732814233120684,0.0168859424364425
south_dakota,instructor,0.06073335758936382,0.018087362130319362
south_dakota,journalist,0.001185008864931003,-0.16216494162342943
south_dakota,judge,-0.019744267272754135,0.1984394561503618
south_dakota,lawyer,-0.07122979849808031,0.1984394561503618
south_dakota,manager,0.02666160539707574,-0.00582146189831817
south_dakota,miner,0.07528076616183699,0.015179392824287
south_dakota,nurse,-0.023127654825381372,-0.025685455175773142
south_dakota,pastor,-0.008974034727469271,0.011987068471913498
south_dakota,photographer,-0.04030472545708086,-0.1162246233909417
south_dakota,police,0.003687977644047047,0.038181925188164906
south_dakota,professor,-0.04074947053910227,0.05060148429291833
south_dakota,prosecutor,-0.05099413546474196,0.1984394561503618
south_dakota,reporter,0.00906579583234679,-0.16216494162342943
south_dakota,scientist,-0.019633727304785964,0.14353210345810874
south_dakota,secretary,-0.007329990373852624,-0.02315225128047682
south_dakota,sheriff,-0.037183163611913095,0.043410057170261
south_dakota,soldier,0.005654739125807051,-0.013717849258328293
south_dakota,teacher,-0.007592170221433436,0.02491174801335061
south_dakota,technician,0.02606689847716981,0.005310017558888602
south_dakota,therapist,-0.03032804891260732,-0.03017449328777666
south_dakota,writer,-0.02024830472684691,0.045082887597692745
tennessee,accountant,0.0021085577525704613,-0.025231961791849056
tennessee,administrator,0.0013807499077860275,0.01729869263347439
tennessee,architect,0.007393745913904293,0.009028835428762594
tennessee,artist,-0.018325613007840413,-0.0411546138572122
tennessee,athlete,0.019018817760024564,0.1606965057953213
tennessee,attendant,-0.014619763493810445,-0.0381244981120577
tennessee,attorney,-0.005931402921557916,0.07049189280025042
tennessee,author,0.015743350885251806,0.10995404290804212
tennessee,banker,0.01785789058666143,0.02107632355714717
tennessee,carpenter,-0.005984900632162615,0.016032579171171
tennessee,chef,-0.026042518597601427,0.043821095076479105
tennessee,clergy,-0.03826253464530682,0.020471017647244794
tennessee,clerk,-0.04014300755679301,-0.002340109625068587
tennessee,coach,-0.03524221265684935,0.1606965057953213
tennessee,consultant,0.010082218911524055,0.026755544271606813
tennessee,contractor,-0.0016432970109628853,0.022593742098883797
tennessee,counselor,-0.012300789177148053,0.09110596444118346
tennessee,dancer,-0.06656071911742167,0.21063072272205463
tennessee,dentist,-0.0038252691095935765,0.12679801665875728
tennessee,designer,-0.03180902453278478,0.00526052251596576
tennessee,detective,-0.009510490297966023,0.0019297169812850234
tennessee,dispatcher,0.007424169589043017,0.08543105478504653
tennessee,doctor,0.01159072182083043,0.061309791312178286
tennessee,driver,0.0010284170586605246,0.02286934551919259
tennessee,editor,0.0018638022898365136,0.048590307147023726
tennessee,engineer,-0.006676027220193337,0.02295826795282019
tennessee,executive,0.025282866569836804,0.0768542682918498
tennessee,farmer,-0.0015630756264638501,0.023850031425268703
tennessee,firefighter,0.012586653260911906,0.021733755213290303
tennessee,gardener,-0.0096845622311027,-0.0102537937192025
tennessee,inspector,-0.0436077556695178,-0.010570893937745296
tennessee,instructor,-0.02031757195085826,0.03250963823185571
tennessee,journalist,0.013455740129496352,-0.1960862119433936
tennessee,judge,-0.009932713172839391,0.07049189280025042
tennessee,lawyer,-0.014552783946539916,0.07049189280025042
tennessee,librarian,0.008112179272864117,-0.060467542237082283
tennessee,manager,0.008725180148705602,0.05093000732311537
tennessee,mechanic,-0.012729797407605936,0.0007727671089333005
tennessee,musician,-0.00788000542526257,-0.03017123299715241
tennessee,nurse,0.034204432036462507,-0.012352128732703416
tennessee,painter,-0.007951882302539515,0.0384413827573563
tennessee,paramedic,-0.005073017588887341,0.009235179497640578
tennessee,pastor,-0.01735391158177635,0.020471017647244794
tennessee,pharmacist,-0.017671367980458985,0.0857194108361286
tennessee,photographer,-0.011700389676380873,0.019756718496186765
tennessee,physician,0.021354675191423644,0.061309791312178286
tennessee,police,-0.03179076927399627,-0.0196900152471481
tennessee,professor,-0.02373885927922459,0.024471688346198728
tennessee,prosecutor,-0.014757351617615488,0.07049189280025042
tennessee,psychologist,6.322654581236709e-05,0.036918091745398285
tennessee,reporter,0.018932724112605603,-0.1960862119433936
tennessee,scientist,0.0029009996098636748,0.06114653024603228
tennessee,secretary,-0.006158524790965014,-0.022501079673517
tennessee,sheriff,-0.002167900508721732,-0.017189602536534898
tennessee,soldier,0.016137886288997927,0.046934410074038604
tennessee,surgeon,0.05302448975930851,0.061309791312178286
tennessee,teacher,0.018593184401319296,-0.010901495753481094
tennessee,technician,0.017177361735737362,-0.008894814278331498
tennessee,therapist,-0.0036964019933581893,0.003926781481026653
tennessee,trooper,0.015235162039573313,-0.017189602536534898
tennessee,writer,-0.006602341718413007,0.12264438883828799
texas,accountant,0.01184095715269795,0.016170377543005987
texas,administrator,3.625423640629677e-06,0.017221850889358015
texas,architect,0.0046286579852090615,0.04724112479230741
texas,artist,0.009932141368107272,0.03187687430980107
texas,athlete,0.014907116721600167,0.05598632650340729
texas,attendant,-0.03782615742074713,0.009757031879678468
texas,attorney,0.009785388752407864,0.05248731991559691
texas,auditor,0.028694367190248204,0.016170377543005987
texas,author,0.020239901876729527,0.059761278714324906
texas,banker,0.030879918576510956,0.024184503162749338
texas,bartender,0.050359672769180186,0.0512006907954109
texas,biologist,0.017607706629857445,-0.03471319401061196
texas,broker,0.026709807786082118,0.027672635127946377
texas,caregiver,-0.028079413767104877,-0.021627363090273022
texas,carpenter,-0.010917844915479091,0.011374487979443902
texas,chef,0.017370024241678772,0.04616456792473286
texas,clergy,0.025618726184742147,0.03473842077572939
texas,clerk,-0.006578222386358523,-0.008337206040872736
texas,coach,0.00040225531954740656,0.05598632650340729
texas,consultant,0.039605594674060995,0.033940278296041015
texas,contractor,0.037563296564681936,0.024324797729702793
texas,counselor,0.02430537915591846,0.030601713625453275
texas,custodian,-0.016977805096957233,0.04413032804453437
texas,dancer,0.020192580001471283,-0.032924201402296904
texas,dentist,0.014596799930630344,0.07344102242689249
texas,designer,0.029337231688364107,0.05057652651380046
texas,detective,0.0013537961152203515,0.07595026150901368
texas,dispatcher,0.002334243039356254,0.029301726354837743
texas,doctor,0.02243024243077063,0.06429235418864548
texas,driver,0.017860894442707664,0.011525196477582988
texas,editor,-0.00720565357437275,0.054864705314771944
texas,engineer,0.016786635925531312,0.021666170413341207
texas,executive,0.025969756651024856,0.03814135573664257
texas,farmer,0.012042508496714843,0.010154015873245797
texas,firefighter,0.0003683434870768165,-0.0025448401885674043
texas,gardener,0.024545015118956903,0.005492830817973804
texas,inspector,0.0020536429727096017,-0.006709068137711993
texas,instructor,0.024637598323825616,0.01730759499153256
texas,journalist,0.010602349888577334,0.062117345258785595
texas,judge,0.003152142588574547,0.05248731991559691
texas,lawyer,0.0218146411007758,0.05248731991559691
texas,librarian,-0.0009157262130997657,-0.00775220543342392
texas,manager,-0.006111512199949987,0.04878111771839749
texas,mechanic,0.03318131185111217,0.004121110995542701
texas,miner,0.02725579397671274,0.012812864350468798
texas,musician,-0.023396258563006422,-0.006072228888431008
texas,nurse,0.013672348044322491,-0.01874064920468521
texas,painter,0.012075580543974174,0.026850246726919998
texas,paramedic,-0.006684489526301518,0.05238141735024349
texas,pastor,-0.01603889685017601,0.03473842077572939
texas,pharmacist,0.011417375164555321,0.09209484327664097
texas,photographer,0.017551673151037117,0.01149844017907492
texas,physician,0.03290282382274623,0.06429235418864548
texas,police,0.013354932462603109,0.0174007170640062
texas,professor,0.039921245412855244,0.013305116168923103
texas,prosecutor,0.02490130819206615,0.05248731991559691
texas,psychologist,0.0029241419994971984,0.06337680312129834
texas,realtor,0.025000150507505148,0.02151169673068154
texas,reporter,0.020657246141679964,0.062117345258785595
texas,scientist,0.011248416364768365,0.05281957800647652
texas,secretary,0.009337385907914886,-0.02022291042215163
texas,sheriff,0.0144891774233461,0.018151065541153394
texas,soldier,0.0024272239489674385,-0.019096532636003305
texas,surgeon,0.028597482989464962,0.06429235418864548
texas,teacher,0.017987087518704703,-0.01130287048929357
texas,technician,0.01921251214454789,0.01466369675773388
texas,teller,-0.011277039867367944,0.007134739970567128
texas,therapist,0.021427223556877872,0.0031769258718949978
texas,trooper,-0.012017572709373092,0.018151065541153394
texas,veterinarian,0.05269351191460314,0.15515426023151602
texas,writer,0.012217950123108112,0.04443680092147939
utah,administrator,-0.0035372296120161906,-0.020098891885784953
utah,artist,0.002429122193765787,0.09754904480740939
utah,athlete,0.03208334887039632,0.07849880719060459
utah,attorney,0.0007607729769720795,0.0432903852038716
utah,author,-0.008501404672109691,0.08746316219853334
utah,carpenter,-0.05357552244296859,0.0084870817073039
utah,chef,-0.004043992081934622,-0.06761293140405608
utah,clerk,0.009156762294071141,-0.02122380227301579
utah,coach,0.012133164335037527,0.07849880719060459
utah,consultant,-0.004303093334373287,0.06824504453643182
utah,contractor,0.004510875589893271,0.006023148418899699
utah,counselor,-0.005921396900769205,0.10013272095506132
utah,designer,0.0027887793016083684,0.08867470548747819
utah,detective,-0.04088817156441893,0.029350654139844612
utah,dispatcher,0.019710214582384533,0.08581201593777654
utah,doctor,-0.004955936587924814,0.028617817314105176
utah,driver,-0.0231532476324956,0.004388460308177203
utah,editor,0.027473946530671256,-0.020110888978223773
utah,engineer,-0.004537445351707969,0.0458187236584154
utah,executive,0.00897424221208487,0.038425465644262496
utah,farmer,0.013733606562326028,0.0495974624510267
utah,firefighter,0.003977787739883776,0.036117864520063894
utah,instructor,-0.061763604208806444,0.04111719901637245
utah,journalist,0.022509604134065775,0.07721583605658233
utah,judge,-0.014469810046428222,0.0432903852038716
utah,lawyer,0.017566659045272992,0.0432903852038716
utah,manager,0.014411481968446438,0.06747797824041046
utah,mechanic,-0.02249713521306751,0.0021460141856838
utah,miner,-0.03576217398618409,-0.013215294923039198
utah,musician,-0.007210061823669123,-0.1156604271269902
utah,nurse,0.0062849987472560764,-0.006677599612469387
utah,pastor,0.012030796429836621,-0.015562442538715804
utah,photographer,0.011115135838704271,0.06317687321613208
utah,physician,-0.008648930065253024,0.028617817314105176
utah,police,-0.03126346919608758,0.0028646539815455063
utah,professor,-0.02256683025202333,0.039779360687377474
utah,prosecutor,-0.02722205199212724,0.0432903852038716
utah,reporter,0.033292725891110875,0.07721583605658233
utah,scientist,-0.03829453480374023,0.056790812038388316
utah,secretary,0.026327949805172945,-0.020300618788183566
utah,sheriff,-0.007012392317339744,0.005298080032025199
utah,soldier,-0.00980978107322339,0.0163092959503556
utah,surgeon,-0.012074389614659453,0.028617817314105176
utah,teacher,0.01091748821261751,0.0066897838276065436
utah,technician,-0.048048474728299206,0.011286576434199003
utah,therapist,0.011454623396766173,0.02302852073490458
utah,trooper,0.006552909877731716,0.005298080032025199
utah,writer,0.01227872063252744,0.08847652900725311
vermont,administrator,0.012025951246775302,0.03866305313848284
vermont,architect,0.01784086403992624,0.0702034549107702
vermont,artist,0.041756349353757494,0.04561653621723327
vermont,athlete,0.024155970165267826,0.10655513532198702
vermont,attorney,-0.008500851604341997,0.0863601580216789
vermont,auditor,0.01797912275792002,0.010138109333474254
vermont,author,0.03628159026541056,0.09028389940368164
vermont,bartender,0.035764005934473375,-0.04451986560722787
vermont,broker,0.04362106693085155,-0.05223370202893557
vermont,caregiver,0.0004344287903681465,-0.04733630168579828
vermont,carpenter,0.01594250843856837,0.009581766265717499
vermont,chef,0.019187737517112557,0.011658348357835302
vermont,clerk,0.02525931221623079,-0.08079720593512718
vermont,coach,-0.008859027907070494,0.10655513532198702
vermont,consultant,0.03968726908457665,0.16444796056374622
vermont,contractor,0.009210121266139515,0.044346699768707705
vermont,counselor,-0.0025901714892470062,0.020993190999261224
vermont,designer,0.04602113475875347,-0.0887546995062759
vermont,detective,0.009260558339395208,0.030644322299863025
vermont,doctor,-0.005314685949550313,0.053818110174850164
vermont,driver,0.026075149877396786,-0.013777055024947402
vermont,editor,0.01793786831644617,0.10933714369339342
vermont,engineer,0.016637535519088975,-0.0275463667235704
vermont,executive,0.05439397670003998,0.1129262605496312
vermont,farmer,0.04415856411515462,-0.0346709803089677
vermont,firefighter,-0.010814675908908056,0.0503295386458957
vermont,gardener,0.05754088661106793,0.0310197555274912
vermont,inspector,0.009164116697406466,-0.061486309897132385
vermont,instructor,0.04485926707542642,-0.04661379287607881
vermont,judge,0.007520316317871867,0.0863601580216789
vermont,lawyer,-0.00409594430282878,0.0863601580216789
vermont,librarian,-0.018213912772808816,0.03591433301453606
vermont,manager,0.032072873908607136,0.03972264898951422
vermont,mechanic,0.02712136352899064,-0.0005998639036372006
vermont,musician,0.02259981107099618,0.09255054129418522
vermont,nurse,0.003918121161361698,-0.003918215365084632
vermont,painter,0.05330147943744212,0.09472823424673081
vermont,pastor,-0.012670244526884589,-0.012393311314776334
vermont,photographer,0.01834061033148837,0.16154114463881297
vermont,physician,0.014047666765098943,0.053818110174850164
vermont,police,-0.012472182183591918,0.012131654547791693
vermont,professor,0.005749633507405538,-0.06062386044476181
vermont,prosecutor,-0.003573427768609805,0.0863601580216789
vermont,psychologist,-0.01066073600846984,0.07716770206225176
vermont,scientist,0.026638572413735684,0.07380070811796191
vermont,secretary,0.009714072848757471,-0.026183318079341933
vermont,sheriff,0.009064032171821168,0.020057675049344303
vermont,surgeon,-0.005927555149689678,0.053818110174850164
vermont,teacher,0.011280269377012542,0.03909918455045114
vermont,technician,0.03716924617309425,0.08385314712586078
vermont,therapist,-0.005167382287789346,-0.11242700750659151
vermont,trooper,0.013579343864581928,0.020057675049344303
vermont,veterinarian,0.030237329635233956,0.15756731751508257
vermont,writer,0.036309366924662245,0.05972889176605922
virginia,accountant,0.02625841695822073,0.007058546432865076
virginia,administrator,-0.003231357555940506,-0.006879004441455283
virginia,architect,-0.018174520579984588,0.041382810610194276
virginia,artist,0.002445064149884324,0.03668304611980944
virginia,athlete,-0.012640973882870887,0.029741105988371208
virginia,attendant,0.004937708920405459,-0.04482225187971356
virginia,attorney,-0.009230620756486285,0.026003923776861004
virginia,author,-0.0024343382300372474,0.034424373587839785
virginia,banker,0.037034132661108665,6.22120392327341e-05
virginia,biologist,0.0006646045175677795,-0.032848605549891774
virginia,broker,0.0033235459225450237,-0.01884890965652708
virginia,caregiver,-0.06283862593978828,-0.005294304206445277
virginia,carpenter,0.009164477063363097,0.013058250037517902
virginia,chef,0.01676879773186346,0.07097488351059891
virginia,clerk,0.004142464219610842,-0.013600278955485323
virginia,coach,-0.005259631322721003,0.029741105988371208
virginia,consultant,0.0005967435023133127,0.0544872420273107
virginia,contractor,-0.0017247253779322236,0.010008685895101899
virginia,counselor,-0.03586531218814781,0.03601696781681185
virginia,custodian,-0.0008282397918739637,0.032006619201506714
virginia,dancer,0.043570100770898845,-0.16805858831550524
virginia,dentist,0.006482881170915666,0.10233123565700597
virginia,designer,0.003301034259066915,0.007769536657244558
virginia,detective,-0.028023970145719446,0.04471587721760162
virginia,dispatcher,-0.0031006992600417504,-0.0321982605351715
virginia,doctor,-0.004371794974885046,0.05842583076200131
virginia,driver,-0.005674174574548441,-0.0026114626606515146
virginia,editor,0.028652810052056332,0.021942119839832408
virginia,engineer,-0.009064352241414109,0.011997997154148399
virginia,executive,-0.010803335236484912,0.05041647051118628
virginia,farmer,0.027847364152510545,-0.0227223402525408
virginia,firefighter,0.013417136372544936,0.00551988801722271
virginia,gardener,0.008153968320361193,0.010544952021206498
virginia,inspector,-0.01224140411149155,-0.020130809109266734
virginia,instructor,0.0010223199496253166,0.021404707086833175
virginia,journalist,0.020099238861166824,0.04475486821549013
virginia,judge,-0.003729525517434551,0.026003923776861004
virginia,lawyer,-0.010702581635319008,0.026003923776861004
virginia,librarian,0.0006245307141273804,0.004279471642797517
virginia,manager,0.02070001005378863,0.04441057212197619
virginia,mechanic,-0.019724074736773733,0.0165213378035145
virginia,miner,0.04861888827202465,0.0069443757098720995
virginia,musician,0.01659918866273269,-0.034981682985388896
virginia,nurse,0.0035970573332246847,-0.016407436751449733
virginia,painter,0.014397048228729004,-0.0052367867867474105
virginia,pastor,0.010983772715670082,0.00828521334223381
virginia,photographer,-0.003239706687660937,0.08789301527366572
virginia,physician,-0.033567166032189455,0.05842583076200131
virginia,police,-0.0021230612624236755,0.0223021867972657
virginia,professor,0.0018010198330085103,0.010072203699238613
virginia,prosecutor,0.009019607789049533,0.026003923776861004
virginia,psychologist,0.038966799695214216,0.01058261658435311
virginia,realtor,0.014635871384794052,-0.030159310558482533
virginia,reporter,-0.01660470037804318,0.04475486821549013
virginia,sailor,-0.041030411912801656,-0.004939040387716892
virginia,scientist,0.0069982832562291986,0.026468427974584374
virginia,secretary,0.007547450196538685,-0.020831183056936542
virginia,sheriff,-0.003200408879761918,0.023737608233487778
virginia,soldier,-0.01753836200588821,0.0188387145329304
virginia,surgeon,-0.011491855089590053,0.05842583076200131
virginia,teacher,-0.0051274691162287445,-0.01309027153338338
virginia,technician,0.007834144361845707,-0.028124182801731124
virginia,therapist,-0.029914377718039287,-0.003692418427408972
virginia,trooper,-0.04947874786314288,0.023737608233487778
virginia,veterinarian,-0.024454234708048084,0.09716084845182571
virginia,writer,-0.012215351163471277,0.02174852294740115
washington,accountant,-0.015513566020884717,0.007786200502726048
washington,administrator,-0.014685073983787156,0.02499466169575104
washington,architect,-0.03922652018150963,0.05767457794728276
washington,artist,-0.012278184191251817,0.04966512833718628
washington,athlete,-0.0010692077264757849,-0.032202153586921634
washington,attendant,-0.000393749310739655,0.03543692226021289
washington,attorney,0.004888731543756575,0.040161794507861615
washington,auditor,0.01938532263506465,0.007786200502726048
washington,author,-0.011026938610654402,0.08227735462988661
washington,banker,0.03318068051821377,0.032744776890609506
washington,bartender,-0.031220836787324457,-0.021459402995649746
washington,biologist,-0.004003128299761682,0.0156544791740465
washington,broker,0.01541216356434627,0.043598909038125744
washington,caregiver,0.01426701665584873,-0.014306461808457072
washington,carpenter,0.008640723312632659,0.009626730525346003
washington,chef,-0.022606942512640615,0.05532050129521851
washington,clerk,0.02411216683541073,-0.015261459992927273
washington,coach,-0.016126552615257972,-0.032202153586921634
washington,consultant,0.005600152308325779,0.05014018347445959
washington,contractor,-0.016835403867454524,0.020239945144933394
washington,counselor,-0.04065193989134719,0.06462946511596435
washington,custodian,0.02208147335340105,0.017141585597876763
washington,dancer,-0.00393024166106537,-0.2780692915736066
washington,dentist,-0.006004299909602939,0.15345831230527798
washington,designer,-0.0436953704768438,0.05913742194372251
washington,detective,-0.002557301455125449,0.03358467175295182
washington,dispatcher,0.026412228813600946,-0.07922087930131982
washington,doctor,0.02363090265228618,0.06990840259600262
washington,driver,-0.026588024628631524,0.002584891796841987
washington,editor,-0.032083960430687286,0.031180652361460504
washington,engineer,-0.011189927618928897,0.028050253860191582
washington,executive,0.0072947004850252295,0.052962239999251176
washington,farmer,-0.017728953674432724,0.043336984261447886
washington,firefighter,-0.0036213174736792197,0.0165931620931958
washington,gardener,-0.014354554902560546,-0.007911657002650008
washington,inspector,-0.0073004002363110665,0.0007105513649215967
washington,instructor,-0.009511765992448962,0.021601470852079085
washington,journalist,0.0028671342383104204,0.12192158464365949
washington,judge,-0.022339648060673234,0.040161794507861615
washington,lawyer,0.009211957394012815,0.040161794507861615
washington,librarian,-0.025359412558058403,-0.0419676955866789
washington,manager,0.02071459715680768,0.034695718786906915
washington,mechanic,-0.0028614333038858852,0.0014059984737850029
washington,miner,0.012686515901659146,-0.0420312724142877
washington,musician,0.020838379409074292,0.002212409404045823
washington,nurse,0.023582769199214426,-0.01849606760230693
washington,painter,0.032699127514464355,0.01690266587395709
washington,paramedic,0.03829629201376061,0.11851407212851872
washington,pastor,0.00080378809387327,0.024774093181957918
washington,pharmacist,0.011013791499585035,-0.007663802663590791
washington,photographer,-0.015258982223443351,-0.011246243376977827
washington,physician,0.016430624359580537,0.06990840259600262
washington,police,-0.03252360027397705,-0.021265117056353408
washington,professor,-0.017709644174694228,0.03351463505330221
washington,prosecutor,-0.027489450171649055,0.040161794507861615
washington,psychologist,-0.0266924046146646,0.04471365076466405
washington,realtor,0.014008514853334098,0.03663828867757091
washington,reporter,-0.029382214160958542,0.12192158464365949
washington,sailor,0.019571120852020507,0.0509608715658148
washington,scientist,0.002809164935138053,0.026039602227529157
washington,secretary,-0.001891815548938247,-0.0214944569343144
washington,sheriff,0.010441533988873264,-0.028494349893858684
washington,soldier,-0.010009460885206711,0.02386113954662822
washington,surgeon,0.029363354210078407,0.06990840259600262
washington,teacher,-0.007178203332769639,0.012509016198561707
washington,technician,0.03512287584759832,-0.014829217492649205
washington,teller,-0.01405429242671652,-0.01091780787101626
washington,therapist,-0.023167642872787053,-0.0030492270852134906
washington,trooper,-0.00458274306828943,-0.028494349893858684
washington,veterinarian,0.0031840420878599396,0.07088093100252835
washington,writer,-0.0029800634024685912,0.07033724362705684
west_virginia,administrator,0.04304907052715112,0.028482615888569485
west_virginia,artist,-0.00019853092278410145,0.22422145886375683
west_virginia,athlete,-0.006804685964430401,-0.044688120575894386
west_virginia,attorney,0.0011206068691638205,0.10585269134855341
west_virginia,author,0.03158196284346704,0.054931890111416526
west_virginia,carpenter,-0.0176575704670785,0.0008657239152575994
west_virginia,chef,0.0043916531384594615,-0.024204956836535813
west_virginia,clerk,0.025801703057625636,-0.033893996353485334
west_virginia,coach,0.019126945135858997,-0.044688120575894386
west_virginia,consultant,0.021322872778772095,0.019845303368422718
west_virginia,contractor,-0.015188050103815298,0.026027884482601397
west_virginia,custodian,-0.0331727068867238,0.0015855420638064
west_virginia,dentist,-0.020004818767533017,-0.037921946456463795
west_virginia,detective,-0.02329315208375582,-0.007610755683979509
west_virginia,doctor,-0.003833751740217717,0.0010129808706177967
west_virginia,driver,-0.02346093131850402,0.017454320182359387
west_virginia,editor,0.005755166839366388,0.15933505294136674
west_virginia,engineer,0.019767501236131135,0.014963523196294792
west_virginia,executive,0.01961658028160207,0.037704169907872453
west_virginia,farmer,0.04108259841548978,-0.0030656289291216
west_virginia,firefighter,0.03061399850529667,0.052495283655331605
west_virginia,inspector,-0.004013878971112161,0.03275290710083928
west_virginia,instructor,-0.013670191197706405,-0.03641325072579593
west_virginia,journalist,0.0020465780576106596,0.021823134270508415
west_virginia,judge,0.0009776239700698408,0.10585269134855341
west_virginia,lawyer,0.029351746339988605,0.10585269134855341
west_virginia,manager,0.014579163748629997,0.042652419467357316
west_virginia,miner,0.04314148927330674,0.004823903466625999
west_virginia,musician,-0.027438736248536544,-0.20710311594068537
west_virginia,nurse,0.028535096122585313,-0.01115733460686974
west_virginia,painter,0.001029615651425675,-0.021813075118086694
west_virginia,pastor,0.01320031489185336,-0.008668593201282299
west_virginia,photographer,0.021426572212109085,0.15279119699409555
west_virginia,physician,0.010796163116667534,0.0010129808706177967
west_virginia,police,-0.02020496655248971,-0.01251785924021031
west_virginia,professor,0.017729508315750375,-0.003366064409122904
west_virginia,prosecutor,0.01660250364853444,0.10585269134855341
west_virginia,reporter,-0.0058538446285787415,0.021823134270508415
west_virginia,secretary,0.004371189116826768,-0.02547223587820302
west_virginia,sheriff,-0.000731860306504295,-0.021015937664514303
west_virginia,soldier,0.03758669528075331,0.054178734910977494
west_virginia,teacher,-0.011169506137153506,-0.0022821955590619503
west_virginia,technician,-0.039575692822399366,0.02129240000691579
west_virginia,trooper,0.0020236210114686903,-0.021015937664514303
west_virginia,writer,0.025486573921093103,-0.004856728186867887
wisconsin,accountant,-0.005245911318599639,-0.02070492550068892
wisconsin,administrator,0.014166245063641725,0.025557941655860672
wisconsin,architect,-0.0010266360609503256,0.0007957511753272084
wisconsin,artist,0.040156351675088464,0.009690205230776239
wisconsin,athlete,0.0028371940976980037,0.03665932846096093
wisconsin,attendant,-0.03148211984888882,-0.015253478767644268
wisconsin,attorney,0.0030848969591824593,0.07622519897930041
wisconsin,author,0.04536180527608069,0.05022653724261694
wisconsin,banker,0.0512265621612471,0.035761391625007355
wisconsin,bartender,-0.006495946087332727,0.015328321835463066
wisconsin,biologist,0.007477552852070302,-0.011754594729659174
wisconsin,carpenter,-0.006079851736425224,-0.0010763972635926024
wisconsin,chef,0.03838051438960055,0.0350227528003379
wisconsin,clergy,0.004347924579127693,0.058892982623118706
wisconsin,clerk,0.016332704171986734,0.015926773121154314
wisconsin,coach,0.0175142078068542,0.03665932846096093
wisconsin,consultant,-0.003153063807044054,-0.0005876663217037059
wisconsin,contractor,-0.003620429797279945,0.010129610451000998
wisconsin,counselor,0.014091469228649012,0.08101319952333585
wisconsin,dentist,0.008620671556351156,0.09660556748651028
wisconsin,designer,0.0027578117556887882,0.044596330871986
wisconsin,detective,0.02376720276320321,0.10317054776202023
wisconsin,dispatcher,0.037231782097834176,-0.028948693100872114
wisconsin,doctor,0.01839849306106689,0.05835235874650169
wisconsin,driver,0.03018419312697551,0.008058245069373998
wisconsin,editor,0.014494771527669092,-0.13579029190163566
wisconsin,engineer,0.01634829013132011,0.03138686328054109
wisconsin,executive,0.05671264485897354,0.0531208550550282
wisconsin,farmer,0.006079366864301106,-0.016880232306798693
wisconsin,firefighter,0.04298414275567641,0.031922005920876
wisconsin,inspector,0.02477030393333024,0.019051990464788005
wisconsin,instructor,0.03950060129220001,-0.012897859280087354
wisconsin,journalist,0.01942100082353626,0.10255314471000737
wisconsin,judge,0.028948895716385148,0.07622519897930041
wisconsin,lawyer,0.01224946754476175,0.07622519897930041
wisconsin,librarian,0.03361231047429758,-0.007304842133984746
wisconsin,manager,0.010574671355062515,0.05448224032958643
wisconsin,mechanic,-0.011397069030016138,0.0045973419176847
wisconsin,musician,0.018915675300256618,0.07860145975538718
wisconsin,nurse,0.02622404368356146,-0.005182431017014544
wisconsin,painter,0.06481104632416101,-0.026393418475489705
wisconsin,paramedic,0.03414892084879484,0.0713654533476466
wisconsin,pastor,0.023015039700749917,0.058892982623118706
wisconsin,photographer,0.023387249798934917,0.08797386657080958
wisconsin,physician,0.020282477932086707,0.05835235874650169
wisconsin,police,-0.008560937130267954,-0.00783944964681399
wisconsin,professor,0.026035784178538912,-0.01650129859893118
wisconsin,prosecutor,-0.002168602350023141,0.07622519897930041
wisconsin,psychologist,-0.001421895159498976,0.08731709793098053
wisconsin,reporter,0.010538608165700625,0.10255314471000737
wisconsin,scientist,-0.005469356739949749,0.0879081797425369
wisconsin,secretary,0.01693666592960863,-0.01242640035401632
wisconsin,sheriff,0.009838285373291678,-0.011780706790322115
wisconsin,soldier,0.005071149557969279,0.1240246427173297
wisconsin,surgeon,0.02703329359592288,0.05835235874650169
wisconsin,teacher,0.008695546392465281,0.0016372961658247531
wisconsin,technician,0.021870157715711214,-0.047834150164337785
wisconsin,therapist,0.016706724284494268,-0.02774920341722109
wisconsin,trooper,0.019544751264760962,-0.011780706790322115
wisconsin,veterinarian,-0.0021271914570594186,0.09705935504243113
wisconsin,writer,0.04378825159976463,0.05172092616584234
wyoming,administrator,0.008904419154054155,-0.018628792527845883
wyoming,artist,0.017225854979887156,-0.0524139711951791
wyoming,athlete,-0.0032153199765043716,0.005191211106380822
wyoming,attorney,0.022192885473643398,0.023417645116985686
wyoming,author,0.028836376568008304,-0.3148190979493104
wyoming,biologist,-0.0001108679374843824,-0.15708910950350638
wyoming,carpenter,0.012625354772552999,-0.056746536496960896
wyoming,clerk,0.020581777564841697,-0.04191381672667782
wyoming,coach,0.012663563226525731,0.005191211106380822
wyoming,contractor,0.016756749993795395,0.022891296959912603
wyoming,counselor,0.0025880651351213313,0.011930138110423871
wyoming,detective,-0.007723617231160107,0.20312065855133252
wyoming,doctor,-0.008951099064691603,0.008580923808125696
wyoming,driver,-0.02493896270024898,-0.02388200802448112
wyoming,engineer,-0.024719588007925175,0.008637999892930001
wyoming,executive,0.021509212100379926,0.04297363790342573
wyoming,farmer,0.02769223385432562,-0.016320611846705607
wyoming,firefighter,-0.01588615117960468,0.0218096323773206
wyoming,instructor,0.001320537379039921,-0.03144552951357249
wyoming,judge,0.0028829902293929788,0.023417645116985686
wyoming,lawyer,0.013585655980444478,0.023417645116985686
wyoming,manager,0.04211591087010502,0.04558546457599849
wyoming,mechanic,0.0004878055668904313,0.0199779950729467
wyoming,nurse,-0.022455167389026642,-0.038162205848070174
wyoming,pastor,0.011135877094371582,-0.057812680173385506
wyoming,physician,0.014715131733122222,0.008580923808125696
wyoming,police,-0.026846784804161805,-0.038923982136668894
wyoming,professor,0.004997793129243089,-0.1073785175455661
wyoming,prosecutor,-0.01110591954542206,0.023417645116985686
wyoming,reporter,-0.027168467977418564,0.05828619862668266
wyoming,secretary,-0.023927359471442422,-0.01100417098969797
wyoming,sheriff,0.010583430040613684,-0.058016887170781184
wyoming,soldier,0.007618428798317645,-0.10861673111140852
wyoming,teacher,0.02167580737683239,-0.03715608192116915
wyoming,trooper,-0.030664443290836063,-0.058016887170781184
wyoming,veterinarian,0.03012169688263633,0.3388117328415836
wyoming,writer,0.0010481831651601992,-0.3157394690411156
